RecordType,Survey,Country,Institute,Campaign,SurveyPeriod,Ship,Gear,GearDeployment,MeshSize,MeshType,CodendMesh,StationNumber,HaulID,ELHaulFlag,NationalHaulID,Day,Month,Year,Hour,Minute,StartLatitude,StartLongitude,HaulDurationMinutes,HaulDurationSeconds,Distance,WireAngle,WireLength,Netopening,NetopeningArea,FlowEfficiency,NetClogging,FlowmeterType,FlowmeterBrand,FlowIntRevs,FlowIntCalibr,FlowExtRevs,FlowExtCalibr,VolumeFiltInt,ELVolFlag,DepthUpper,DepthLower,DepthBottom,SurTemp,Temp20m,Temp50m,Temp100m,BotTemp,SurSal,Sal20m,BotSal,statrec,Notes
EH,MIK,DE,1570,2020,,26D4,MRN2,,,MonFilP,,,2020DE_001,,,10,1,2020,7,33,55.315,8.063,10,0,578,,,,3.1416,,,,HydroBios,2955,3,,,,,,11,17,,,,,,,,,,
EH,MIK,DE,1570,2020,,26D4,MRN2,,,MonFilP,,,2020DE_002,,,10,1,2020,17,20,55.627,7.195,15,10,1168,,,,3.1416,,,,HydroBios,6657,3,,,,,,28,30,,,,,,,,,,
EH,MIK,DE,1570,2020,,26D4,MRN2,,,MonFilP,,,2020DE_003,,,10,1,2020,18,36,55.777,7.167,14,30,931,,,,3.1416,,,,HydroBios,3984,3,,,,,,28,30,,,,,,,,,,
EH,MIK,DE,1570,2020,,26D4,MRN2,,,MonFilP,,,2020DE_004,,,10,1,2020,20,12,55.767,6.836,15,0,1176,,,,3.1416,,,,HydroBios,4562,3,,,,,,28,35,,,,,,,,,,
EH,MIK,DE,1570,2020,,26D4,MRN2,,,MonFilP,,,2020DE_005,,,10,1,2020,21,36,55.592,6.835,14,2,980,,,,3.1416,,,,HydroBios,4394,3,,,,,,28,34,,,,,,,,,,
EH,MIK,DE,1570,2020,,26D4,MRN2,,,MonFilP,,,2020DE_006,,,10,1,2020,23,14,55.416,6.533,16,0,1328,,,,3.1416,,,,HydroBios,5323,3,,,,,,33,39,,,,,,,,,,
EH,MIK,DE,1570,2020,,26D4,MRN2,,,MonFilP,,,2020DE_007,,,11,1,2020,0,34,55.38,6.83,11,0,947,,,,3.1416,,,,HydroBios,4107,3,,,,,,21,26,,,,,,,,,,
EH,MIK,DE,1570,2020,,26D4,MRN2,,,MonFilP,,,2020DE_008,,,11,1,2020,1,52,55.379,7.182,11,0,1016,,,,3.1416,,,,HydroBios,4060,3,,,,,,22,29,,,,,,,,,,
EH,MIK,DE,1570,2020,,26D4,MRN2,,,MonFilP,,,2020DE_009,,,11,1,2020,3,22,55.324,7.501,10,0,1018,,,,3.1416,,,,HydroBios,4158,3,,,,,,19,25,,,,,,,,,,
EH,MIK,DE,1570,2020,,26D4,MRN2,,,MonFilP,,,2020DE_010,,,12,1,2020,17,43,54.784,7.261,10,0,748,,,,3.1416,,,,HydroBios,3296,3,,,,,,21,26,,,,,,,,,,
EH,MIK,DE,1570,2020,,26D4,MRN2,,,MonFilP,,,2020DE_011,,,12,1,2020,21,12,54.588,8.148,9,0,544,,,,3.1416,,,,HydroBios,2584,3,,,,,,10,14,,,,,,,,,,
EH,MIK,DE,1570,2020,,26D4,MRN2,,,MonFilP,,,2020DE_012,,,13,1,2020,0,33,54.86,8.152,20,0,956,,,,3.1416,,,,HydroBios,2993,3,,,,,,10,15,,,,,,,,,,
EH,MIK,DE,1570,2020,,26D4,MRN2,,,MonFilP,,,2020DE_013,,,13,1,2020,2,0,54.884,7.824,8,0,652,,,,3.1416,,,,HydroBios,2789,3,,,,,,16,20,,,,,,,,,,
EH,MIK,DE,1570,2020,,26D4,MRN2,,,MonFilP,,,2020DE_014,,,13,1,2020,5,13,54.876,6.854,10,0,1055,,,,3.1416,,,,HydroBios,3358,3,,,,,,30,35,,,,,,,,,,
EH,MIK,DE,1570,2020,,26D4,MRN2,,,MonFilP,,,2020DE_015,,,13,1,2020,6,23,54.908,6.554,17,0,1821,,,,3.1416,,,,HydroBios,6119,3,,,,,,37,42,,,,,,,,,,
EH,MIK,DE,1570,2020,,26D4,MRN2,,,MonFilP,,,2020DE_061,,,15,1,2020,16,20,57.654,5.204,30,0,2709,,,,3.1416,,,,HydroBios,9807,3,,,,,,91,97,,,,,,,,,,
EH,MIK,DE,1570,2020,,26D4,MRN2,,,MonFilP,,,2020DE_016,,,16,1,2020,17,22,55.89,4.448,17,9,1630,,,,3.1416,,,,HydroBios,6567,3,,,,,,38,43,,,,,,,,,,
EH,MIK,DE,1570,2020,,26D4,MRN2,,,MonFilP,,,2020DE_017,,,16,1,2020,18,56,55.815,4.723,15,30,1298,,,,3.1416,,,,HydroBios,5333,3,,,,,,32,39,,,,,,,,,,
EH,MIK,DE,1570,2020,,26D4,MRN2,,,MonFilP,,,2020DE_018,,,16,1,2020,23,9,55.415,5.379,14,10,980,,,,3.1416,,,,HydroBios,3879,3,,,,,,40,46,,,,,,,,,,
EH,MIK,DE,1570,2020,,26D4,MRN2,,,MonFilP,,,2020DE_021,,,17,1,2020,0,0,55.818,5.744,18,0,1968,,,,3.1416,,,,HydroBios,4911,3,,,,,,42,50,,,,,,,,,,
EH,MIK,DE,1570,2020,,26D4,MRN2,,,MonFilP,,,2020DE_019,,,17,1,2020,0,47,55.415,5.713,13,0,1296,,,,3.1416,,,,HydroBios,5030,3,,,,,,43,50,,,,,,,,,,
EH,MIK,DE,1570,2020,,26D4,MRN2,,,MonFilP,,,2020DE_020,,,17,1,2020,2,20,55.605,5.721,18,0,1957,,,,3.1416,,,,HydroBios,6292,3,,,,,,44,52,,,,,,,,,,
EH,MIK,DE,1570,2020,,26D4,MRN2,,,MonFilP,,,2020DE_022,,,17,1,2020,5,41,56.085,5.756,20,0,2352,,,,3.1416,,,,HydroBios,6951,3,,,,,,45,52,,,,,,,,,,
EH,MIK,DE,1570,2020,,26D4,MRN2,,,MonFilP,,,2020DE_023,,,17,1,2020,16,1,56.082,7.208,10,20,864,,,,3.1416,,,,HydroBios,3343,3,,,,,,22,27,,,,,,,,,,
EH,MIK,DE,1570,2020,,26D4,MRN2,,,MonFilP,,,2020DE_024,,,17,1,2020,17,15,56.244,7.203,14,0,1465,,,,3.1416,,,,HydroBios,5418,3,,,,,,27,32,,,,,,,,,,
EH,MIK,DE,1570,2020,,26D4,MRN2,,,MonFilP,,,2020DE_025,,,17,1,2020,18,55,56.251,6.843,13,0,1781,,,,3.1416,,,,HydroBios,5577,3,,,,,,33,38,,,,,,,,,,
EH,MIK,DE,1570,2020,,26D4,MRN2,,,MonFilP,,,2020DE_026,,,17,1,2020,21,3,56.255,6.241,13,30,1275,,,,3.1416,,,,HydroBios,4398,3,,,,,,38,43,,,,,,,,,,
EH,MIK,DE,1570,2020,,26D4,MRN2,,,MonFilP,,,2020DE_027,,,17,1,2020,23,34,56.254,5.492,20,0,1982,,,,3.1416,,,,HydroBios,6710,3,,,,,,52,58,,,,,,,,,,
EH,MIK,DE,1570,2020,,26D4,MRN2,,,MonFilP,,,2020DE_028,,,18,1,2020,2,18,56.254,4.746,18,0,1460,,,,3.1416,,,,HydroBios,5857,3,,,,,,52,62,,,,,,,,,,
EH,MIK,DE,1570,2020,,26D4,MRN2,,,MonFilP,,,2020DE_029,,,18,1,2020,3,45,56.09,4.743,13,0,1200,,,,3.1416,,,,HydroBios,4487,3,,,,,,47,55,,,,,,,,,,
EH,MIK,DE,1570,2020,,26D4,MRN2,,,MonFilP,,,2020DE_030,,,18,1,2020,16,13,54.408,6.193,16,20,1715,,,,3.1416,,,,HydroBios,5356,3,,,,,,36,41,,,,,,,,,,
EH,MIK,DE,1570,2020,,26D4,MRN2,,,MonFilP,,,2020DE_031,,,18,1,2020,17,22,54.32,6.416,17,10,1718,,,,3.1416,,,,HydroBios,5838,3,,,,,,33,39,,,,,,,,,,
EH,MIK,DE,1570,2020,,26D4,MRN2,,,MonFilP,,,2020DE_032,,,18,1,2020,21,25,54.331,7.147,15,0,1252,,,,3.1416,,,,HydroBios,5330,3,,,,,,35,41,,,,,,,,,,
EH,MIK,DE,1570,2020,,26D4,MRN2,,,MonFilP,,,2020DE_033,,,19,1,2020,0,4,54.293,7.843,12,0,1143,,,,3.1416,,,,HydroBios,3870,3,,,,,,15,22,,,,,,,,,,
EH,MIK,DE,1570,2020,,26D4,MRN2,,,MonFilP,,,2020DE_034,,,19,1,2020,1,28,54.233,8.189,10,0,1038,,,,3.1416,,,,HydroBios,3106,3,,,,,,8,15,,,,,,,,,,
EH,MIK,DE,1570,2020,,26D4,MRN2,,,MonFilP,,,2020DE_035,,,19,1,2020,2,58,54.413,8.169,14,0,1814,,,,3.1416,,,,HydroBios,5582,3,,,,,,13,19,,,,,,,,,,
EH,MIK,DE,1570,2020,,26D4,MRN2,,,MonFilP,,,2020DE_036,,,19,1,2020,17,0,53.944,7.896,11,20,1438,,,,3.1416,,,,HydroBios,3976,3,,,,,,21,27,,,,,,,,,,
EH,MIK,DE,1570,2020,,26D4,MRN2,,,MonFilP,,,2020DE_037,,,19,1,2020,20,17,53.954,7.161,11,40,1328,,,,3.1416,,,,HydroBios,3742,3,,,,,,20,27,,,,,,,,,,
EH,MIK,DE,1570,2020,,26D4,MRN2,,,MonFilP,,,2020DE_038,,,19,1,2020,23,2,53.899,6.775,10,0,1091,,,,3.1416,,,,HydroBios,2819,3,,,,,,18,23,,,,,,,,,,
EH,MIK,DE,1570,2020,,26D4,MRN2,,,MonFilP,,,2020DE_039,,,20,1,2020,0,31,53.864,6.482,9,35,770,,,,3.1416,,,,HydroBios,2619,3,,,,,,21,25,,,,,,,,,,
EH,MIK,DE,1570,2020,,26D4,MRN2,,,MonFilP,,,2020DE_040,,,20,1,2020,17,7,54.688,5.601,17,0,1487,,,,3.1416,,,,HydroBios,6162,3,,,,,,38,43,,,,,,,,,,
EH,MIK,DE,1570,2020,,26D4,MRN2,,,MonFilP,,,2020DE_041,,,20,1,2020,18,55,54.862,5.285,15,0,1025,,,,3.1416,,,,HydroBios,3673,3,,,,,,37,41,,,,,,,,,,
EH,MIK,DE,1570,2020,,26D4,MRN2,,,MonFilP,,,2020DE_042,,,21,1,2020,16,20,55.9,3.294,22,0,1585,,,,3.1416,,,,HydroBios,5775,3,,,,,,65,70,,,,,,,,,,
EH,MIK,DE,1570,2020,,26D4,MRN2,,,MonFilP,,,2020DE_043,,,21,1,2020,17,58,55.911,3.658,19,57,2017,,,,3.1416,,,,HydroBios,6603,3,,,,,,52,58,,,,,,,,,,
EH,MIK,DE,1570,2020,,26D4,MRN2,,,MonFilP,,,2020DE_044,,,21,1,2020,19,41,56.101,3.512,25,28,2571,,,,3.1416,,,,HydroBios,8868,3,,,,,,62,68,,,,,,,,,,
EH,MIK,DE,1570,2020,,26D4,MRN2,,,MonFilP,,,2020DE_045,,,21,1,2020,21,0,56.189,3.773,25,52,2353,,,,3.1416,,,,HydroBios,8535,3,,,,,,66,71,,,,,,,,,,
EH,MIK,DE,1570,2020,,26D4,MRN2,,,MonFilP,,,2020DE_046,,,21,1,2020,22,22,56.354,3.847,21,0,2037,,,,3.1416,,,,HydroBios,6598,3,,,,,,60,65,,,,,,,,,,
EH,MIK,DE,1570,2020,,26D4,MRN2,,,MonFilP,,,2020DE_047,,,21,1,2020,23,54,56.418,3.5,21,0,2755,,,,3.1416,,,,HydroBios,6527,3,,,,,,61,68,,,,,,,,,,
EH,MIK,DE,1570,2020,,26D4,MRN2,,,MonFilP,,,2020DE_048,,,22,1,2020,1,26,56.59,3.512,23,29,2101,,,,3.1416,,,,HydroBios,7706,3,,,,,,61,67,,,,,,,,,,
EH,MIK,DE,1570,2020,,26D4,MRN2,,,MonFilP,,,2020DE_049,,,22,1,2020,2,47,56.594,3.834,22,0,2052,,,,3.1416,,,,HydroBios,6629,3,,,,,,63,71,,,,,,,,,,
EH,MIK,DE,1570,2020,,26D4,MRN2,,,MonFilP,,,2020DE_050,,,22,1,2020,4,11,56.771,3.832,16,0,1277,,,,3.1416,,,,HydroBios,4907,3,,,,,,50,56,,,,,,,,,,
EH,MIK,DE,1570,2020,,26D4,MRN2,,,MonFilP,,,2020DE_051,,,22,1,2020,5,30,56.773,3.528,20,0,1675,,,,3.1416,,,,HydroBios,6038,3,,,,,,58,63,,,,,,,,,,
EH,MIK,DE,1570,2020,,26D4,MRN2,,,MonFilP,,,2020DE_052,,,22,1,2020,16,46,57.213,2.693,28,0,2971,,,,3.1416,,,,HydroBios,9210,3,,,,,,72,79,,,,,,,,,,
EH,MIK,DE,1570,2020,,26D4,MRN2,,,MonFilP,,,2020DE_053,,,22,1,2020,19,10,57.582,3.159,23,7,2596,,,,3.1416,,,,HydroBios,8109,3,,,,,,59,64,,,,,,,,,,
EH,MIK,DE,1570,2020,,26D4,MRN2,,,MonFilP,,,2020DE_054,,,22,1,2020,20,28,57.584,3.473,22,41,2093,,,,3.1416,,,,HydroBios,7541,3,,,,,,64,71,,,,,,,,,,
EH,MIK,DE,1570,2020,,26D4,MRN2,,,MonFilP,,,2020DE_055,,,22,1,2020,22,12,57.398,3.158,22,23,2463,,,,3.1416,,,,HydroBios,7173,3,,,,,,55,62,,,,,,,,,,
EH,MIK,DE,1570,2020,,26D4,MRN2,,,MonFilP,,,2020DE_056,,,23,1,2020,0,10,57.092,3.164,24,0,2557,,,,3.1416,,,,HydroBios,7984,3,,,,,,59,67,,,,,,,,,,
EH,MIK,DE,1570,2020,,26D4,MRN2,,,MonFilP,,,2020DE_057,,,23,1,2020,1,57,56.911,2.819,25,0,2473,,,,3.1416,,,,HydroBios,8354,3,,,,,,63,71,,,,,,,,,,
EH,MIK,DE,1570,2020,,26D4,MRN2,,,MonFilP,,,2020DE_058,,,23,1,2020,3,17,56.909,2.516,25,0,2167,,,,3.1416,,,,HydroBios,8355,3,,,,,,65,72,,,,,,,,,,
EH,MIK,DE,1570,2020,,26D4,MRN2,,,MonFilP,,,2020DE_059,,,23,1,2020,4,44,57.077,2.509,28,0,3222,,,,3.1416,,,,HydroBios,9527,3,,,,,,68,74,,,,,,,,,,
EH,MIK,DE,1570,2020,,26D4,MRN2,,,MonFilP,,,2020DE_060,,,25,1,2020,6,11,57.716,5.99,30,0,3259,,,,3.1416,,,,HydroBios,11125,3,,,,,,100,154,,,,,,,,,,
EH,MIK,DE,1570,2020,,26D4,MRN2,,,MonFilP,,,2020DE_062,,,25,1,2020,19,5,57.815,4.913,31,5,3213,,,,3.1416,,,,HydroBios,9781,3,,,,,,94,101,,,,,,,,,,
EH,MIK,DE,1570,2020,,26D4,MRN2,,,MonFilP,,,2020DE_064,,,25,1,2020,23,20,58.083,4.469,31,0,3068,,,,3.1416,,,,HydroBios,9681,3,,,,,,100,118,,,,,,,,,,
EH,MIK,DE,1570,2020,,26D4,MRN2,,,MonFilP,,,2020DE_065,,,26,1,2020,1,27,58.087,4.16,28,0,2606,,,,3.1416,,,,HydroBios,9561,3,,,,,,82,89,,,,,,,,,,
EH,MIK,DE,1570,2020,,26D4,MRN2,,,MonFilP,,,2020DE_066,,,26,1,2020,4,50,58.078,3.814,33,0,3185,,,,3.1416,,,,HydroBios,11673,3,,,,,,85,91,,,,,,,,,,
EH,MIK,DE,1570,2020,,26D4,MRN2,,,MonFilP,,,2020DE_067,,,26,1,2020,5,9,58.248,3.823,36,0,3820,,,,3.1416,,,,HydroBios,12810,3,,,,,,100,118,,,,,,,,,,
EH,MIK,DE,1570,2020,,26D4,MRN2,,,MonFilP,,,2020DE_068,,,26,1,2020,16,30,58.586,3.165,35,2,3931,,,,3.1416,,,,HydroBios,12402,3,,,,,,100,120,,,,,,,,,,
EH,MIK,DE,1570,2020,,26D4,MRN2,,,MonFilP,,,2020DE_069,,,26,1,2020,18,23,58.585,3.165,37,2,4042,,,,3.1416,,,,HydroBios,13592,3,,,,,,98,103,,,,,,,,,,
EH,MIK,DE,1570,2020,,26D4,MRN2,,,MonFilP,,,2020DE_070,,,27,1,2020,2,52,58.412,2.162,27,0,2935,,,,3.1416,,,,HydroBios,9011,3,,,,,,82,87,,,,,,,,,,
EH,MIK,DE,1570,2020,,26D4,MRN2,,,MonFilP,,,2020DE_071,,,27,1,2020,4,21,58.289,1.862,31,0,2500,,,,3.1416,,,,HydroBios,9097,3,,,,,,77,83,,,,,,,,,,
EH,MIK,DE,1570,2020,,26D4,MRN2,,,MonFilP,,,2020DE_072,,,27,1,2020,5,51,58.246,2.165,27,0,2740,,,,3.1416,,,,HydroBios,9009,3,,,,,,73,78,,,,,,,,,,
EH,MIK,DE,1570,2020,,26D4,MRN2,,,MonFilP,,,2020DE_073,,,28,1,2020,0,22,58.841,2.174,37,0,3400,,,,3.1416,,,,HydroBios,12429,3,,,,,,100,109,,,,,,,,,,
EH,MIK,DE,1570,2020,,26D4,MRN2,,,MonFilP,,,2020DE_082,,,28,1,2020,0,23,60.082,3.18,34,0,3225,,,,3.1416,,,,HydroBios,10095,3,,,,,,100,260,,,,,,,,,,
EH,MIK,DE,1570,2020,,26D4,MRN2,,,MonFilP,,,2020DE_074,,,28,1,2020,2,15,58.926,2.522,35,0,2895,,,,3.1416,,,,HydroBios,10220,3,,,,,,98,119,,,,,,,,,,
EH,MIK,DE,1570,2020,,26D4,MRN2,,,MonFilP,,,2020DE_075,,,28,1,2020,3,35,59.084,2.585,38,0,3571,,,,3.1416,,,,HydroBios,11650,3,,,,,,100,129,,,,,,,,,,
EH,MIK,DE,1570,2020,,26D4,MRN2,,,MonFilP,,,2020DE_076,,,28,1,2020,6,2,59.304,3.129,34,0,3809,,,,3.1416,,,,HydroBios,10000,3,,,,,,100,139,,,,,,,,,,
EH,MIK,DE,1570,2020,,26D4,MRN2,,,MonFilP,,,2020DE_077,,,28,1,2020,16,28,59.75,2.825,37,14,3461,,,,3.1416,,,,HydroBios,11239,3,,,,,,100,116,,,,,,,,,,
EH,MIK,DE,1570,2020,,26D4,MRN2,,,MonFilP,,,2020DE_078,,,28,1,2020,17,55,59.917,2.812,36,10,3399,,,,3.1416,,,,HydroBios,11204,3,,,,,,100,112,,,,,,,,,,
EH,MIK,DE,1570,2020,,26D4,MRN2,,,MonFilP,,,2020DE_079,,,28,1,2020,19,28,59.918,3.17,35,34,3464,,,,3.1416,,,,HydroBios,11286,3,,,,,,100,154,,,,,,,,,,
EH,MIK,DE,1570,2020,,26D4,MRN2,,,MonFilP,,,2020DE_080,,,28,1,2020,20,50,59.915,3.498,36,37,3704,,,,3.1416,,,,HydroBios,11435,3,,,,,,100,250,,,,,,,,,,
EH,MIK,DE,1570,2020,,26D4,MRN2,,,MonFilP,,,2020DE_081,,,28,1,2020,22,19,60.081,3.52,36,0,3387,,,,3.1416,,,,HydroBios,8209,3,,,,,,100,200,,,,,,,,,,
EH,MIK,DE,1570,2020,,26D4,MRN2,,,MonFilP,,,2020DE_083,,,29,1,2020,1,12,60.083,2.827,35,0,3412,,,,3.1416,,,,HydroBios,10397,3,,,,,,100,111,,,,,,,,,,
EH,MIK,DE,1570,2020,,26D4,MRN2,,,MonFilP,,,2020DE_084,,,29,1,2020,2,38,60.087,2.488,34,0,3452,,,,3.1416,,,,HydroBios,10511,3,,,,,,100,114,,,,,,,,,,
EH,MIK,DE,1570,2020,,26D4,MRN2,,,MonFilP,,,2020DE_085,,,29,1,2020,16,28,59.398,3.104,32,0,2980,,,,3.1416,,,,HydroBios,8741,3,,,,,,100,134,,,,,,,,,,
EH,MIK,DE,1570,2020,,26D4,MRN2,,,MonFilP,,,2020DE_086,,,29,1,2020,20,11,59.086,2.17,36,54,3624,,,,3.1416,,,,HydroBios,10796,3,,,,,,100,112,,,,,,,,,,
EH,MIK,DE,1570,2020,,26D4,MRN2,,,MonFilP,,,2020DE_087,,,29,1,2020,22,47,58.908,1.814,37,0,3702,,,,3.1416,,,,HydroBios,11320,3,,,,,,100,110,,,,,,,,,,
EH,MIK,DE,1570,2020,,26D4,MRN2,,,MonFilP,,,2020DE_088,,,30,1,2020,1,20,58.606,1.832,36,0,3272,,,,3.1416,,,,HydroBios,10427,3,,,,,,100,108,,,,,,,,,,
EH,MIK,DE,1570,2020,,26D4,MRN2,,,MonFilP,,,2020DE_089,,,30,1,2020,3,26,58.353,1.823,30,0,3324,,,,3.1416,,,,HydroBios,9324,3,,,,,,84,93,,,,,,,,,,
EH,MIK,DE,1570,2020,,26D4,MRN2,,,MonFilP,,,2020DE_090,,,30,1,2020,6,35,57.91,2.356,36,0,2353,,,,3.1416,,,,HydroBios,7892,3,,,,,,69,76,,,,,,,,,,
EH,MIK,DE,1570,2020,,26D4,MRN2,,,MonFilP,,,2020DE_091,,,2,2,2020,5,23,56.688,4,20,0,1963,,,,3.1416,,,,HydroBios,5699,3,,,,,,46,51,,,,,,,,,,
EH,MIK,DE,1570,2020,,26D4,MRN2,,,MonFilP,,,2020DE_092,,,2,2,2020,6,39,56.591,4.238,37,0,2458,,,,3.1416,,,,HydroBios,8661,3,,,,,,60,66,,,,,,,,,,
EH,MIK,DE,1570,2020,,26D4,MRN2,,,MonFilP,,,2020DE_093,,,2,2,2020,16,47,57.298,3.163,21,17,1794,,,,3.1416,,,,HydroBios,6236,3,,,,,,60,66,,,,,,,,,,
EH,MIK,DE,1570,2020,,26D4,MRN2,,,MonFilP,,,2020DE_094,,,2,2,2020,18,4,57.354,2.842,24,59,2388,,,,3.1416,,,,HydroBios,5024,3,,,,,,65,70,,,,,,,,,,
EH,MIK,DE,1570,2020,,26D4,MRN2,,,MonFilP,,,2020DE_095,,,2,2,2020,19,33,57.414,2.483,30,17,2837,,,,3.1416,,,,HydroBios,8976,3,,,,,,74,80,,,,,,,,,,
EH,MIK,DE,1570,2020,,26D4,MRN2,,,MonFilP,,,2020DE_096,,,2,2,2020,20,54,57.571,2.468,27,13,2700,,,,3.1416,,,,HydroBios,8036,3,,,,,,74,78,,,,,,,,,,
EH,MIK,DE,1570,2020,,26D4,MRN2,,,MonFilP,,,2020DE_097,,,2,2,2020,22,18,57.716,2.659,22,31,1897,,,,3.1416,,,,HydroBios,6448,3,,,,,,63,70,,,,,,,,,,
EH,MIK,DE,1570,2020,,26D4,MRN2,,,MonFilP,,,2020DE_098,,,2,2,2020,23,38,57.578,2.822,20,33,2294,,,,3.1416,,,,HydroBios,6156,3,,,,,,61,66,,,,,,,,,,
EH,MIK,DE,1570,2020,,26D4,MRN2,,,MonFilP,,,2020DE_099,,,3,2,2020,1,28,57.421,3.251,21,0,2091,,,,3.1416,,,,HydroBios,6451,3,,,,,,56,62,,,,,,,,,,
EH,MIK,DE,1570,2020,,26D4,MRN2,,,MonFilP,,,2020DE_100,,,3,2,2020,4,21,57.413,4.146,23,0,2085,,,,3.1416,,,,HydroBios,6767,3,,,,,,67,72,,,,,,,,,,
EH,MIK,DE,1570,2020,,26D4,MRN2,,,MonFilP,,,2020DE_101,,,3,2,2020,5,44,57.269,4.371,20,0,1907,,,,3.1416,,,,HydroBios,6301,3,,,,,,55,62,,,,,,,,,,
EH,MIK,DE,1570,2020,,26D4,MRN2,,,MonFilP,,,2020DE_102,,,3,2,2020,16,42,57.343,5.679,30,0,3231,,,,3.1416,,,,HydroBios,9429,3,,,,,,72,77,,,,,,,,,,
EH,MIK,DE,1570,2020,,26D4,MRN2,,,MonFilP,,,2020DE_103,,,3,2,2020,18,16,57.464,5.842,29,0,2393,,,,3.1416,,,,HydroBios,9109,3,,,,,,80,88,,,,,,,,,,
EH,MIK,DE,1570,2020,,26D4,MRN2,,,MonFilP,,,2020DE_104,,,3,2,2020,20,19,57.416,6.285,23,31,2247,,,,3.1416,,,,HydroBios,5652,3,,,,,,80,84,,,,,,,,,,
EH,MIK,DE,1570,2020,,26D4,MRN2,,,MonFilP,,,2020DE_105,,,4,2,2020,3,22,57.073,6.409,20,0,1647,,,,3.1416,,,,HydroBios,6756,3,,,,,,39,53,,,,,,,,,,
EH,MIK,DE,1570,2020,,26D4,MRN2,,,MonFilP,,,2020DE_106,,,4,2,2020,4,50,57.047,6.713,21,0,2310,,,,3.1416,,,,HydroBios,6808,3,,,,,,43,55,,,,,,,,,,
EH,MIK,DE,1570,2020,,26D4,MRN2,,,MonFilP,,,2020DE_107,,,4,2,2020,17,10,56.622,5.776,20,26,1965,,,,3.1416,,,,HydroBios,7115,3,,,,,,50,56,,,,,,,,,,
EH,MIK,DE,1570,2020,,26D4,MRN2,,,MonFilP,,,2020DE_108,,,4,2,2020,19,53,56.76,5.159,12,0,1242,,,,3.1416,,,,HydroBios,2983,3,,,,,,56,61,,,,,,,,,,
EH,MIK,DE,1570,2020,,26D4,MRN2,,,MonFilP,,,2020DE_109,,,4,2,2020,22,26,57.074,5.154,14,9,1538,,,,3.1416,,,,HydroBios,4786,3,,,,,,53,60,,,,,,,,,,
EH,MIK,DE,1570,2020,,26D4,MRN2,,,MonFilP,,,2020DE_110,,,4,2,2020,23,44,57.074,5.453,18,19,1768,,,,3.1416,,,,HydroBios,5215,3,,,,,,53,57,,,,,,,,,,
EH,MIK,DE,1570,2020,,26D4,MRN2,,,MonFilP,,,2020DE_111,,,5,2,2020,0,58,56.921,5.533,15,0,1636,,,,3.1416,,,,HydroBios,4476,3,,,,,,46,51,,,,,,,,,,
EH,MIK,DE,1570,2020,,26D4,MRN2,,,MonFilP,,,2020DE_112,,,5,2,2020,2,30,56.913,5.834,20,0,1787,,,,3.1416,,,,HydroBios,5514,3,,,,,,48,56,,,,,,,,,,
EH,MIK,DE,1570,2020,,26D4,MRN2,,,MonFilP,,,2020DE_113,,,5,2,2020,4,21,56.731,6.129,16,0,1660,,,,3.1416,,,,HydroBios,4751,3,,,,,,44,51,,,,,,,,,,
EH,MIK,DE,1570,2020,,26D4,MRN2,,,MonFilP,,,2020DE_114,,,5,2,2020,5,36,56.858,6.332,15,0,1641,,,,3.1416,,,,HydroBios,4345,3,,,,,,40,50,,,,,,,,,,
EH,MIK,DE,1570,2020,,26D4,MRN2,,,MonFilP,,,2020DE_115,,,5,2,2020,16,47,56.911,7.495,15,0,1410,,,,3.1416,,,,HydroBios,4863,3,,,,,,27,33,,,,,,,,,,
EH,MIK,DE,1570,2020,,26D4,MRN2,,,MonFilP,,,2020DE_116,,,5,2,2020,18,9,56.916,7.166,12,25,1239,,,,3.1416,,,,HydroBios,4740,3,,,,,,29,36,,,,,,,,,,
EH,MIK,DE,1570,2020,,26D4,MRN2,,,MonFilP,,,2020DE_117,,,5,2,2020,20,2,57.075,6.856,21,35,2170,,,,3.1416,,,,HydroBios,6260,3,,,,,,53,60,,,,,,,,,,
EH,MIK,DE,1570,2020,,26D4,MRN2,,,MonFilP,,,2020DE_118,,,5,2,2020,21,47,57.212,7.245,22,6,2547,,,,3.1416,,,,HydroBios,7279,3,,,,,,54,65,,,,,,,,,,
EH,MIK,DE,1570,2020,,26D4,MRN2,,,MonFilP,,,2020DE_119,,,5,2,2020,23,42,57.37,7.715,29,37,3383,,,,3.1416,,,,HydroBios,8347,3,,,,,,81,89,,,,,,,,,,
EH,MIK,DE,1570,2020,,26D4,MRN2,,,MonFilP,,,2020DE_120,,,6,2,2020,2,18,57.58,8.206,42,0,3654,,,,3.1416,,,,HydroBios,12796,3,,,,,,100,187,,,,,,,,,,
EH,MIK,DE,1570,2020,,26D4,MRN2,,,MonFilP,,,2020DE_121,,,6,2,2020,4,45,57.712,8.628,27,0,2536,,,,3.1416,,,,HydroBios,7223,3,,,,,,100,196,,,,,,,,,,
EH,MIK,DE,1570,2020,,26D4,MRN2,,,MonFilP,,,2020DE_122,,,6,2,2020,16,31,58.093,10.474,23,0,1114,,,,3.1416,,,,HydroBios,5107,3,,,,,,100,145,,,,,,,,,,
EH,MIK,DE,1570,2020,,26D4,MRN2,,,MonFilP,,,2020DE_123,,,6,2,2020,17,47,58.087,10.175,30,0,2372,,,,3.1416,,,,HydroBios,9875,3,,,,,,100,131,,,,,,,,,,
EH,MIK,DE,1570,2020,,26D4,MRN2,,,MonFilP,,,2020DE_124,,,6,2,2020,19,18,58.103,9.844,27,0,2848,,,,3.1416,,,,HydroBios,3598,3,,,,,,100,300,,,,,,,,,,
EH,MIK,DE,1570,2020,,26D4,MRN2,,,MonFilP,,,2020DE_125,,,6,2,2020,20,47,58.101,9.509,32,0,3593,,,,3.1416,,,,HydroBios,10605,3,,,,,,100,260,,,,,,,,,,
EH,MIK,DE,1570,2020,,26D4,MRN2,,,MonFilP,,,2020DE_126,,,6,2,2020,22,20,57.92,9.505,26,0,3152,,,,3.1416,,,,HydroBios,7750,3,,,,,,100,144,,,,,,,,,,
EH,MIK,DE,1570,2020,,26D4,MRN2,,,MonFilP,,,2020DE_127,,,6,2,2020,23,39,57.917,9.827,28,0,3286,,,,3.1416,,,,HydroBios,8788,3,,,,,,66,73,,,,,,,,,,
EH,MIK,DE,1570,2020,,26D4,MRN2,,,MonFilP,,,2020DE_128,,,7,2,2020,1,16,57.919,10.171,26,0,3177,,,,3.1416,,,,HydroBios,9106,3,,,,,,72,76,,,,,,,,,,
EH,MIK,DE,1570,2020,,26D4,MRN2,,,MonFilP,,,2020DE_129,,,7,2,2020,3,9,57.83,10.415,30,0,2477,,,,3.1416,,,,HydroBios,8173,3,,,,,,81,89,,,,,,,,,,
EH,MIK,DE,1570,2020,,26D4,MRN2,,,MonFilP,,,2020DE_063,,,25,2,2020,21,18,57.931,4.681,31,20,3334,,,,3.1416,,,,HydroBios,10030,3,,,,,,95,100,,,,,,,,,,
EH,MIK,NO,612,,,58G2,MRN2,,,,,,2020NO_007,,,10,2,2020,18,13,61.176,1.341,31,5,3241,,,,,,,MCR,,12794,3,,,,F,,107,145,,,,,,,,,51F1,
EH,MIK,NO,612,,,58G2,MRN2,,,,,,2020NO_008,,,10,2,2020,20,42,61.375,1.351,20,2,1908,,,,,,,MCR,,5960,3,,,,F,,101,168,,,,,,,,,51F1,
EH,MIK,NO,612,,,58G2,MRN2,,,,,,2020NO_009,,,10,2,2020,22,44,61.396,1.781,19,43,1908,,,,,,,MCR,,5482,3,,,,F,,101,152,,,,,,,,,51F1,
EH,MIK,NO,612,,,58G2,MRN2,,,,,,2020NO_010,,,11,2,2020,0,47,61.208,1.795,18,5,1759,,,,,,,MCR,,5471,3,,,,F,,102,146,,,,,,,,,51F1,
EH,MIK,NO,612,,,58G2,MRN2,,,,,,2020NO_011,,,11,2,2020,2,51,61.099,2.191,21,2,2185,,,,,,,MCR,,9040,3,,,,F,,100,133,,,,,,,,,51F2,
EH,MIK,NO,612,,,58G2,MRN2,,,,,,2020NO_012,,,11,2,2020,5,25,61.258,2.137,26,54,2704,,,,,,,MCR,,9472,3,,,,F,,103,143,,,,,,,,,51F2,
EH,MIK,NO,612,,,58G2,MRN2,,,,,,2020NO_016,,,11,2,2020,18,44,61.593,1.183,18,21,1796,,,,,,,MCR,,5410,3,,,,F,,101,191,,,,,,,,,52F1,
EH,MIK,NO,612,,,58G2,MRN2,,,,,,2020NO_017,,,11,2,2020,20,37,61.791,1.184,18,54,1759,,,,,,,MCR,,5566,3,,,,F,,101,187,,,,,,,,,52F1,
EH,MIK,NO,612,,,58G2,MRN2,,,,,,2020NO_018,,,12,2,2020,2,52,61.599,-0.219,18,6,1667,,,,,,,MCR,,5895,3,,,,F,,103,201,,,,,,,,,52E9,
EH,MIK,NO,612,,,58G2,MRN2,,,,,,2020NO_019,,,12,2,2020,4,41,61.603,-0.622,18,4,1796,,,,,,,MCR,,5436,3,,,,F,,97,199,,,,,,,,,52E9,
EH,MIK,NO,612,,,58G2,MRN2,,,,,,2020NO_022,,,13,2,2020,2,21,61.615,0.397,17,4,1630,,,,,,,MCR,,5374,3,,,,F,,100,203,,,,,,,,,52F0,
EH,MIK,NO,612,,,58G2,MRN2,,,,,,2020NO_023,,,13,2,2020,3,50,61.61,0.807,25,2,2426,,,,,,,MCR,,9750,3,,,,F,,100,203,,,,,,,,,52F0,
EH,MIK,NO,612,,,58G2,MRN2,,,,,,2020NO_027,,,13,2,2020,18,16,61.096,0.763,20,1,1889,,,,,,,MCR,,5798,3,,,,F,,99,152,,,,,,,,,51F0,
EH,MIK,NO,612,,,58G2,MRN2,,,,,,2020NO_028,,,13,2,2020,20,1,61.101,0.336,19,14,1815,,,,,,,MCR,,5956,3,,,,F,,101,152,,,,,,,,,51F0,
EH,MIK,NO,612,,,58G2,MRN2,,,,,,2020NO_029,,,13,2,2020,21,45,60.925,0.317,27,56,2648,,,,,,,MCR,,10695,3,,,,F,,99,130,,,,,,,,,50F0,
EH,MIK,NO,612,,,58G2,MRN2,,,,,,2020NO_030,,,13,2,2020,23,42,60.875,0.689,20,33,1945,,,,,,,MCR,,6643,3,,,,F,,100,146,,,,,,,,,50F0,
EH,MIK,NO,612,,,58G2,MRN2,,,,,,2020NO_031,,,14,2,2020,1,47,60.867,1.204,20,2,1945,,,,,,,MCR,,6075,3,,,,F,,101,149,,,,,,,,,50F1,
EH,MIK,NO,612,,,58G2,MRN2,,,,,,2020NO_032,,,14,2,2020,3,28,60.661,1.2,21,1,2074,,,,,,,MCR,,6396,3,,,,F,,101,141,,,,,,,,,50F1,
EH,MIK,NO,612,,,58G2,MRN2,,,,,,2020NO_035,,,18,2,2020,1,42,60.371,-0.544,20,3,1926,,,,,,,MCR,,6802,3,,,,F,,98,134,,,,,,,,,49E9,
EH,MIK,NO,612,,,58G2,MRN2,,,,,,2020NO_036,,,18,2,2020,3,51,60.208,-0.346,21,41,2148,,,,,,,MCR,,7419,3,,,,F,,100,130,,,,,,,,,49E9,
EH,MIK,NO,612,,,58G2,MRN2,,,,,,2020NO_038,,,19,2,2020,18,11,60.325,0.215,22,24,2093,,,,,,,MCR,,7108,3,,,,F,,100,155,,,,,,,,,49F0,
EH,MIK,NO,612,,,58G2,MRN2,,,,,,2020NO_039,,,19,2,2020,19,59,60.136,0.223,16,32,1333,,,,,,,MCR,,4632,3,,,,F,,102,147,,,,,,,,,49F0,
EH,MIK,NO,612,,,58G2,MRN2,,,,,,2020NO_040,,,20,2,2020,1,39,59.89,0.209,24,29,2278,,,,,,,MCR,,8773,3,,,,F,,101,138,,,,,,,,,48F0,
EH,MIK,NO,612,,,58G2,MRN2,,,,,,2020NO_041,,,20,2,2020,3,51,59.684,0.209,26,24,2667,,,,,,,MCR,,10200,3,,,,F,,98,133,,,,,,,,,48F0,
EH,MIK,NO,612,,,58G2,MRN2,,,,,,2020NO_042,,,20,2,2020,5,24,59.664,0.558,20,19,1926,,,,,,,MCR,,6255,3,,,,F,,99,128,,,,,,,,,48F0,
EH,MIK,NO,612,,,58G2,MRN2,,,,,,2020NO_047,,,20,2,2020,17,58,59.091,0.483,23,9,2148,,,,,,,MCR,,8038,3,,,,F,,103,129,,,,,,,,,47F0,
EH,MIK,NO,612,,,58G2,MRN2,,,,,,2020NO_048,,,23,2,2020,5,13,60.246,1.237,26,26,2611,,,,,,,MCR,,9361,3,,,,F,,101,134,,,,,,,,,49F1,
EH,MIK,NO,612,,,58G2,MRN2,,,,,,2020NO_052,,,23,2,2020,18,25,59.797,1.178,20,13,1889,,,,,,,MCR,,6088,3,,,,F,,99,124,,,,,,,,,48F1,
EH,MIK,NO,612,,,58G2,MRN2,,,,,,2020NO_053,,,23,2,2020,20,56,60.102,1.191,22,2,2204,,,,,,,MCR,,7090,3,,,,F,,100,132,,,,,,,,,49F1,
EH,MIK,NO,612,,,58G2,MRN2,,,,,,2020NO_054,,,23,2,2020,22,35,60.102,1.582,18,4,1741,,,,,,,MCR,,5530,3,,,,F,,100,116,,,,,,,,,49F1,
EH,MIK,NO,612,,,58G2,MRN2,,,,,,2020NO_055,,,24,2,2020,0,36,59.857,1.551,17,11,1778,,,,,,,MCR,,4918,3,,,,F,,101,117,,,,,,,,,48F1,
EH,MIK,NO,612,,,58G2,MRN2,,,,,,2020NO_056,,,24,2,2020,2,32,59.628,1.387,10,8,1926,,,,,,,MCR,,6087,3,,,,F,,99,111,,,,,,,,,48F1,
EH,MIK,NO,612,,,58G2,MRN2,,,,,,2020NO_057,,,24,2,2020,4,49,59.359,1.255,24,56,2352,,,,,,,MCR,,8631,3,,,,F,,100,113,,,,,,,,,47F1,
EH,MIK,NO,612,,,58G2,MRN2,,,,,,2020NO_062,,,24,2,2020,18,9,59.84,2.53,25,52,2630,,,,,,,MCR,,8969,3,,,,F,,99,119,,,,,,,,,48F2,
EH,MIK,NO,612,,,58G2,MRN2,,,,,,2020NO_063,,,24,2,2020,20,2,59.742,2.222,22,1,2130,,,,,,,MCR,,7169,3,,,,F,,100,115,,,,,,,,,48F2,
EH,MIK,NO,612,,,58G2,MRN2,,,,,,2020NO_064,,,24,2,2020,23,6,59.373,1.818,18,47,1759,,,,,,,MCR,,5690,3,,,,F,,101,120,,,,,,,,,47F1,
EH,MIK,NO,612,,,58G2,MRN2,,,,,,2020NO_065,,,25,2,2020,0,42,59.172,1.789,18,56,1815,,,,,,,MCR,,5469,3,,,,F,,99,119,,,,,,,,,47F1,
EH,MIK,NO,612,,,58G2,MRN2,,,,,,2020NO_066,,,25,2,2020,2,41,59.126,2.241,23,35,2278,,,,,,,MCR,,7723,3,,,,F,,99,109,,,,,,,,,47F2,
EH,MIK,NO,612,,,58G2,MRN2,,,,,,2020NO_067,,,27,2,2020,1,48,57.801,5.842,23,41,2259,,,,,,,MCR,,8029,3,,,,F,,100,175,,,,,,,,,44F5,
EH,MIK,NO,612,,,58G2,MRN2,,,,,,2020NO_068,,,27,2,2020,3,39,57.708,6.114,22,27,2111,,,,,,,MCR,,7415,3,,,,F,,98,242,,,,,,,,,44F6,
EH,MIK,NO,612,,,58G2,MRN2,,,,,,2020NO_069,,,27,2,2020,5,5,57.566,6.178,20,7,1889,,,,,,,MCR,,7192,3,,,,F,,101,130,,,,,,,,,44F6,
EH,MIK,NO,612,,,58G2,MRN2,,,,,,2020NO_072,,,27,2,2020,17,49,57.674,4.737,14,43,1352,,,,,,,MCR,,4618,3,,,,F,,74,87,,,,,,,,,44F4,
EH,MIK,NO,612,,,58G2,MRN2,,,,,,2020NO_073,,,27,2,2020,19,39,57.884,4.67,18,5,1667,,,,,,,MCR,,5629,3,,,,F,,93,98,,,,,,,,,44F4,
EH,MIK,NO,612,,,58G2,MRN2,,,,,,2020NO_074,,,27,2,2020,21,49,58.096,4.555,22,45,2037,,,,,,,MCR,,7506,3,,,,F,,97,122,,,,,,,,,45F4,
EH,MIK,NO,612,,,58G2,MRN2,,,,,,2020NO_075,,,27,2,2020,23,32,58.106,4.245,22,38,2241,,,,,,,MCR,,8179,3,,,,F,,82,90,,,,,,,,,45F4,
EH,MIK,NO,612,,,58G2,MRN2,,,,,,2020NO_076,,,28,2,2020,1,56,57.919,3.844,17,56,1685,,,,,,,MCR,,5616,3,,,,F,,78,81,,,,,,,,,44F3,
EH,MIK,NO,612,,,58G2,MRN2,,,,,,2020NO_077,,,28,2,2020,4,3,57.766,3.545,15,27,1352,,,,,,,MCR,,5223,3,,,,F,,57,63,,,,,,,,,44F3,
EH,MIK,NO,612,,,58G2,MRN2,,,,,,2020NO_085,,,1,3,2020,19,30,58.834,2.825,30,36,2871,,,,,,,MCR,,12285,3,,,,F,,102,119,,,,,,,,,46F2,
EH,MIK,NO,612,,,58G2,MRN2,,,,,,2020NO_086,,,1,3,2020,21,37,58.655,2.798,29,0,2704,,,,,,,MCR,,12937,3,,,,F,,105,112,,,,,,,,,46F2,
EH,MIK,NO,612,,,58G2,MRN2,,,,,,2020NO_088,,,2,3,2020,1,53,58.244,2.857,13,26,1259,,,,,,,MCR,,3973,3,,,,F,,62,73,,,,,,,,,45F2,
EH,MIK,NO,612,,,58G2,MRN2,,,,,,2020NO_089,,,2,3,2020,3,39,58.251,3.153,17,2,1667,,,,,,,MCR,,5494,3,,,,F,,70,80,,,,,,,,,45F3,
EH,MIK,NO,612,,,58G2,MRN2,,,,,,2020NO_090,,,2,3,2020,5,12,58.239,3.473,24,2,2019,,,,,,,MCR,,8181,3,,,,F,,92,101,,,,,,,,,45F3,
EH,MIK,NO,612,,,58G2,MRN2,,,,,,2020NO_093,,,2,3,2020,21,9,58.749,3.157,20,41,2130,,,,,,,MCR,,7349,3,,,,F,,99,117,,,,,,,,,46F3,
EH,MIK,NO,612,,,58G2,MRN2,,,,,,2020NO_094,,,2,3,2020,22,49,58.927,3.191,26,49,2889,,,,,,,MCR,,9279,3,,,,F,,100,136,,,,,,,,,46F3,
EH,MIK,NO,612,,,58G2,MRN2,,,,,,2020NO_087,,,2,3,2020,23,59,58.238,2.482,23,4,2556,,,,,,,MCR,,8457,3,,,,F,,83,92,,,,,,,,,45F2,
EH,MIK,NO,612,,,58G2,MRN2,,,,,,2020NO_095,,,3,3,2020,0,37,59.124,3.19,24,48,2296,,,,,,,MCR,,8166,3,,,,F,,100,152,,,,,,,,,47F3,
EH,MIK,NO,612,,,58G2,MRN2,,,,,,2020NO_096,,,3,3,2020,2,32,59.35,3.249,29,16,2815,,,,,,,MCR,,11179,3,,,,F,,100,149,,,,,,,,,47F3,
EH,MIK,NO,612,,,58G2,MRN2,,,,,,2020NO_097,,,3,3,2020,4,43,59.61,3.236,26,14,2556,,,,,,,MCR,,9964,3,,,,F,,100,159,,,,,,,,,48F3,
EH,MIK,NO,612,,,58G2,MRN2,,,,,,2020NO_100,,,3,3,2020,18,8,59.904,3.212,23,51,2130,,,,,,,MCR,,8647,3,,,,F,,99,169,,,,,,,,,48F3,
EH,MIK,NO,612,,,58G2,MRN2,,,,,,2020NO_101,,,3,3,2020,19,50,60.078,3.147,25,58,2371,,,,,,,MCR,,9760,3,,,,F,,100,155,,,,,,,,,49F3,
EH,MIK,NO,612,,,58G2,MRN2,,,,,,2020NO_102,,,3,3,2020,21,34,60.247,3.214,33,9,2852,,,,,,,MCR,,10188,3,,,,F,,100,218,,,,,,,,,49F3,
EH,MIK,SE,4484,,,77SE,MRN2,,,,,,2020SE_101,,101,24,1,2020,17,25,56.8523,11.77162,31,,3111,,,,3.1416,,,MCR,,11372,3,,,,F,37,39,57,,,,,,,,,42G1,
EH,MIK,SE,4484,,,77SE,MRN2,,,,,,2020SE_102,,102,24,1,2020,19,14,56.67948,11.7635,20,,1852,,,,3.1416,,,MCR,,7322,3,,,,F,31,33,39,,,,,,,,,42G1,
EH,MIK,SE,4484,,,77SE,MRN2,,,,,,2020SE_103,,103,24,1,2020,21,10,56.46915,11.52533,16,,1482,,,,3.1416,,,MCR,,5797,3,,,,F,21,23,27,,,,,,,,,41G1,
EH,MIK,SE,4484,,,77SE,MRN2,,,,,,2020SE_104,,104,24,1,2020,22,38,56.34838,11.26077,18,,1519,,,,3.1416,,,MCR,,6304,3,,,,F,15,17,23,,,,,,,,,41G1,
EH,MIK,SE,4484,,,77SE,MRN2,,,,,,2020SE_105,,105,25,1,2020,18,39,56.47802,11.921,19,,1759,,,,3.1416,,,MCR,,7046,3,,,,F,27,29,33,,,,,,,,,41G1,
EH,MIK,SE,4484,,,77SE,MRN2,,,,,,2020SE_106,,106,25,1,2020,20,6,56.33992,12.09285,19,,1818,,,,3.1416,,,MCR,,6680,3,,,,F,25,27,32,,,,,,,,,41G2,
EH,MIK,SE,4484,,,77SE,MRN2,,,,,,2020SE_107,,107,25,1,2020,21,45,56.46382,12.25447,21,,1880,,,,3.1416,,,MCR,,7489,3,,,,F,27,29,39,,,,,,,,,41G2,
EH,MIK,SE,4484,,,77SE,MRN2,,,,,,2020SE_108,,108,25,1,2020,23,22,56.62495,12.15988,19,,1525,,,,3.1416,,,MCR,,6876,3,,,,F,32,34,38,,,,,,,,,42G2,
EH,MIK,SE,4484,,,77SE,MRN2,,,,,,2020SE_109,,109,26,1,2020,17,11,56.56772,12.40277,19,,1818,,,,3.1416,,,MCR,,7282,3,,,,F,25,27,34,,,,,,,,,42G2,
EH,MIK,SE,4484,,,77SE,MRN2,,,,,,2020SE_110,,110,26,1,2020,18,56,56.7484,12.33935,21,,2222,,,,3.1416,,,MCR,,8108,3,,,,F,25,27,33,,,,,,,,,42G2,
EH,MIK,SE,4484,,,77SE,MRN2,,,,,,2020SE_111,,111,26,1,2020,20,27,56.85948,12.06775,21,,1908,,,,3.1416,,,MCR,,7150,3,,,,F,35,37,43,,,,,,,,,42G2,
EH,MIK,SE,4484,,,77SE,MRN2,,,,,,2020SE_112,,112,26,1,2020,22,10,57.02573,12.18788,21,,2204,,,,3.1416,,,MCR,,8169,3,,,,F,30,32,41,,,,,,,,,43G2,
EH,MIK,SE,4484,,,77SE,MRN2,,,,,,2020SE_113,,113,27,1,2020,18,14,56.95242,11.81417,23,,1889,,,,3.1416,,,MCR,,7673,3,,,,F,35,37,43,,,,,,,,,42G1,
EH,MIK,SE,4484,,,77SE,MRN2,,,,,,2020SE_114,,114,27,1,2020,20,2,57.05982,11.55465,50,,5130,,,,3.1416,,,MCR,,20417,3,,,,F,63,65,81,,,,,,,,,43G1,
EH,MIK,SE,4484,,,77SE,MRN2,,,,,,2020SE_115,,115,27,1,2020,21,50,57.21217,11.55387,28,,2482,,,,3.1416,,,MCR,,9313,3,,,,F,55,57,64,,,,,,,,,43G1,
EH,MIK,SE,4484,,,77SE,MRN2,,,,,,2020SE_116,,116,27,1,2020,23,46,57.13488,11.83745,23,,1871,,,,3.1416,,,MCR,,8393,3,,,,F,47,49,54,,,,,,,,,43G1,
EH,MIK,SE,4484,,,77SE,MRN2,,,,,,2020SE_117,,117,28,1,2020,17,21,57.43963,11.67192,19,,1592,,,,3.1416,,,MCR,,7163,3,,,,F,40,42,48,,,,,,,,,43G1,
EH,MIK,SE,4484,,,77SE,MRN2,,,,,,2020SE_120,,120,28,1,2020,22,51,57.60978,10.9432,15,,1241,,,,3.1416,,,MCR,,5227,3,,,,F,21,23,29,,,,,,,,,44G0,
EH,MIK,SE,4484,,,77SE,MRN2,,,,,,2020SE_121,,121,29,1,2020,0,6,57.47535,10.8215,19,,1889,,,,3.1416,,,MCR,,7056,3,,,,F,30,32,35,,,,,,,,,43G0,
EH,MIK,SE,4484,,,77SE,MRN2,,,,,,2020SE_122,,122,29,1,2020,17,36,57.74987,11.25833,34,,3037,,,,3.1416,,,MCR,,11613,3,,,,F,45,47,51,,,,,,,,,44G1,
EH,MIK,SE,4484,,,77SE,MRN2,,,,,,2020SE_123,,123,29,1,2020,19,15,57.92315,11.18248,54,,4963,,,,3.1416,,,MCR,,18285,3,,,,F,63,65,77,,,,,,,,,44G1,
EH,MIK,SE,4484,,,77SE,MRN2,,,,,,2020SE_124,,124,29,1,2020,21,35,57.76703,10.93505,20,,1519,,,,3.1416,,,MCR,,5973,3,,,,F,33,35,42,,,,,,,,,44G0,
EH,MIK,SE,4484,,,77SE,MRN2,,,,,,2020SE_125,,125,29,1,2020,23,37,57.9638,10.82993,79,,7093,,,,3.1416,,,MCR,,27644,3,,,,F,100,102,178,,,,,,,,,44G0,
EH,MIK,SE,4484,,,77SE,MRN2,,,,,,2020SE_126,,126,30,1,2020,2,0,57.89305,10.50315,72,,5500,,,,3.1416,,,MCR,,23093,3,,,,F,101,103,110,,,,,,,,,44G0,
EH,MIK,SE,4484,,,77SE,MRN2,,,,,,2020SE_127,,127,30,1,2020,18,52,58.05118,11.09065,72,,8778,,,,3.1416,,,MCR,,20644,3,,,,F,101,103,120,,,,,,,,,45G1,
EH,MIK,SE,4484,,,77SE,MRN2,,,,,,2020SE_128,,128,30,1,2020,20,53,58.25268,11.08485,72,,7278,,,,3.1416,,,MCR,,22417,3,,,,F,86,88,101,,,,,,,,,45G1,
EH,MIK,SE,4484,,,77SE,MRN2,,,,,,2020SE_129,,129,30,1,2020,23,12,58.18652,10.81988,59,,5871,,,,3.1416,,,MCR,,16307,3,,,,F,101,103,181,,,,,,,,,45G0,
EH,MIK,SE,4484,,,77SE,MRN2,,,,,,2020SE_130,,130,31,1,2020,1,28,58.39103,10.91828,53,,2296,,,,3.1416,,,MCR,,15492,3,,,,F,96,98,106,,,,,,,,,45G0,
EH,MIK,SE,4484,,,77SE,MRN2,,,,,,2020SE_132,,132,31,1,2020,18,29,58.23332,10.48267,34,,2222,,,,3.1416,,,MCR,,8044,3,,,,F,101,103,276,,,,,,,,,45G0,
EH,MIK,SE,4484,,,77SE,MRN2,,,,,,2020SE_133,,133,31,1,2020,20,17,58.07258,10.50152,48,,3852,,,,3.1416,,,MCR,,12168,3,,,,F,101,103,142,,,,,,,,,45G0,
EH,MIK,SE,4484,,,77SE,MRN2,,,,,,2020SE_134,,134,1,2,2020,0,40,57.5745,11.05668,15,,1148,,,,3.1416,,,MCR,,4771,3,,,,F,30,32,35,,,,,,,,,44G1,
EH,MIK,SE,4484,,,77SE,MRN2,,,,,,2020SE_135,,135,2,2,2020,0,38,58.53595,10.92613,53,,6186,,,,3.1416,,,MCR,,17787,3,,,,F,67,69,78,,,,,,,,,46G0,
EH,MIK,SE,4484,,,77SE,MRN2,,,,,,2020SE_136,,136,2,2,2020,2,33,58.70457,10.80585,63,,7667,,,,3.1416,,,MCR,,21278,3,,,,F,65,67,86,,,,,,,,,46G0,
EH,MIK,SE,4484,,,77SE,MRN2,,,,,,2020SE_137,,137,3,2,2020,0,56,57.9526,8.92418,53,,3982,,,,3.1416,,,MCR,,12600,3,,,,,101,103,526,,,,,,,,,44F8,
EH,MIK,SE,4484,,,77SE,MRN2,,,,,,2020SE_138,,138,3,2,2020,2,39,57.84512,8.76795,71,,5917,,,,3.1416,,,MCR,,21431,3,,,,F,101,103,440,,,,,,,,,44F8,
EH,MIK,SE,4484,,,77SE,MRN2,,,,,,2020SE_139,,139,3,2,2020,17,8,57.4592,8.91077,21,,1908,,,,3.1416,,,MCR,,6813,3,,,,F,23,25,30,,,,,,,,,43F8,
EH,MIK,SE,4484,,,77SE,MRN2,,,,,,2020SE_140,,140,3,2,2020,18,30,57.626,8.9022,51,,5852,,,,3.1416,,,MCR,,16352,3,,,,F,72,74,88,,,,,,,,,44F8,
EH,MIK,SE,4484,,,77SE,MRN2,,,,,,2020SE_141,,141,3,2,2020,21,16,57.76378,9.18262,71,,8093,,,,3.1416,,,MCR,,23621,3,,,,F,77,79,69,,,,,,,,,44F9,
EH,MIK,SE,4484,,,77SE,MRN2,,,,,,2020SE_142,,142,4,2,2020,21,12,58.25442,9.84818,102,,12242,,,,3.1416,,,MCR,,58097,3,,,,F,101,103,554,,,,,,,,,45F9,
EH,MIK,SE,4484,,,77SE,MRN2,,,,,,2020SE_143,,143,5,2,2020,0,47,58.08395,9.83077,69,,4519,,,,3.1416,,,MCR,,20822,3,,,,F,101,103,278,,,,,,,,,45F9,
EH,MIK,SE,4484,,,77SE,MRN2,,,,,,2020SE_144,,144,5,2,2020,3,30,57.86727,9.8356,25,,1833,,,,3.1416,,,MCR,,7335,3,,,,F,49,51,58,,,,,,,,,44F9,
EH,MIK,NL,1340,IBTS,,64T2,MRN2,dO,,WovFab,,,2020NL001,,20203400101,20,1,2020,18,24,53.20817,4.35033,12,48,1205,,,2.0,3.14159,1,0,EMD,Valeport,,8,,,,,0,24,31,8.5,,,,8.5,35.10,,35.10,35F4,
EH,MIK,NL,1340,IBTS,,64T2,MRN2,dO,,WovFab,,,2020NL002,,20203400102,20,1,2020,19,41,53.4075,4.37183,14,36,1332,,,2.0,3.14159,1,0,EMD,Valeport,8590,8,,,3156,F,0,21,27,8.7,,,,8.7,35.18,,35.18,35F4,
EH,MIK,NL,1340,IBTS,,64T2,MRN2,dO,,WovFab,,,2020NL003,,20203400103,20,1,2020,20,54,53.61933,4.401,10,0,936,,,2.0,3.14159,1,0,EMD,Valeport,5985,8,,,2199,F,0,27,33,8.1,,,,8.5,34.77,,34.93,36F4,
EH,MIK,NL,1340,IBTS,,64T2,MRN2,dO,,WovFab,,,2020NL004,,20203400104,20,1,2020,21,56,53.79233,4.45617,13,42,1148,,,2.0,3.14159,1,0,EMD,Valeport,7205,8,,,2647,F,0,34,41,7.9,,,,8.3,34.46,,34.71,36F4,
EH,MIK,NL,1340,IBTS,,64T2,MRN2,dO,,WovFab,,,2020NL005,,20203400105,20,1,2020,23,39,54.1185,4.60717,11,6,1244,,,2.0,3.14159,1,0,EMD,Valeport,5519,8,,,2027,F,0,39,47,7.7,,,,7.7,34.31,,34.31,37F4,
EH,MIK,NL,1340,IBTS,,64T2,MRN2,dO,,WovFab,,,2020NL006,,20203400106,21,1,2020,0,50,54.34267,4.52383,11,36,1181,,,2.0,3.14159,1,0,EMD,Valeport,6332,8,,,2326,F,0,42,50,7.8,,,,7.8,34.36,,34.38,37F4,
EH,MIK,NL,1340,IBTS,,64T2,MRN2,dO,,WovFab,,,2020NL007,,20203400107,21,1,2020,2,9,54.60683,4.58567,10,30,1069,,,2.0,3.14159,1,0,EMD,Valeport,4676,8,,,1718,F,0,44,52,8.0,,,,8.0,34.43,,34.43,38F4,
EH,MIK,NL,1340,IBTS,,64T2,MRN2,dO,,WovFab,,,2020NL008,,20203400108,21,1,2020,3,6,54.7085,4.38917,18,36,1940,,,2.0,3.14159,1,0,EMD,Valeport,10540,8,,,3872,F,0,42,50,7.5,,,,7.5,34.57,,34.57,38F4,
EH,MIK,NL,1340,IBTS,,64T2,MRN2,dO,,WovFab,,,2020NL009,,20203400109,21,1,2020,4,9,54.80517,4.56933,10,48,1108,,,2.0,3.14159,1,0,EMD,Valeport,5968,8,,,2192,F,0,39,46,7.7,,,,7.8,34.43,,34.43,38F4,
EH,MIK,NL,1340,IBTS,,64T2,MRN2,dO,,WovFab,,,2020NL010,,20203400110,21,1,2020,5,7,54.93817,4.35983,14,24,1603,,,2.0,3.14159,1,0,EMD,Valeport,5318,8,,,1954,F,0,45,50,7.4,,,,7.4,34.65,,34.65,38F4,
EH,MIK,NL,1340,IBTS,,64T2,MRN2,dO,,WovFab,,,2020NL013,,20203400113,21,1,2020,19,28,55.13517,4.16917,10,54,1161,,,2.0,3.14159,1,1,EMD,Valeport,9168,8,,35,3368,F,0,41,47,7.2,,,,7.2,34.64,,34.64,39F4,
EH,MIK,NL,1340,IBTS,,64T2,MRN2,dO,,WovFab,,,2020NL014,,20203400114,21,1,2020,20,29,55.32283,4.14083,13,42,1419,,,2.0,3.14159,1,0,EMD,Valeport,10922,8,,35,4013,F,0,37,44,7.2,,,,7.2,34.71,,34.71,39F4,
EH,MIK,NL,1340,IBTS,,64T2,MRN2,dO,,WovFab,,,2020NL015,,20203400115,21,1,2020,21,40,55.242,3.80067,12,42,1188,,,2.0,3.14159,1,0,EMD,Valeport,9313,8,,35,3421,F,0,33,39,7.2,,,,7.2,34.68,,34.68,39F3,
EH,MIK,NL,1340,IBTS,,64T2,MRN2,dO,,WovFab,,,2020NL016,,20203400116,21,1,2020,23,17,55.14267,3.302,14,0,1672,,,2.0,3.14159,1,1,EMD,Valeport,12491,8,58499,35,4589,F,0,25,31,7.2,,,,7.2,34.71,,34.71,39F3,
EH,MIK,NL,1340,IBTS,,64T2,MRN2,dO,,WovFab,,,2020NL017,,20203400117,22,1,2020,0,48,55.268,2.807,10,54,973,,,2.0,3.14159,1,1,EMD,Valeport,8226,8,,35,3022,F,0,26,32,7.4,,,,7.4,34.74,,34.74,39F2,
EH,MIK,NL,1340,IBTS,,64T2,MRN2,dO,,WovFab,,,2020NL018,,20203400118,22,1,2020,1,45,55.37,2.55833,18,18,2050,,,2.0,3.14159,1,1,EMD,Valeport,17670,8,81849,35,6492,F,0,34,38,7.5,,,,7.5,34.75,,34.75,39F2,
EH,MIK,NL,1340,IBTS,,64T2,MRN2,dO,,WovFab,,,2020NL019,,20203400119,22,1,2020,3,8,55.62383,2.52617,19,54,1892,,,2.0,3.14159,1,1,EMD,Valeport,15598,8,73111,35,5731,F,0,63,72,7.9,,,,7.9,34.93,,34.95,40F2,
EH,MIK,NL,1340,IBTS,,64T2,MRN2,dO,,WovFab,,,2020NL020,,20203400120,22,1,2020,4,22,55.85283,2.53383,19,12,2144,,,2.0,3.14159,1,1,EMD,Valeport,16440,8,76784,35,6040,F,0,74,83,8.1,,,,8.1,34.95,,34.95,40F2,
EH,MIK,NL,1340,IBTS,,64T2,MRN2,dO,,WovFab,,,2020NL021,,20203400121,22,1,2020,5,44,56.10317,2.52033,20,6,2327,,,2.0,3.14159,1,0,EMD,Valeport,17503,8,,35,6431,F,0,70,78,7.9,,,,7.9,34.97,,34.97,41F2,
EH,MIK,NL,1340,IBTS,,64T2,MRN2,dO,,WovFab,,,2020NL026,,20203400126,22,1,2020,17,39,56.60533,1.45683,20,42,2493,,,2.0,3.14159,1,1,EMD,Valeport,17422,8,78292,35,6401,F,0,88,92,8.0,,,,8.0,35.04,,35.04,42F1,
EH,MIK,NL,1340,IBTS,,64T2,MRN2,dO,,WovFab,,,2020NL027,,20203400127,22,1,2020,18,46,56.76783,1.505,21,36,2439,,,2.0,3.14159,1,0,EMD,Valeport,19687,8,85808,35,7233,F,0,91,96,8.0,,,,8.0,35.03,,35.03,42F1,
EH,MIK,NL,1340,IBTS,,64T2,MRN2,dO,,WovFab,,,2020NL028,,20203400128,22,1,2020,19,50,56.75383,1.80267,16,54,1559,,,2.0,3.14159,1,1,EMD,Valeport,13081,8,58314,35,4806,F,0,85,93,8.1,,,,8.1,35.07,,35.07,42F1,
EH,MIK,NL,1340,IBTS,,64T2,MRN2,dO,,WovFab,,,2020NL029,,20203400129,22,1,2020,20,52,56.58783,1.82583,13,18,1188,,,2.0,3.14159,1,1,EMD,Valeport,9909,8,45241,35,3640,F,0,83,91,8.0,,,,8.0,35.06,,35.06,42F1,
EH,MIK,NL,1340,IBTS,,64T2,MRN2,dO,,WovFab,,,2020NL030,,20203400130,22,1,2020,22,19,56.3835,2.20467,16,12,1810,,,2.0,3.14159,1,0,EMD,Valeport,14525,8,62967,35,5337,F,0,73,81,7.7,,,,7.7,34.97,,34.97,41F2,
EH,MIK,NL,1340,IBTS,,64T2,MRN2,dO,,WovFab,,,2020NL031,,20203400131,22,1,2020,23,28,56.22183,2.34,16,54,1759,,,2.0,3.14159,1,1,EMD,Valeport,13074,8,58738,35,4803,F,0,71,77,7.7,,,,7.7,34.96,,34.96,41F2,
EH,MIK,NL,1340,IBTS,,64T2,MRN2,dO,,WovFab,,,2020NL032,,20203400132,23,1,2020,0,30,56.0925,2.13833,16,42,1646,,,2.0,3.14159,1,1,EMD,Valeport,12947,8,57748,35,4757,F,0,78,85,7.6,,,,7.6,34.93,,34.93,41F2,
EH,MIK,NL,1340,IBTS,,64T2,MRN2,dO,,WovFab,,,2020NL033,,20203400133,23,1,2020,1,38,56.20183,1.80467,21,30,2304,,,2.0,3.14159,1,0,EMD,Valeport,19350,8,85111,35,7109,F,0,80,86,7.9,,,,7.9,35.03,,35.03,41F1,
EH,MIK,NL,1340,IBTS,,64T2,MRN2,dO,,WovFab,,,2020NL034,,20203400134,23,1,2020,2,49,56.33733,1.63767,22,30,2206,,,2.0,3.14159,1,1,EMD,Valeport,18483,8,82026,35,6791,F,0,86,92,7.9,,,,7.9,35.03,,35.03,41F1,
EH,MIK,NL,1340,IBTS,,64T2,MRN2,dO,,WovFab,,,2020NL035,,20203400135,23,1,2020,4,0,56.2425,1.37167,14,6,1090,,,2.0,3.14159,1,1,EMD,Valeport,9490,8,42096,35,3486,F,0,75,84,8.1,,,,8.1,35.04,,35.06,41F1,
EH,MIK,NL,1340,IBTS,,64T2,MRN2,dO,,WovFab,,,2020NL036,,20203400136,23,1,2020,4,49,56.1095,1.3395,17,48,1573,,,2.0,3.14159,1,0,EMD,Valeport,14199,8,62428,35,5217,F,0,75,82,8.2,,,,8.2,35.02,,35.03,41F1,
EH,MIK,NL,1340,IBTS,,64T2,MRN2,dO,,WovFab,,,2020NL037,,20203400137,23,1,2020,6,6,55.9195,1.57417,18,12,1751,,,2.0,3.14159,1,1,EMD,Valeport,14357,8,63844,35,5275,F,0,73,79,8.1,,,,7.9,35.02,,35.00,40F1,
EH,MIK,NL,1340,IBTS,,64T2,MRN2,dO,,WovFab,,,2020NL038,,20203400138,23,1,2020,17,47,54.8355,3.39233,14,54,1384,,,2.0,3.14159,1,1,EMD,Valeport,10826,8,48177,35,3977,F,0,35,43,7.2,,,,7.2,34.68,,34.67,38F3,
EH,MIK,NL,1340,IBTS,,64T2,MRN2,dO,,WovFab,,,2020NL039,,20203400139,23,1,2020,18,50,54.63967,3.41733,14,42,1446,,,2.0,3.14159,1,0,EMD,Valeport,11171,8,48275,35,4104,F,0,36,43,7.2,,,,7.2,34.60,,34.60,38F3,
EH,MIK,NL,1340,IBTS,,64T2,MRN2,dO,,WovFab,,,2020NL040,,20203400140,23,1,2020,20,51,54.32283,3.517,13,48,1281,,,2.0,3.14159,1,0,EMD,Valeport,10036,8,37322,35,3687,F,0,40,47,7.4,,,,7.4,34.35,,34.34,37F3,
EH,MIK,NL,1340,IBTS,,64T2,MRN2,dO,,WovFab,,,2020NL041,,20203400141,23,1,2020,21,51,54.13783,3.559,15,36,1598,,,2.0,3.14159,1,0,EMD,Valeport,12759,8,55264,35,4688,F,0,34,42,7.5,,,,7.9,34.32,,34.43,37F3,
EH,MIK,NL,1340,IBTS,,64T2,MRN2,dO,,WovFab,,,2020NL042,,20203400142,23,1,2020,23,21,53.87467,3.63983,13,42,1279,,,2.0,3.14159,1,1,EMD,Valeport,10912,8,48766,35,4009,F,0,30,36,7.4,,,,7.4,34.28,,34.28,36F3,
EH,MIK,NL,1340,IBTS,,64T2,MRN2,dO,,WovFab,,,2020NL043,,20203400143,24,1,2020,0,25,53.68617,3.72067,14,6,1287,,,2.0,3.14159,1,1,EMD,Valeport,10877,8,48379,35,3996,F,0,32,39,7.3,,,,7.3,34.20,,34.20,36F3,
EH,MIK,NL,1340,IBTS,,64T2,MRN2,dO,,WovFab,,,2020NL044,,20203400144,24,1,2020,1,59,53.41717,3.853,10,48,747,,,2.0,3.14159,1,3,EMD,Valeport,,8,,35,,,0,22,28,7.7,,,,7.7,34.36,,34.40,35F3,
EH,MIK,NL,1340,IBTS,,64T2,MRN2,dO,,WovFab,,,2020NL049,,20203400149,27,1,2020,21,47,53.17233,2.77433,10,12,537,,,2.0,3.14159,1,1,EMD,Valeport,7525,8,34272,35,2764,F,0,27,32,7.3,,,,7.4,33.89,,33.93,35F2,
EH,MIK,NL,1340,IBTS,,64T2,MRN2,dO,,WovFab,,,2020NL050,,20203400150,27,1,2020,23,14,53.40483,2.57583,11,12,859,,,2.0,3.14159,1,0,EMD,Valeport,9105,8,39810,35,3345,F,0,25,31,7.2,,,,7.2,34.36,,34.39,35F2,
EH,MIK,NL,1340,IBTS,,64T2,MRN2,dO,,WovFab,,,2020NL051,,20203400151,28,1,2020,0,24,53.60817,2.459,13,30,1398,,,2.0,3.14159,1,0,EMD,Valeport,10388,8,44823,35,3816,F,0,24,30,7.3,,,,7.3,34.47,,34.47,36F2,
EH,MIK,NL,1340,IBTS,,64T2,MRN2,dO,,WovFab,,,2020NL052,,20203400152,28,1,2020,1,40,53.84317,2.35633,14,48,1818,,,2.0,3.14159,1,0,EMD,Valeport,11982,8,51731,35,4402,F,0,32,39,7.5,,,,7.5,34.49,,34.49,36F2,
EH,MIK,NL,1340,IBTS,,64T2,MRN2,dO,,WovFab,,,2020NL053,,20203400153,28,1,2020,2,54,54.086,2.23967,14,30,1605,,,2.0,3.14159,1,0,EMD,Valeport,11651,8,50847,35,4281,F,0,62,75,7.3,,,,7.3,34.53,,34.53,37F2,
EH,MIK,NL,1340,IBTS,,64T2,MRN2,dO,,WovFab,,,2020NL054,,20203400154,28,1,2020,3,58,54.27417,2.15367,13,54,1760,,,2.0,3.14159,1,0,EMD,Valeport,11938,8,52451,35,4386,F,0,28,37,7.4,,,,7.4,34.53,,34.54,37F2,
EH,MIK,NL,1340,IBTS,,64T2,MRN2,dO,,WovFab,,,2020NL055,,20203400155,28,1,2020,18,12,55.60333,0.27083,15,48,1478,,,2.0,3.14159,1,0,EMD,Valeport,14293,8,61758,35,5251,F,0,65,75,7.9,,,,7.9,34.92,,34.93,40F0,
EH,MIK,NL,1340,IBTS,,64T2,MRN2,dO,,WovFab,,,2020NL056,,20203400156,28,1,2020,19,20,55.78583,0.22367,18,30,1996,,,2.0,3.14159,1,1,EMD,Valeport,15373,8,69066,35,5648,F,0,74,80,8.1,,,,8.1,34.96,,34.96,40F0,
EH,MIK,NL,1340,IBTS,,64T2,MRN2,dO,,WovFab,,,2020NL057,,20203400157,28,1,2020,20,21,55.92283,0.41717,17,54,2066,,,2.0,3.14159,1,1,EMD,Valeport,15017,8,72574,35,5517,F,0,74,81,8.0,,,,8.0,35.00,,35.00,40F0,
EH,MIK,NL,1340,IBTS,,64T2,MRN2,dO,,WovFab,,,2020NL058,,20203400158,28,1,2020,21,25,56.10283,0.46667,18,30,2104,,,2.0,3.14159,1,1,EMD,Valeport,14776,8,71695,35,5429,F,0,77,86,8.0,,,,8.1,34.97,,34.99,41F0,
EH,MIK,NL,1340,IBTS,,64T2,MRN2,dO,,WovFab,,,2020NL059,,20203400159,28,1,2020,22,31,56.25333,0.3035,18,48,2311,,,2.0,3.14159,1,1,EMD,Valeport,15800,8,75278,35,5805,F,0,73,82,8.0,,,,8.0,34.93,,34.96,41F0,
EH,MIK,NL,1340,IBTS,,64T2,MRN2,dO,,WovFab,,,2020NL060,,20203400160,28,1,2020,23,30,56.41767,0.3425,15,18,1784,,,2.0,3.14159,1,1,EMD,Valeport,12654,8,59991,35,4649,F,0,80,92,7.9,,,,8.2,34.84,,34.99,41F0,
EH,MIK,NL,1340,IBTS,,64T2,MRN2,dO,,WovFab,,,2020NL061,,20203400161,29,1,2020,0,57,56.66767,0.35883,23,24,2253,,,2.0,3.14159,1,1,EMD,Valeport,18404,8,87057,35,6762,F,0,137,143,8.0,,,,8.0,34.90,,34.93,42F0,
EH,MIK,NL,1340,IBTS,,64T2,MRN2,dO,,WovFab,,,2020NL062,,20203400162,29,1,2020,2,13,56.85317,0.3585,13,12,1095,,,2.0,3.14159,1,1,EMD,Valeport,10370,8,49832,35,3810,F,0,74,82,8.0,,,,8.0,34.96,,34.97,42F0,
EH,MIK,NL,1340,IBTS,,64T2,MRN2,dO,,WovFab,,,2020NL063,,20203400163,29,1,2020,3,48,57.137,0.41983,19,6,1532,,,2.0,3.14159,1,1,EMD,Valeport,15624,8,76181,35,5740,F,0,77,87,8.0,,,,8.0,34.85,,34.85,43F0,
EH,MIK,NL,1340,IBTS,,64T2,MRN2,dO,,WovFab,,,2020NL064,,20203400164,29,1,2020,5,11,57.3595,0.45633,18,6,1525,,,2.0,3.14159,1,1,EMD,Valeport,14128,8,67460,35,5191,F,0,76,85,8.0,,,,8.0,34.84,,34.85,43F0,
EH,MIK,NL,1340,IBTS,,64T2,MRN2,dO,,WovFab,,,2020NL065,,20203400165,29,1,2020,17,34,57.2755,1.40917,17,36,1501,,,2.0,3.14159,1,0,EMD,Valeport,13084,8,54984,35,4807,F,0,88,99,8.1,,,,8.2,34.95,,35.00,43F1,
EH,MIK,NL,1340,IBTS,,64T2,MRN2,dO,,WovFab,,,2020NL066,,20203400166,29,1,2020,18,33,57.424,1.2745,20,18,2127,,,2.0,3.14159,1,0,EMD,Valeport,17046,8,72104,35,6263,F,0,80,91,8.1,,,,8.1,34.92,,34.93,43F1,
EH,MIK,NL,1340,IBTS,,64T2,MRN2,dO,,WovFab,,,2020NL067,,20203400167,29,1,2020,19,40,57.61783,1.2195,,,,,,2.0,3.14159,1,0,EMD,Valeport,16678,8,67448,35,6128,F,0,80,86,8.0,,,,8.1,34.92,,34.96,44F1,
EH,MIK,NL,1340,IBTS,,64T2,MRN2,dO,,WovFab,,,2020NL068,,20203400168,29,1,2020,20,43,57.7925,1.16967,19,42,2347,,,2.0,3.14159,1,0,EMD,Valeport,16989,8,69614,35,6242,F,0,78,88,8.1,,,,8.1,35.04,,35.06,44F1,
EH,MIK,NL,1340,IBTS,,64T2,MRN2,dO,,WovFab,,,2020NL069,,20203400169,29,1,2020,22,9,57.654,0.841,,,,,,2.0,3.14159,1,0,EMD,Valeport,16046,8,69660,35,5895,F,0,112,119,8.1,,,,8.1,35.07,,35.07,44F0,
EH,MIK,NL,1340,IBTS,,64T2,MRN2,dO,,WovFab,,,2020NL070,,20203400170,29,1,2020,23,24,57.58917,0.554,13,6,1012,,,2.0,3.14159,1,1,EMD,Valeport,9155,8,43117,35,3363,F,0,82,91,8.1,,,,8.1,34.99,,35.02,44F0,
EH,MIK,NL,1340,IBTS,,64T2,MRN2,dO,,WovFab,,,2020NL071,,20203400171,30,1,2020,1,45,57.4005,-0.1575,12,36,1280,,,2.0,3.14159,1,1,EMD,Valeport,9036,8,42266,35,3320,F,0,71,79,7.9,,,,7.9,34.85,,34.85,43E9,
EH,MIK,NL,1340,IBTS,,64T2,MRN2,dO,,WovFab,,,2020NL072,,20203400172,30,1,2020,3,4,57.21683,-0.20067,17,18,1899,,,2.0,3.14159,1,2,EMD,Valeport,8226,8,59292,35,3022,F,0,83,92,7.7,,,,7.8,34.71,,34.74,43E9,
EH,MIK,NL,1340,IBTS,,64T2,MRN2,dO,,WovFab,,,2020NL073,,20203400173,31,1,2020,3,58,57.101,-0.83483,14,0,1121,,,2.0,3.14159,1,1,EMD,Valeport,11320,8,53842,35,4159,F,0,66,73,7.5,,,,7.5,34.61,,34.61,43E9,
EH,MIK,NL,1340,IBTS,,64T2,MRN2,dO,,WovFab,,,2020NL074,,20203400174,31,1,2020,5,13,57.1525,-0.4685,16,12,1619,,,2.0,3.14159,1,1,EMD,Valeport,10681,8,53556,35,3924,F,0,81,86,7.7,,,,7.7,34.72,,34.74,43E9,
EH,MIK,NL,1340,IBTS,,64T2,MRN2,dO,,WovFab,,,2020NL075,,20203400175,31,1,2020,17,36,56.402,0.15483,15,24,1487,,,2.0,3.14159,1,0,EMD,Valeport,10618,8,43547,35,3901,F,0,78,88,7.8,,,,7.8,34.82,,34.84,41F0,
EH,MIK,NL,1340,IBTS,,64T2,MRN2,dO,,WovFab,,,2020NL076,,20203400176,31,1,2020,18,56,56.30833,-0.191,14,30,1422,,,2.0,3.14159,1,0,EMD,Valeport,11477,8,,35,4217,F,0,81,87,7.8,,,,7.9,34.75,,34.82,41E9,
EH,MIK,NL,1340,IBTS,,64T2,MRN2,dO,,WovFab,,,2020NL077,,20203400177,31,1,2020,20,8,56.15567,-0.3865,18,42,2084,,,2.0,3.14159,1,0,EMD,Valeport,17285,8,,35,6351,F,0,70,80,7.6,,,,7.7,34.65,,34.75,41E9,
EH,MIK,NL,1340,IBTS,,64T2,MRN2,dO,,WovFab,,,2020NL078,,20203400178,31,1,2020,21,18,56.25517,-0.7025,15,54,1749,,,2.0,3.14159,1,1,EMD,Valeport,13978,8,65104,35,5136,F,0,66,76,7.4,,,,7.8,34.39,,34.63,41E9,
EH,MIK,NL,1340,IBTS,,64T2,MRN2,dO,,WovFab,,,2020NL079,,20203400179,31,1,2020,22,19,56.45217,-0.70917,18,18,2522,,,2.0,3.14159,1,1,EMD,Valeport,17415,8,84620,35,6398,F,0,65,72,7.5,,,,7.5,34.64,,34.65,41E9,
EH,MIK,NL,1340,IBTS,,64T2,MRN2,dO,,WovFab,,,2020NL080,,20203400180,31,1,2020,23,28,56.60483,-0.77217,11,54,1691,,,2.0,3.14159,1,1,EMD,Valeport,10476,8,50565,35,3849,F,0,61,70,7.7,,,,7.7,34.77,,34.78,42E9,
EH,MIK,NL,1340,IBTS,,64T2,MRN2,dO,,WovFab,,,2020NL081,,20203400181,1,2,2020,0,42,56.76967,-0.81767,13,54,1649,,,2.0,3.14159,1,1,EMD,Valeport,12220,8,59391,35,4490,F,0,60,69,7.7,,,,7.7,34.71,,34.68,42E9,
EH,MIK,NL,1340,IBTS,,64T2,MRN2,dO,,WovFab,,,2020NL082,,20203400182,12,2,2020,18,15,55.242,-1.13417,0,0,2303,,,2.0,3.14159,1,0,EMD,Valeport,14867,8,,35,5462,F,0,86,96,7.2,,,,7.2,34.53,,34.53,39E8,
EH,MIK,NL,1340,IBTS,,64T2,MRN2,dO,,WovFab,,,2020NL083,,20203400183,12,2,2020,19,31,55.08567,-1.1075,18,0,1900,,,2.0,3.14159,1,0,EMD,Valeport,14400,8,,35,5291,F,0,80,88,7.1,,,,7.1,34.47,,34.49,39E8,
EH,MIK,NL,1340,IBTS,,64T2,MRN2,dO,,WovFab,,,2020NL084,,20203400184,12,2,2020,20,39,55.09017,-0.76983,13,48,1453,,,2.0,3.14159,1,1,EMD,Valeport,10772,8,53552,35,3958,F,0,59,67,7.3,,,,7.3,34.59,,34.59,39E9,
EH,MIK,NL,1340,IBTS,,64T2,MRN2,dO,,WovFab,,,2020NL085,,20203400185,12,2,2020,21,53,55.10133,-0.32617,17,6,1657,,,2.0,3.14159,1,0,EMD,Valeport,12964,8,64145,35,4763,F,0,78,84,7.5,,,,7.5,34.68,,34.68,39E9,
EH,MIK,NL,1340,IBTS,,64T2,MRN2,dO,,WovFab,,,2020NL086,,20203400186,12,2,2020,23,23,55.10083,0.167,11,30,1202,,,2.0,3.14159,1,0,EMD,Valeport,,8,42960,35,,,0,65,71,7.4,,,,7.4,34.64,,34.65,39F0,
EH,MIK,NL,1340,IBTS,,64T2,MRN2,dO,,WovFab,,,2020NL087,,20203400187,13,2,2020,0,25,55.10133,0.484,13,24,1313,,,2.0,3.14159,1,1,EMD,Valeport,9550,8,48071,35,3509,F,0,76,80,7.3,,,,7.4,34.85,,34.85,39F0,
EH,MIK,NL,1340,IBTS,,64T2,MRN2,dO,,WovFab,,,2020NL088,,20203400188,13,2,2020,1,38,54.90883,0.589,11,6,570,,,2.0,3.14159,1,3,EMD,Valeport,7451,8,,35,2737,F,0,70,77,7.3,,,,7.3,34.77,,34.81,38F0,
EH,MIK,NL,1340,IBTS,,64T2,MRN2,dO,,WovFab,,,2020NL089,,20203400189,13,2,2020,2,41,54.8055,0.834,10,48,594,,,2.0,3.14159,1,1,EMD,Valeport,7477,8,36157,35,2747,F,0,67,75,7.3,,,,7.3,34.82,,34.82,38F0,
EH,MIK,NL,1340,IBTS,,64T2,MRN2,dO,,WovFab,,,2020NL090,,20203400190,13,2,2020,3,46,54.8235,1.175,11,0,1164,,,2.0,3.14159,1,1,EMD,Valeport,9694,8,48858,35,3561,F,0,38,44,7.3,,,,7.2,34.82,,34.82,38F1,
EH,MIK,NL,1340,IBTS,,64T2,MRN2,dO,,WovFab,,,2020NL091,,20203400191,13,2,2020,4,46,54.851,1.48917,11,6,1027,,,2.0,3.14159,1,1,EMD,Valeport,8616,8,44260,35,3165,F,0,22,32,7.0,,,,7.0,34.82,,34.82,38F1,
EH,MIK,NL,1340,IBTS,,64T2,MRN2,dO,,WovFab,,,2020NL092,,20203400192,13,2,2020,18,17,54.1685,2.525,13,36,1206,,,2.0,3.14159,1,1,EMD,Valeport,10296,8,51198,35,3783,F,0,50,58,6.9,,,,6.9,34.72,,34.72,37F2,
EH,MIK,NL,1340,IBTS,,64T2,MRN2,dO,,WovFab,,,2020NL093,,20203400193,13,2,2020,19,41,54.40233,2.54183,10,12,849,,,2.0,3.14159,1,1,EMD,Valeport,7237,8,36020,35,2659,F,0,26,30,6.7,,,,6.7,34.85,,34.85,37F2,
EH,MIK,NL,1340,IBTS,,64T2,MRN2,dO,,WovFab,,,2020NL094,,20203400194,13,2,2020,20,43,54.5905,2.53883,10,36,764,,,2.0,3.14159,1,1,EMD,Valeport,6978,8,37002,35,2563,F,0,18,24,6.7,,,,,34.85,,,38F2,
EH,MIK,NL,1340,IBTS,,64T2,MRN2,dO,,WovFab,,,2020NL095,,20203400195,13,2,2020,21,45,54.75933,2.543,12,18,938,,,2.0,3.14159,1,1,EMD,Valeport,8629,8,44489,35,3170,F,0,19,25,7.0,,,,7.0,34.93,,34.93,38F2,
EH,MIK,NL,1340,IBTS,,64T2,MRN2,dO,,WovFab,,,2020NL096,,20203400196,13,2,2020,22,43,54.74217,2.85217,10,24,1192,,,2.0,3.14159,1,1,EMD,Valeport,7574,8,39148,35,2782,F,0,15,20,7.0,,,,,34.97,,,38F2,
EH,MIK,NL,1340,IBTS,,64T2,MRN2,dO,,WovFab,,,2020NL097,,20203400197,13,2,2020,23,39,54.73767,3.15233,10,54,1106,,,2.0,3.14159,1,1,EMD,Valeport,7932,8,40076,35,2914,F,0,32,39,6.9,,,,7.0,34.93,,34.95,38F3,
EH,MIK,NL,1340,IBTS,,64T2,MRN2,dO,,WovFab,,,2020NL098,,20203400198,14,2,2020,0,35,54.57583,3.27467,13,54,1357,,,2.0,3.14159,1,1,EMD,Valeport,10230,8,50471,35,3758,F,0,35,41,6.7,,,,6.7,34.84,,34.84,38F3,
EH,MIK,NL,1340,IBTS,,64T2,MRN2,dO,,WovFab,,,2020NL099,,20203400199,14,2,2020,1,40,54.401,3.4055,10,30,1055,,,2.0,3.14159,1,1,EMD,Valeport,8243,8,40411,35,3028,F,0,39,46,6.7,,,,6.7,34.71,,34.71,37F3,
EH,MIK,NL,1340,IBTS,,64T2,MRN2,dO,,WovFab,,,2020NL100,,20203400200,14,2,2020,2,35,54.23617,3.51,10,30,995,,,2.0,3.14159,1,1,EMD,Valeport,8300,8,41402,35,3049,F,0,38,46,6.7,,,,6.7,34.64,,34.64,37F3,
