RecordType,HaulID,Species,ELSampleFlag,IndividualNumber,Length,DevScale,DevStage,Number,SubFactor,SpecIdentMethod,OilGlobulesFlag,OilGlobulesNumber,OilGlobulesDiam,PreservationMethod,Notes
EM,2020DE_002,Clupea harengus,LV,,15,,,1,1,,,,,,
EM,2020DE_003,Clupea harengus,LV,,15,,,1,1,,,,,,
EM,2020DE_003,Clupea harengus,LV,,25,,,1,1,,,,,,
EM,2020DE_004,Clupea harengus,LV,,23,,,2,1,,,,,,
EM,2020DE_004,Clupea harengus,LV,,24,,,5,1,,,,,,
EM,2020DE_004,Clupea harengus,LV,,25,,,1,1,,,,,,
EM,2020DE_004,Clupea harengus,LV,,26,,,1,1,,,,,,
EM,2020DE_004,Clupea harengus,LV,,27,,,2,1,,,,,,
EM,2020DE_004,Clupea harengus,LV,,28,,,3,1,,,,,,
EM,2020DE_004,Clupea harengus,LV,,29,,,1,1,,,,,,
EM,2020DE_005,Clupea harengus,LV,,21,,,2,1,,,,,,
EM,2020DE_005,Clupea harengus,LV,,23,,,4,1,,,,,,
EM,2020DE_005,Clupea harengus,LV,,24,,,5,1,,,,,,
EM,2020DE_005,Clupea harengus,LV,,25,,,3,1,,,,,,
EM,2020DE_005,Clupea harengus,LV,,26,,,2,1,,,,,,
EM,2020DE_005,Clupea harengus,LV,,27,,,8,1,,,,,,
EM,2020DE_005,Clupea harengus,LV,,28,,,9,1,,,,,,
EM,2020DE_005,Clupea harengus,LV,,29,,,1,1,,,,,,
EM,2020DE_005,Clupea harengus,LV,,30,,,1,1,,,,,,
EM,2020DE_005,Clupea harengus,LV,,31,,,1,1,,,,,,
EM,2020DE_006,Clupea harengus,LV,,17,,,1,1,,,,,,
EM,2020DE_006,Clupea harengus,LV,,19,,,1,1,,,,,,
EM,2020DE_006,Clupea harengus,LV,,20,,,1,1,,,,,,
EM,2020DE_006,Clupea harengus,LV,,21,,,2,1,,,,,,
EM,2020DE_006,Clupea harengus,LV,,22,,,6,1,,,,,,
EM,2020DE_006,Clupea harengus,LV,,23,,,6,1,,,,,,
EM,2020DE_006,Clupea harengus,LV,,24,,,11,1,,,,,,
EM,2020DE_006,Clupea harengus,LV,,25,,,11,1,,,,,,
EM,2020DE_006,Clupea harengus,LV,,26,,,11,1,,,,,,
EM,2020DE_006,Clupea harengus,LV,,27,,,7,1,,,,,,
EM,2020DE_006,Clupea harengus,LV,,28,,,7,1,,,,,,
EM,2020DE_006,Clupea harengus,LV,,30,,,2,1,,,,,,
EM,2020DE_007,Clupea harengus,LV,,25,,,1,1,,,,,,
EM,2020DE_007,Clupea harengus,LV,,26,,,3,1,,,,,,
EM,2020DE_007,Clupea harengus,LV,,27,,,3,1,,,,,,
EM,2020DE_007,Clupea harengus,LV,,29,,,1,1,,,,,,
EM,2020DE_008,Clupea harengus,LV,,23,,,4,1,,,,,,
EM,2020DE_008,Clupea harengus,LV,,28,,,1,1,,,,,,
EM,2020DE_010,Clupea harengus,LV,,26,,,1,1,,,,,,
EM,2020DE_014,Clupea harengus,LV,,26,,,1,1,,,,,,
EM,2020DE_014,Clupea harengus,LV,,28,,,2,1,,,,,,
EM,2020DE_014,Clupea harengus,LV,,29,,,1,1,,,,,,
EM,2020DE_014,Clupea harengus,LV,,31,,,2,1,,,,,,
EM,2020DE_015,Clupea harengus,LV,,24,,,2,1,,,,,,
EM,2020DE_015,Clupea harengus,LV,,25,,,6,1,,,,,,
EM,2020DE_015,Clupea harengus,LV,,26,,,1,1,,,,,,
EM,2020DE_015,Clupea harengus,LV,,27,,,8,1,,,,,,
EM,2020DE_015,Clupea harengus,LV,,28,,,8,1,,,,,,
EM,2020DE_015,Clupea harengus,LV,,29,,,2,1,,,,,,
EM,2020DE_015,Clupea harengus,LV,,30,,,18,1,,,,,,
EM,2020DE_015,Clupea harengus,LV,,31,,,9,1,,,,,,
EM,2020DE_016,Clupea harengus,LV,,24,,,2,1,,,,,,
EM,2020DE_016,Clupea harengus,LV,,25,,,1,1,,,,,,
EM,2020DE_016,Clupea harengus,LV,,26,,,2,1,,,,,,
EM,2020DE_016,Clupea harengus,LV,,27,,,1,1,,,,,,
EM,2020DE_016,Clupea harengus,LV,,29,,,1,1,,,,,,
EM,2020DE_017,Clupea harengus,LV,,23,,,1,1,,,,,,
EM,2020DE_017,Clupea harengus,LV,,24,,,1,1,,,,,,
EM,2020DE_017,Clupea harengus,LV,,25,,,2,1,,,,,,
EM,2020DE_017,Clupea harengus,LV,,27,,,2,1,,,,,,
EM,2020DE_017,Clupea harengus,LV,,28,,,1,1,,,,,,
EM,2020DE_018,Clupea harengus,LV,,29,,,1,1,,,,,,
EM,2020DE_019,Clupea harengus,LV,,18,,,2,1,,,,,,
EM,2020DE_019,Clupea harengus,LV,,19,,,2,1,,,,,,
EM,2020DE_019,Clupea harengus,LV,,23,,,1,1,,,,,,
EM,2020DE_019,Clupea harengus,LV,,26,,,1,1,,,,,,
EM,2020DE_019,Clupea harengus,LV,,27,,,2,1,,,,,,
EM,2020DE_020,Clupea harengus,LV,,18,,,1,1,,,,,,
EM,2020DE_020,Clupea harengus,LV,,20,,,2,1,,,,,,
EM,2020DE_020,Clupea harengus,LV,,21,,,1,1,,,,,,
EM,2020DE_020,Clupea harengus,LV,,22,,,1,1,,,,,,
EM,2020DE_020,Clupea harengus,LV,,23,,,3,1,,,,,,
EM,2020DE_020,Clupea harengus,LV,,24,,,2,1,,,,,,
EM,2020DE_020,Clupea harengus,LV,,25,,,3,1,,,,,,
EM,2020DE_020,Clupea harengus,LV,,26,,,1,1,,,,,,
EM,2020DE_020,Clupea harengus,LV,,27,,,3,1,,,,,,
EM,2020DE_020,Clupea harengus,LV,,28,,,1,1,,,,,,
EM,2020DE_020,Clupea harengus,LV,,30,,,3,1,,,,,,
EM,2020DE_020,Clupea harengus,LV,,31,,,1,1,,,,,,
EM,2020DE_021,Clupea harengus,LV,,15,,,3,1,,,,,,
EM,2020DE_021,Clupea harengus,LV,,17,,,2,1,,,,,,
EM,2020DE_021,Clupea harengus,LV,,18,,,2,1,,,,,,
EM,2020DE_021,Clupea harengus,LV,,19,,,3,1,,,,,,
EM,2020DE_021,Clupea harengus,LV,,20,,,11,1,,,,,,
EM,2020DE_021,Clupea harengus,LV,,21,,,6,1,,,,,,
EM,2020DE_021,Clupea harengus,LV,,22,,,4,1,,,,,,
EM,2020DE_021,Clupea harengus,LV,,23,,,1,1,,,,,,
EM,2020DE_021,Clupea harengus,LV,,24,,,3,1,,,,,,
EM,2020DE_021,Clupea harengus,LV,,25,,,5,1,,,,,,
EM,2020DE_021,Clupea harengus,LV,,27,,,5,1,,,,,,
EM,2020DE_021,Clupea harengus,LV,,30,,,3,1,,,,,,
EM,2020DE_021,Clupea harengus,LV,,31,,,2,1,,,,,,
EM,2020DE_021,Clupea harengus,LV,,32,,,2,1,,,,,,
EM,2020DE_022,Clupea harengus,LV,,20,,,6,1,,,,,,
EM,2020DE_022,Clupea harengus,LV,,21,,,9,1,,,,,,
EM,2020DE_022,Clupea harengus,LV,,23,,,6,1,,,,,,
EM,2020DE_022,Clupea harengus,LV,,24,,,6,1,,,,,,
EM,2020DE_022,Clupea harengus,LV,,25,,,18,1,,,,,,
EM,2020DE_022,Clupea harengus,LV,,27,,,6,1,,,,,,
EM,2020DE_022,Clupea harengus,LV,,28,,,12,1,,,,,,
EM,2020DE_022,Clupea harengus,LV,,30,,,6,1,,,,,,
EM,2020DE_023,Clupea harengus,LV,,17,,,1,1,,,,,,
EM,2020DE_023,Clupea harengus,LV,,19,,,3,1,,,,,,
EM,2020DE_023,Clupea harengus,LV,,22,,,4,1,,,,,,
EM,2020DE_023,Clupea harengus,LV,,23,,,3,1,,,,,,
EM,2020DE_023,Clupea harengus,LV,,26,,,2,1,,,,,,
EM,2020DE_023,Clupea harengus,LV,,28,,,3,1,,,,,,
EM,2020DE_023,Clupea harengus,LV,,29,,,2,1,,,,,,
EM,2020DE_023,Clupea harengus,LV,,32,,,1,1,,,,,,
EM,2020DE_024,Clupea harengus,LV,,22,,,5,1,,,,,,
EM,2020DE_024,Clupea harengus,LV,,23,,,1,1,,,,,,
EM,2020DE_024,Clupea harengus,LV,,24,,,6,1,,,,,,
EM,2020DE_024,Clupea harengus,LV,,25,,,5,1,,,,,,
EM,2020DE_024,Clupea harengus,LV,,26,,,4,1,,,,,,
EM,2020DE_024,Clupea harengus,LV,,27,,,8,1,,,,,,
EM,2020DE_024,Clupea harengus,LV,,28,,,5,1,,,,,,
EM,2020DE_024,Clupea harengus,LV,,29,,,2,1,,,,,,
EM,2020DE_024,Clupea harengus,LV,,30,,,1,1,,,,,,
EM,2020DE_024,Clupea harengus,LV,,31,,,2,1,,,,,,
EM,2020DE_025,Clupea harengus,LV,,19,,,1,1,,,,,,
EM,2020DE_025,Clupea harengus,LV,,20,,,2,1,,,,,,
EM,2020DE_025,Clupea harengus,LV,,21,,,6,1,,,,,,
EM,2020DE_025,Clupea harengus,LV,,22,,,7,1,,,,,,
EM,2020DE_025,Clupea harengus,LV,,23,,,10,1,,,,,,
EM,2020DE_025,Clupea harengus,LV,,24,,,4,1,,,,,,
EM,2020DE_025,Clupea harengus,LV,,25,,,6,1,,,,,,
EM,2020DE_025,Clupea harengus,LV,,26,,,13,1,,,,,,
EM,2020DE_025,Clupea harengus,LV,,28,,,2,1,,,,,,
EM,2020DE_025,Clupea harengus,LV,,29,,,2,1,,,,,,
EM,2020DE_025,Clupea harengus,LV,,31,,,2,1,,,,,,
EM,2020DE_026,Clupea harengus,LV,,20,,,2,1,,,,,,
EM,2020DE_026,Clupea harengus,LV,,21,,,3,1,,,,,,
EM,2020DE_026,Clupea harengus,LV,,22,,,11,1,,,,,,
EM,2020DE_026,Clupea harengus,LV,,23,,,10,1,,,,,,
EM,2020DE_026,Clupea harengus,LV,,24,,,7,1,,,,,,
EM,2020DE_026,Clupea harengus,LV,,25,,,1,1,,,,,,
EM,2020DE_026,Clupea harengus,LV,,26,,,4,1,,,,,,
EM,2020DE_026,Clupea harengus,LV,,27,,,1,1,,,,,,
EM,2020DE_026,Clupea harengus,LV,,28,,,2,1,,,,,,
EM,2020DE_027,Clupea harengus,LV,,15,,,2,1,,,,,,
EM,2020DE_027,Clupea harengus,LV,,16,,,2,1,,,,,,
EM,2020DE_027,Clupea harengus,LV,,18,,,6,1,,,,,,
EM,2020DE_027,Clupea harengus,LV,,19,,,1,1,,,,,,
EM,2020DE_027,Clupea harengus,LV,,20,,,7,1,,,,,,
EM,2020DE_027,Clupea harengus,LV,,21,,,4,1,,,,,,
EM,2020DE_027,Clupea harengus,LV,,22,,,2,1,,,,,,
EM,2020DE_027,Clupea harengus,LV,,23,,,6,1,,,,,,
EM,2020DE_027,Clupea harengus,LV,,24,,,2,1,,,,,,
EM,2020DE_027,Clupea harengus,LV,,25,,,6,1,,,,,,
EM,2020DE_027,Clupea harengus,LV,,26,,,1,1,,,,,,
EM,2020DE_027,Clupea harengus,LV,,28,,,2,1,,,,,,
EM,2020DE_027,Clupea harengus,LV,,30,,,2,1,,,,,,
EM,2020DE_027,Clupea harengus,LV,,32,,,1,1,,,,,,
EM,2020DE_028,Clupea harengus,LV,,22,,,1,1,,,,,,
EM,2020DE_028,Clupea harengus,LV,,23,,,3,1,,,,,,
EM,2020DE_028,Clupea harengus,LV,,27,,,1,1,,,,,,
EM,2020DE_029,Clupea harengus,LV,,23,,,1,1,,,,,,
EM,2020DE_029,Clupea harengus,LV,,24,,,1,1,,,,,,
EM,2020DE_029,Clupea harengus,LV,,25,,,2,1,,,,,,
EM,2020DE_029,Clupea harengus,LV,,26,,,1,1,,,,,,
EM,2020DE_030,Clupea harengus,LV,,19,,,1,1,,,,,,
EM,2020DE_030,Clupea harengus,LV,,20,,,1,1,,,,,,
EM,2020DE_030,Clupea harengus,LV,,21,,,2,1,,,,,,
EM,2020DE_030,Clupea harengus,LV,,22,,,4,1,,,,,,
EM,2020DE_030,Clupea harengus,LV,,23,,,2,1,,,,,,
EM,2020DE_030,Clupea harengus,LV,,24,,,3,1,,,,,,
EM,2020DE_030,Clupea harengus,LV,,25,,,3,1,,,,,,
EM,2020DE_030,Clupea harengus,LV,,26,,,3,1,,,,,,
EM,2020DE_030,Clupea harengus,LV,,27,,,3,1,,,,,,
EM,2020DE_030,Clupea harengus,LV,,28,,,6,1,,,,,,
EM,2020DE_030,Clupea harengus,LV,,29,,,3,1,,,,,,
EM,2020DE_030,Clupea harengus,LV,,30,,,1,1,,,,,,
EM,2020DE_030,Clupea harengus,LV,,31,,,1,1,,,,,,
EM,2020DE_030,Clupea harengus,LV,,32,,,1,1,,,,,,
EM,2020DE_031,Clupea harengus,LV,,11,,,4,1,,,,,,
EM,2020DE_031,Clupea harengus,LV,,12,,,15,1,,,,,,
EM,2020DE_031,Clupea harengus,LV,,13,,,15,1,,,,,,
EM,2020DE_031,Clupea harengus,LV,,14,,,12,1,,,,,,
EM,2020DE_031,Clupea harengus,LV,,15,,,2,1,,,,,,
EM,2020DE_031,Clupea harengus,LV,,16,,,4,1,,,,,,
EM,2020DE_031,Clupea harengus,LV,,17,,,1,1,,,,,,
EM,2020DE_031,Clupea harengus,LV,,18,,,1,1,,,,,,
EM,2020DE_031,Clupea harengus,LV,,19,,,3,1,,,,,,
EM,2020DE_031,Clupea harengus,LV,,20,,,4,1,,,,,,
EM,2020DE_031,Clupea harengus,LV,,22,,,11,1,,,,,,
EM,2020DE_031,Clupea harengus,LV,,23,,,3,1,,,,,,
EM,2020DE_031,Clupea harengus,LV,,24,,,5,1,,,,,,
EM,2020DE_031,Clupea harengus,LV,,25,,,4,1,,,,,,
EM,2020DE_031,Clupea harengus,LV,,26,,,6,1,,,,,,
EM,2020DE_031,Clupea harengus,LV,,27,,,4,1,,,,,,
EM,2020DE_031,Clupea harengus,LV,,28,,,3,1,,,,,,
EM,2020DE_031,Clupea harengus,LV,,29,,,3,1,,,,,,
EM,2020DE_031,Clupea harengus,LV,,30,,,2,1,,,,,,
EM,2020DE_031,Clupea harengus,LV,,31,,,3,1,,,,,,
EM,2020DE_031,Clupea harengus,LV,,32,,,2,1,,,,,,
EM,2020DE_032,Clupea harengus,LV,,22,,,2,1,,,,,,
EM,2020DE_032,Clupea harengus,LV,,23,,,1,1,,,,,,
EM,2020DE_032,Clupea harengus,LV,,24,,,1,1,,,,,,
EM,2020DE_032,Clupea harengus,LV,,25,,,1,1,,,,,,
EM,2020DE_032,Clupea harengus,LV,,26,,,1,1,,,,,,
EM,2020DE_032,Clupea harengus,LV,,27,,,1,1,,,,,,
EM,2020DE_032,Clupea harengus,LV,,29,,,2,1,,,,,,
EM,2020DE_032,Clupea harengus,LV,,30,,,1,1,,,,,,
EM,2020DE_032,Clupea harengus,LV,,31,,,4,1,,,,,,
EM,2020DE_032,Clupea harengus,LV,,33,,,1,1,,,,,,
EM,2020DE_033,Clupea harengus,LV,,27,,,1,1,,,,,,
EM,2020DE_033,Clupea harengus,LV,,32,,,1,1,,,,,,
EM,2020DE_036,Clupea harengus,LV,,23,,,1,1,,,,,,
EM,2020DE_036,Clupea harengus,LV,,26,,,1,1,,,,,,
EM,2020DE_036,Clupea harengus,LV,,28,,,1,1,,,,,,
EM,2020DE_036,Clupea harengus,LV,,31,,,1,1,,,,,,
EM,2020DE_036,Clupea harengus,LV,,32,,,2,1,,,,,,
EM,2020DE_036,Clupea harengus,LV,,33,,,2,1,,,,,,
EM,2020DE_036,Clupea harengus,LV,,34,,,1,1,,,,,,
EM,2020DE_036,Clupea harengus,LV,,35,,,3,1,,,,,,
EM,2020DE_036,Clupea harengus,LV,,36,,,2,1,,,,,,
EM,2020DE_037,Clupea harengus,LV,,22,,,1,1,,,,,,
EM,2020DE_037,Clupea harengus,LV,,23,,,1,1,,,,,,
EM,2020DE_037,Clupea harengus,LV,,26,,,1,1,,,,,,
EM,2020DE_037,Clupea harengus,LV,,28,,,5,1,,,,,,
EM,2020DE_037,Clupea harengus,LV,,29,,,1,1,,,,,,
EM,2020DE_037,Clupea harengus,LV,,30,,,4,1,,,,,,
EM,2020DE_037,Clupea harengus,LV,,31,,,4,1,,,,,,
EM,2020DE_037,Clupea harengus,LV,,32,,,3,1,,,,,,
EM,2020DE_037,Clupea harengus,LV,,33,,,1,1,,,,,,
EM,2020DE_037,Clupea harengus,LV,,34,,,3,1,,,,,,
EM,2020DE_037,Clupea harengus,LV,,35,,,1,1,,,,,,
EM,2020DE_037,Clupea harengus,LV,,36,,,1,1,,,,,,
EM,2020DE_038,Clupea harengus,LV,,21,,,1,1,,,,,,
EM,2020DE_038,Clupea harengus,LV,,29,,,1,1,,,,,,
EM,2020DE_038,Clupea harengus,LV,,32,,,1,1,,,,,,
EM,2020DE_039,Clupea harengus,LV,,24,,,1,1,,,,,,
EM,2020DE_039,Clupea harengus,LV,,33,,,1,1,,,,,,
EM,2020DE_039,Clupea harengus,LV,,38,,,1,1,,,,,,
EM,2020DE_040,Clupea harengus,LV,,18,,,1,1,,,,,,
EM,2020DE_040,Clupea harengus,LV,,23,,,1,1,,,,,,
EM,2020DE_040,Clupea harengus,LV,,25,,,1,1,,,,,,
EM,2020DE_040,Clupea harengus,LV,,27,,,6,1,,,,,,
EM,2020DE_040,Clupea harengus,LV,,28,,,8,1,,,,,,
EM,2020DE_040,Clupea harengus,LV,,29,,,2,1,,,,,,
EM,2020DE_040,Clupea harengus,LV,,30,,,8,1,,,,,,
EM,2020DE_040,Clupea harengus,LV,,31,,,2,1,,,,,,
EM,2020DE_040,Clupea harengus,LV,,32,,,1,1,,,,,,
EM,2020DE_040,Clupea harengus,LV,,33,,,1,1,,,,,,
EM,2020DE_041,Clupea harengus,LV,,25,,,3,1,,,,,,
EM,2020DE_041,Clupea harengus,LV,,26,,,3,1,,,,,,
EM,2020DE_041,Clupea harengus,LV,,28,,,4,1,,,,,,
EM,2020DE_041,Clupea harengus,LV,,29,,,1,1,,,,,,
EM,2020DE_041,Clupea harengus,LV,,30,,,2,1,,,,,,
EM,2020DE_041,Clupea harengus,LV,,31,,,3,1,,,,,,
EM,2020DE_041,Clupea harengus,LV,,33,,,1,1,,,,,,
EM,2020DE_042,Clupea harengus,LV,,16,,,1,1,,,,,,
EM,2020DE_042,Clupea harengus,LV,,21,,,1,1,,,,,,
EM,2020DE_042,Clupea harengus,LV,,22,,,3,1,,,,,,
EM,2020DE_042,Clupea harengus,LV,,24,,,1,1,,,,,,
EM,2020DE_042,Clupea harengus,LV,,25,,,2,1,,,,,,
EM,2020DE_043,Clupea harengus,LV,,20,,,1,1,,,,,,
EM,2020DE_043,Clupea harengus,LV,,21,,,1,1,,,,,,
EM,2020DE_043,Clupea harengus,LV,,22,,,2,1,,,,,,
EM,2020DE_043,Clupea harengus,LV,,23,,,7,1,,,,,,
EM,2020DE_043,Clupea harengus,LV,,24,,,7,1,,,,,,
EM,2020DE_043,Clupea harengus,LV,,25,,,1,1,,,,,,
EM,2020DE_043,Clupea harengus,LV,,26,,,1,1,,,,,,
EM,2020DE_043,Clupea harengus,LV,,27,,,3,1,,,,,,
EM,2020DE_044,Clupea harengus,LV,,19,,,1,1,,,,,,
EM,2020DE_044,Clupea harengus,LV,,21,,,6,1,,,,,,
EM,2020DE_044,Clupea harengus,LV,,22,,,7,1,,,,,,
EM,2020DE_044,Clupea harengus,LV,,23,,,1,1,,,,,,
EM,2020DE_044,Clupea harengus,LV,,24,,,5,1,,,,,,
EM,2020DE_044,Clupea harengus,LV,,25,,,3,1,,,,,,
EM,2020DE_044,Clupea harengus,LV,,27,,,1,1,,,,,,
EM,2020DE_044,Clupea harengus,LV,,28,,,1,1,,,,,,
EM,2020DE_045,Clupea harengus,LV,,21,,,1,1,,,,,,
EM,2020DE_045,Clupea harengus,LV,,22,,,1,1,,,,,,
EM,2020DE_045,Clupea harengus,LV,,23,,,2,1,,,,,,
EM,2020DE_045,Clupea harengus,LV,,24,,,5,1,,,,,,
EM,2020DE_045,Clupea harengus,LV,,25,,,3,1,,,,,,
EM,2020DE_045,Clupea harengus,LV,,28,,,1,1,,,,,,
EM,2020DE_046,Clupea harengus,LV,,21,,,3,1,,,,,,
EM,2020DE_046,Clupea harengus,LV,,22,,,1,1,,,,,,
EM,2020DE_046,Clupea harengus,LV,,23,,,1,1,,,,,,
EM,2020DE_046,Clupea harengus,LV,,24,,,2,1,,,,,,
EM,2020DE_046,Clupea harengus,LV,,25,,,1,1,,,,,,
EM,2020DE_046,Clupea harengus,LV,,26,,,1,1,,,,,,
EM,2020DE_046,Clupea harengus,LV,,27,,,1,1,,,,,,
EM,2020DE_047,Clupea harengus,LV,,22,,,1,1,,,,,,
EM,2020DE_047,Clupea harengus,LV,,23,,,2,1,,,,,,
EM,2020DE_047,Clupea harengus,LV,,24,,,1,1,,,,,,
EM,2020DE_048,Clupea harengus,LV,,19,,,4,1,,,,,,
EM,2020DE_048,Clupea harengus,LV,,20,,,7,1,,,,,,
EM,2020DE_048,Clupea harengus,LV,,21,,,5,1,,,,,,
EM,2020DE_048,Clupea harengus,LV,,22,,,4,1,,,,,,
EM,2020DE_048,Clupea harengus,LV,,23,,,7,1,,,,,,
EM,2020DE_048,Clupea harengus,LV,,24,,,4,1,,,,,,
EM,2020DE_048,Clupea harengus,LV,,28,,,2,1,,,,,,
EM,2020DE_049,Clupea harengus,LV,,20,,,1,1,,,,,,
EM,2020DE_049,Clupea harengus,LV,,22,,,5,1,,,,,,
EM,2020DE_049,Clupea harengus,LV,,23,,,13,1,,,,,,
EM,2020DE_049,Clupea harengus,LV,,25,,,4,1,,,,,,
EM,2020DE_049,Clupea harengus,LV,,26,,,5,1,,,,,,
EM,2020DE_049,Clupea harengus,LV,,28,,,2,1,,,,,,
EM,2020DE_050,Clupea harengus,LV,,15,,,1,1,,,,,,
EM,2020DE_050,Clupea harengus,LV,,17,,,4,1,,,,,,
EM,2020DE_050,Clupea harengus,LV,,18,,,3,1,,,,,,
EM,2020DE_050,Clupea harengus,LV,,19,,,1,1,,,,,,
EM,2020DE_050,Clupea harengus,LV,,20,,,15,1,,,,,,
EM,2020DE_050,Clupea harengus,LV,,21,,,3,1,,,,,,
EM,2020DE_050,Clupea harengus,LV,,22,,,15,1,,,,,,
EM,2020DE_050,Clupea harengus,LV,,23,,,5,1,,,,,,
EM,2020DE_050,Clupea harengus,LV,,24,,,1,1,,,,,,
EM,2020DE_050,Clupea harengus,LV,,25,,,3,1,,,,,,
EM,2020DE_050,Clupea harengus,LV,,26,,,1,1,,,,,,
EM,2020DE_050,Clupea harengus,LV,,30,,,1,1,,,,,,
EM,2020DE_051,Clupea harengus,LV,,16,,,3,1,,,,,,
EM,2020DE_051,Clupea harengus,LV,,18,,,3,1,,,,,,
EM,2020DE_051,Clupea harengus,LV,,20,,,26,1,,,,,,
EM,2020DE_051,Clupea harengus,LV,,21,,,2,1,,,,,,
EM,2020DE_051,Clupea harengus,LV,,22,,,6,1,,,,,,
EM,2020DE_051,Clupea harengus,LV,,23,,,7,1,,,,,,
EM,2020DE_051,Clupea harengus,LV,,24,,,4,1,,,,,,
EM,2020DE_051,Clupea harengus,LV,,25,,,2,1,,,,,,
EM,2020DE_051,Clupea harengus,LV,,26,,,1,1,,,,,,
EM,2020DE_051,Clupea harengus,LV,,27,,,1,1,,,,,,
EM,2020DE_051,Clupea harengus,LV,,28,,,1,1,,,,,,
EM,2020DE_051,Clupea harengus,LV,,30,,,2,1,,,,,,
EM,2020DE_052,Clupea harengus,LV,,19,,,6,1,,,,,,
EM,2020DE_052,Clupea harengus,LV,,20,,,7,1,,,,,,
EM,2020DE_052,Clupea harengus,LV,,21,,,5,1,,,,,,
EM,2020DE_052,Clupea harengus,LV,,22,,,5,1,,,,,,
EM,2020DE_052,Clupea harengus,LV,,23,,,9,1,,,,,,
EM,2020DE_052,Clupea harengus,LV,,24,,,2,1,,,,,,
EM,2020DE_052,Clupea harengus,LV,,26,,,2,1,,,,,,
EM,2020DE_053,Clupea harengus,LV,,19,,,2,1,,,,,,
EM,2020DE_053,Clupea harengus,LV,,20,,,3,1,,,,,,
EM,2020DE_053,Clupea harengus,LV,,21,,,6,1,,,,,,
EM,2020DE_053,Clupea harengus,LV,,22,,,3,1,,,,,,
EM,2020DE_053,Clupea harengus,LV,,23,,,3,1,,,,,,
EM,2020DE_053,Clupea harengus,LV,,24,,,2,1,,,,,,
EM,2020DE_053,Clupea harengus,LV,,25,,,3,1,,,,,,
EM,2020DE_053,Clupea harengus,LV,,27,,,2,1,,,,,,
EM,2020DE_054,Clupea harengus,LV,,20,,,1,1,,,,,,
EM,2020DE_054,Clupea harengus,LV,,21,,,3,1,,,,,,
EM,2020DE_054,Clupea harengus,LV,,22,,,7,1,,,,,,
EM,2020DE_054,Clupea harengus,LV,,23,,,2,1,,,,,,
EM,2020DE_054,Clupea harengus,LV,,24,,,4,1,,,,,,
EM,2020DE_054,Clupea harengus,LV,,25,,,2,1,,,,,,
EM,2020DE_054,Clupea harengus,LV,,26,,,1,1,,,,,,
EM,2020DE_055,Clupea harengus,LV,,20,,,1,1,,,,,,
EM,2020DE_055,Clupea harengus,LV,,22,,,4,1,,,,,,
EM,2020DE_055,Clupea harengus,LV,,23,,,4,1,,,,,,
EM,2020DE_055,Clupea harengus,LV,,24,,,3,1,,,,,,
EM,2020DE_055,Clupea harengus,LV,,25,,,5,1,,,,,,
EM,2020DE_055,Clupea harengus,LV,,26,,,4,1,,,,,,
EM,2020DE_056,Clupea harengus,LV,,19,,,1,1,,,,,,
EM,2020DE_056,Clupea harengus,LV,,20,,,1,1,,,,,,
EM,2020DE_056,Clupea harengus,LV,,21,,,1,1,,,,,,
EM,2020DE_056,Clupea harengus,LV,,23,,,4,1,,,,,,
EM,2020DE_056,Clupea harengus,LV,,24,,,2,1,,,,,,
EM,2020DE_056,Clupea harengus,LV,,25,,,1,1,,,,,,
EM,2020DE_056,Clupea harengus,LV,,26,,,1,1,,,,,,
EM,2020DE_056,Clupea harengus,LV,,27,,,1,1,,,,,,
EM,2020DE_056,Clupea harengus,LV,,28,,,1,1,,,,,,
EM,2020DE_057,Clupea harengus,LV,,22,,,3,1,,,,,,
EM,2020DE_057,Clupea harengus,LV,,23,,,4,1,,,,,,
EM,2020DE_057,Clupea harengus,LV,,24,,,3,1,,,,,,
EM,2020DE_057,Clupea harengus,LV,,25,,,4,1,,,,,,
EM,2020DE_057,Clupea harengus,LV,,26,,,1,1,,,,,,
EM,2020DE_057,Clupea harengus,LV,,27,,,1,1,,,,,,
EM,2020DE_058,Clupea harengus,LV,,22,,,7,1,,,,,,
EM,2020DE_058,Clupea harengus,LV,,23,,,1,1,,,,,,
EM,2020DE_058,Clupea harengus,LV,,25,,,5,1,,,,,,
EM,2020DE_059,Clupea harengus,LV,,18,,,1,1,,,,,,
EM,2020DE_059,Clupea harengus,LV,,23,,,4,1,,,,,,
EM,2020DE_059,Clupea harengus,LV,,24,,,4,1,,,,,,
EM,2020DE_059,Clupea harengus,LV,,25,,,1,1,,,,,,
EM,2020DE_059,Clupea harengus,LV,,26,,,2,1,,,,,,
EM,2020DE_059,Clupea harengus,LV,,27,,,1,1,,,,,,
EM,2020DE_059,Clupea harengus,LV,,28,,,1,1,,,,,,
EM,2020DE_060,Clupea harengus,LV,,20,,,1,1,,,,,,
EM,2020DE_060,Clupea harengus,LV,,23,,,1,1,,,,,,
EM,2020DE_060,Clupea harengus,LV,,24,,,1,1,,,,,,
EM,2020DE_060,Clupea harengus,LV,,25,,,1,1,,,,,,
EM,2020DE_060,Clupea harengus,LV,,32,,,1,1,,,,,,
EM,2020DE_061,Clupea harengus,LV,,27,,,1,1,,,,,,
EM,2020DE_063,Clupea harengus,LV,,23,,,1,1,,,,,,
EM,2020DE_065,Clupea harengus,LV,,26,,,1,1,,,,,,
EM,2020DE_070,Clupea harengus,LV,,22,,,2,1,,,,,,
EM,2020DE_070,Clupea harengus,LV,,24,,,2,1,,,,,,
EM,2020DE_071,Clupea harengus,LV,,18,,,1,1,,,,,,
EM,2020DE_071,Clupea harengus,LV,,19,,,6,1,,,,,,
EM,2020DE_071,Clupea harengus,LV,,20,,,8,1,,,,,,
EM,2020DE_071,Clupea harengus,LV,,21,,,10,1,,,,,,
EM,2020DE_071,Clupea harengus,LV,,22,,,7,1,,,,,,
EM,2020DE_071,Clupea harengus,LV,,23,,,3,1,,,,,,
EM,2020DE_071,Clupea harengus,LV,,24,,,2,1,,,,,,
EM,2020DE_071,Clupea harengus,LV,,25,,,1,1,,,,,,
EM,2020DE_071,Clupea harengus,LV,,26,,,1,1,,,,,,
EM,2020DE_072,Clupea harengus,LV,,18,,,4,1,,,,,,
EM,2020DE_072,Clupea harengus,LV,,20,,,11,1,,,,,,
EM,2020DE_072,Clupea harengus,LV,,21,,,6,1,,,,,,
EM,2020DE_072,Clupea harengus,LV,,22,,,5,1,,,,,,
EM,2020DE_072,Clupea harengus,LV,,23,,,4,1,,,,,,
EM,2020DE_072,Clupea harengus,LV,,24,,,1,1,,,,,,
EM,2020DE_072,Clupea harengus,LV,,25,,,1,1,,,,,,
EM,2020DE_073,Clupea harengus,LV,,25,,,2,1,,,,,,
EM,2020DE_087,Clupea harengus,LV,,20,,,1,1,,,,,,
EM,2020DE_087,Clupea harengus,LV,,21,,,1,1,,,,,,
EM,2020DE_087,Clupea harengus,LV,,25,,,2,1,,,,,,
EM,2020DE_087,Clupea harengus,LV,,30,,,1,1,,,,,,
EM,2020DE_088,Clupea harengus,LV,,17,,,1,1,,,,,,
EM,2020DE_088,Clupea harengus,LV,,18,,,4,1,,,,,,
EM,2020DE_088,Clupea harengus,LV,,20,,,3,1,,,,,,
EM,2020DE_088,Clupea harengus,LV,,21,,,1,1,,,,,,
EM,2020DE_088,Clupea harengus,LV,,22,,,1,1,,,,,,
EM,2020DE_088,Clupea harengus,LV,,27,,,1,1,,,,,,
EM,2020DE_089,Clupea harengus,LV,,19,,,1,1,,,,,,
EM,2020DE_089,Clupea harengus,LV,,20,,,9,1,,,,,,
EM,2020DE_089,Clupea harengus,LV,,21,,,4,1,,,,,,
EM,2020DE_089,Clupea harengus,LV,,22,,,1,1,,,,,,
EM,2020DE_089,Clupea harengus,LV,,23,,,1,1,,,,,,
EM,2020DE_089,Clupea harengus,LV,,24,,,2,1,,,,,,
EM,2020DE_090,Clupea harengus,LV,,19,,,2,1,,,,,,
EM,2020DE_090,Clupea harengus,LV,,20,,,9,1,,,,,,
EM,2020DE_090,Clupea harengus,LV,,21,,,7,1,,,,,,
EM,2020DE_090,Clupea harengus,LV,,22,,,6,1,,,,,,
EM,2020DE_090,Clupea harengus,LV,,23,,,4,1,,,,,,
EM,2020DE_090,Clupea harengus,LV,,24,,,1,1,,,,,,
EM,2020DE_090,Clupea harengus,LV,,25,,,1,1,,,,,,
EM,2020DE_091,Clupea harengus,LV,,19,,,4,1,,,,,,
EM,2020DE_091,Clupea harengus,LV,,20,,,6,1,,,,,,
EM,2020DE_091,Clupea harengus,LV,,21,,,1,1,,,,,,
EM,2020DE_091,Clupea harengus,LV,,22,,,2,1,,,,,,
EM,2020DE_091,Clupea harengus,LV,,23,,,5,1,,,,,,
EM,2020DE_091,Clupea harengus,LV,,25,,,4,1,,,,,,
EM,2020DE_091,Clupea harengus,LV,,26,,,3,1,,,,,,
EM,2020DE_091,Clupea harengus,LV,,27,,,1,1,,,,,,
EM,2020DE_091,Clupea harengus,LV,,29,,,1,1,,,,,,
EM,2020DE_092,Clupea harengus,LV,,21,,,4,1,,,,,,
EM,2020DE_092,Clupea harengus,LV,,22,,,2,1,,,,,,
EM,2020DE_092,Clupea harengus,LV,,23,,,1,1,,,,,,
EM,2020DE_092,Clupea harengus,LV,,24,,,4,1,,,,,,
EM,2020DE_092,Clupea harengus,LV,,25,,,7,1,,,,,,
EM,2020DE_092,Clupea harengus,LV,,26,,,4,1,,,,,,
EM,2020DE_092,Clupea harengus,LV,,27,,,1,1,,,,,,
EM,2020DE_092,Clupea harengus,LV,,28,,,1,1,,,,,,
EM,2020DE_092,Clupea harengus,LV,,29,,,2,1,,,,,,
EM,2020DE_093,Clupea harengus,LV,,20,,,1,1,,,,,,
EM,2020DE_093,Clupea harengus,LV,,21,,,1,1,,,,,,
EM,2020DE_093,Clupea harengus,LV,,22,,,1,1,,,,,,
EM,2020DE_093,Clupea harengus,LV,,24,,,3,1,,,,,,
EM,2020DE_093,Clupea harengus,LV,,25,,,1,1,,,,,,
EM,2020DE_093,Clupea harengus,LV,,29,,,1,1,,,,,,
EM,2020DE_094,Clupea harengus,LV,,18,,,1,1,,,,,,
EM,2020DE_094,Clupea harengus,LV,,19,,,2,1,,,,,,
EM,2020DE_094,Clupea harengus,LV,,20,,,1,1,,,,,,
EM,2020DE_094,Clupea harengus,LV,,21,,,2,1,,,,,,
EM,2020DE_094,Clupea harengus,LV,,22,,,7,1,,,,,,
EM,2020DE_094,Clupea harengus,LV,,23,,,7,1,,,,,,
EM,2020DE_094,Clupea harengus,LV,,24,,,2,1,,,,,,
EM,2020DE_094,Clupea harengus,LV,,25,,,1,1,,,,,,
EM,2020DE_095,Clupea harengus,LV,,18,,,2,1,,,,,,
EM,2020DE_095,Clupea harengus,LV,,19,,,5,1,,,,,,
EM,2020DE_095,Clupea harengus,LV,,20,,,6,1,,,,,,
EM,2020DE_095,Clupea harengus,LV,,21,,,3,1,,,,,,
EM,2020DE_095,Clupea harengus,LV,,22,,,9,1,,,,,,
EM,2020DE_095,Clupea harengus,LV,,23,,,4,1,,,,,,
EM,2020DE_095,Clupea harengus,LV,,24,,,1,1,,,,,,
EM,2020DE_095,Clupea harengus,LV,,25,,,1,1,,,,,,
EM,2020DE_095,Clupea harengus,LV,,26,,,2,1,,,,,,
EM,2020DE_095,Clupea harengus,LV,,27,,,2,1,,,,,,
EM,2020DE_095,Clupea harengus,LV,,28,,,2,1,,,,,,
EM,2020DE_096,Clupea harengus,LV,,18,,,1,1,,,,,,
EM,2020DE_096,Clupea harengus,LV,,19,,,6,1,,,,,,
EM,2020DE_096,Clupea harengus,LV,,20,,,6,1,,,,,,
EM,2020DE_096,Clupea harengus,LV,,21,,,5,1,,,,,,
EM,2020DE_096,Clupea harengus,LV,,22,,,7,1,,,,,,
EM,2020DE_096,Clupea harengus,LV,,23,,,2,1,,,,,,
EM,2020DE_096,Clupea harengus,LV,,27,,,2,1,,,,,,
EM,2020DE_097,Clupea harengus,LV,,19,,,1,1,,,,,,
EM,2020DE_097,Clupea harengus,LV,,20,,,4,1,,,,,,
EM,2020DE_097,Clupea harengus,LV,,21,,,6,1,,,,,,
EM,2020DE_097,Clupea harengus,LV,,22,,,3,1,,,,,,
EM,2020DE_097,Clupea harengus,LV,,23,,,3,1,,,,,,
EM,2020DE_097,Clupea harengus,LV,,24,,,1,1,,,,,,
EM,2020DE_097,Clupea harengus,LV,,25,,,2,1,,,,,,
EM,2020DE_097,Clupea harengus,LV,,27,,,1,1,,,,,,
EM,2020DE_097,Clupea harengus,LV,,29,,,1,1,,,,,,
EM,2020DE_098,Clupea harengus,LV,,21,,,1,1,,,,,,
EM,2020DE_098,Clupea harengus,LV,,22,,,2,1,,,,,,
EM,2020DE_098,Clupea harengus,LV,,23,,,1,1,,,,,,
EM,2020DE_098,Clupea harengus,LV,,24,,,1,1,,,,,,
EM,2020DE_098,Clupea harengus,LV,,25,,,5,1,,,,,,
EM,2020DE_098,Clupea harengus,LV,,26,,,2,1,,,,,,
EM,2020DE_098,Clupea harengus,LV,,27,,,2,1,,,,,,
EM,2020DE_099,Clupea harengus,LV,,19,,,1,1,,,,,,
EM,2020DE_099,Clupea harengus,LV,,23,,,2,1,,,,,,
EM,2020DE_099,Clupea harengus,LV,,24,,,1,1,,,,,,
EM,2020DE_099,Clupea harengus,LV,,26,,,1,1,,,,,,
EM,2020DE_100,Clupea harengus,LV,,22,,,3,1,,,,,,
EM,2020DE_100,Clupea harengus,LV,,23,,,2,1,,,,,,
EM,2020DE_100,Clupea harengus,LV,,24,,,1,1,,,,,,
EM,2020DE_100,Clupea harengus,LV,,25,,,8,1,,,,,,
EM,2020DE_100,Clupea harengus,LV,,26,,,3,1,,,,,,
EM,2020DE_100,Clupea harengus,LV,,27,,,2,1,,,,,,
EM,2020DE_101,Clupea harengus,LV,,22,,,1,1,,,,,,
EM,2020DE_101,Clupea harengus,LV,,23,,,1,1,,,,,,
EM,2020DE_101,Clupea harengus,LV,,25,,,1,1,,,,,,
EM,2020DE_101,Clupea harengus,LV,,27,,,1,1,,,,,,
EM,2020DE_102,Clupea harengus,LV,,23,,,1,1,,,,,,
EM,2020DE_102,Clupea harengus,LV,,25,,,1,1,,,,,,
EM,2020DE_103,Clupea harengus,LV,,22,,,2,1,,,,,,
EM,2020DE_103,Clupea harengus,LV,,25,,,1,1,,,,,,
EM,2020DE_103,Clupea harengus,LV,,27,,,1,1,,,,,,
EM,2020DE_104,Clupea harengus,LV,,23,,,1,1,,,,,,
EM,2020DE_106,Clupea harengus,LV,,21,,,3,1,,,,,,
EM,2020DE_106,Clupea harengus,LV,,23,,,3,1,,,,,,
EM,2020DE_106,Clupea harengus,LV,,24,,,1,1,,,,,,
EM,2020DE_106,Clupea harengus,LV,,25,,,3,1,,,,,,
EM,2020DE_106,Clupea harengus,LV,,26,,,1,1,,,,,,
EM,2020DE_106,Clupea harengus,LV,,27,,,2,1,,,,,,
EM,2020DE_106,Clupea harengus,LV,,29,,,1,1,,,,,,
EM,2020DE_107,Clupea harengus,LV,,22,,,1,1,,,,,,
EM,2020DE_107,Clupea harengus,LV,,24,,,1,1,,,,,,
EM,2020DE_107,Clupea harengus,LV,,25,,,3,1,,,,,,
EM,2020DE_107,Clupea harengus,LV,,26,,,4,1,,,,,,
EM,2020DE_107,Clupea harengus,LV,,27,,,4,1,,,,,,
EM,2020DE_107,Clupea harengus,LV,,28,,,4,1,,,,,,
EM,2020DE_107,Clupea harengus,LV,,29,,,1,1,,,,,,
EM,2020DE_107,Clupea harengus,LV,,30,,,1,1,,,,,,
EM,2020DE_107,Clupea harengus,LV,,31,,,1,1,,,,,,
EM,2020DE_108,Clupea harengus,LV,,24,,,1,1,,,,,,
EM,2020DE_108,Clupea harengus,LV,,25,,,4,1,,,,,,
EM,2020DE_108,Clupea harengus,LV,,26,,,1,1,,,,,,
EM,2020DE_108,Clupea harengus,LV,,27,,,1,1,,,,,,
EM,2020DE_109,Clupea harengus,LV,,24,,,2,1,,,,,,
EM,2020DE_109,Clupea harengus,LV,,25,,,1,1,,,,,,
EM,2020DE_109,Clupea harengus,LV,,26,,,1,1,,,,,,
EM,2020DE_109,Clupea harengus,LV,,27,,,1,1,,,,,,
EM,2020DE_109,Clupea harengus,LV,,29,,,1,1,,,,,,
EM,2020DE_110,Clupea harengus,LV,,28,,,1,1,,,,,,
EM,2020DE_111,Clupea harengus,LV,,19,,,1,1,,,,,,
EM,2020DE_111,Clupea harengus,LV,,21,,,6,1,,,,,,
EM,2020DE_111,Clupea harengus,LV,,22,,,3,1,,,,,,
EM,2020DE_111,Clupea harengus,LV,,23,,,7,1,,,,,,
EM,2020DE_111,Clupea harengus,LV,,24,,,6,1,,,,,,
EM,2020DE_111,Clupea harengus,LV,,25,,,6,1,,,,,,
EM,2020DE_111,Clupea harengus,LV,,26,,,3,1,,,,,,
EM,2020DE_111,Clupea harengus,LV,,29,,,1,1,,,,,,
EM,2020DE_112,Clupea harengus,LV,,19,,,1,1,,,,,,
EM,2020DE_112,Clupea harengus,LV,,20,,,1,1,,,,,,
EM,2020DE_112,Clupea harengus,LV,,22,,,1,1,,,,,,
EM,2020DE_112,Clupea harengus,LV,,23,,,1,1,,,,,,
EM,2020DE_112,Clupea harengus,LV,,24,,,1,1,,,,,,
EM,2020DE_112,Clupea harengus,LV,,25,,,9,1,,,,,,
EM,2020DE_112,Clupea harengus,LV,,27,,,4,1,,,,,,
EM,2020DE_112,Clupea harengus,LV,,30,,,1,1,,,,,,
EM,2020DE_113,Clupea harengus,LV,,22,,,2,1,,,,,,
EM,2020DE_113,Clupea harengus,LV,,24,,,1,1,,,,,,
EM,2020DE_113,Clupea harengus,LV,,25,,,2,1,,,,,,
EM,2020DE_113,Clupea harengus,LV,,26,,,1,1,,,,,,
EM,2020DE_113,Clupea harengus,LV,,27,,,3,1,,,,,,
EM,2020DE_113,Clupea harengus,LV,,30,,,3,1,,,,,,
EM,2020DE_113,Clupea harengus,LV,,31,,,2,1,,,,,,
EM,2020DE_114,Clupea harengus,LV,,21,,,2,1,,,,,,
EM,2020DE_114,Clupea harengus,LV,,25,,,4,1,,,,,,
EM,2020DE_114,Clupea harengus,LV,,26,,,2,1,,,,,,
EM,2020DE_114,Clupea harengus,LV,,31,,,1,1,,,,,,
EM,2020DE_115,Clupea harengus,LV,,15,,,2,1,,,,,,
EM,2020DE_115,Clupea harengus,LV,,17,,,1,1,,,,,,
EM,2020DE_115,Clupea harengus,LV,,18,,,1,1,,,,,,
EM,2020DE_115,Clupea harengus,LV,,19,,,1,1,,,,,,
EM,2020DE_115,Clupea harengus,LV,,20,,,1,1,,,,,,
EM,2020DE_115,Clupea harengus,LV,,21,,,2,1,,,,,,
EM,2020DE_115,Clupea harengus,LV,,23,,,2,1,,,,,,
EM,2020DE_115,Clupea harengus,LV,,26,,,2,1,,,,,,
EM,2020DE_115,Clupea harengus,LV,,27,,,3,1,,,,,,
EM,2020DE_115,Clupea harengus,LV,,28,,,3,1,,,,,,
EM,2020DE_115,Clupea harengus,LV,,29,,,2,1,,,,,,
EM,2020DE_115,Clupea harengus,LV,,30,,,1,1,,,,,,
EM,2020DE_115,Clupea harengus,LV,,31,,,2,1,,,,,,
EM,2020DE_117,Clupea harengus,LV,,22,,,1,1,,,,,,
EM,2020DE_117,Clupea harengus,LV,,23,,,1,1,,,,,,
EM,2020DE_117,Clupea harengus,LV,,29,,,1,1,,,,,,
EM,2020DE_118,Clupea harengus,LV,,23,,,1,1,,,,,,
EM,2020DE_118,Clupea harengus,LV,,25,,,1,1,,,,,,
EM,2020DE_120,Clupea harengus,LV,,22,,,1,1,,,,,,
EM,2020DE_120,Clupea harengus,LV,,23,,,1,1,,,,,,
EM,2020DE_121,Clupea harengus,LV,,33,,,1,1,,,,,,
EM,2020DE_127,Clupea harengus,LV,,20,,,2,1,,,,,,
EM,2020DE_127,Clupea harengus,LV,,22,,,3,1,,,,,,
EM,2020DE_127,Clupea harengus,LV,,25,,,1,1,,,,,,
EM,2020DE_127,Clupea harengus,LV,,26,,,2,1,,,,,,
EM,2020DE_127,Clupea harengus,LV,,28,,,2,1,,,,,,
EM,2020DE_127,Clupea harengus,LV,,31,,,1,1,,,,,,
EM,2020DE_127,Clupea harengus,LV,,34,,,1,1,,,,,,
EM,2020DE_128,Clupea harengus,LV,,19,,,1,1,,,,,,
EM,2020DE_128,Clupea harengus,LV,,20,,,2,1,,,,,,
EM,2020DE_128,Clupea harengus,LV,,22,,,5,1,,,,,,
EM,2020DE_128,Clupea harengus,LV,,23,,,5,1,,,,,,
EM,2020DE_128,Clupea harengus,LV,,24,,,3,1,,,,,,
EM,2020DE_128,Clupea harengus,LV,,25,,,4,1,,,,,,
EM,2020DE_128,Clupea harengus,LV,,26,,,3,1,,,,,,
EM,2020DE_128,Clupea harengus,LV,,27,,,3,1,,,,,,
EM,2020DE_128,Clupea harengus,LV,,28,,,2,1,,,,,,
EM,2020DE_128,Clupea harengus,LV,,30,,,4,1,,,,,,
EM,2020DE_128,Clupea harengus,LV,,31,,,4,1,,,,,,
EM,2020DE_128,Clupea harengus,LV,,33,,,1,1,,,,,,
EM,2020DE_129,Clupea harengus,LV,,19,,,6,1,,,,,,
EM,2020DE_129,Clupea harengus,LV,,20,,,7,1,,,,,,
EM,2020DE_129,Clupea harengus,LV,,23,,,3,1,,,,,,
EM,2020DE_129,Clupea harengus,LV,,24,,,4,1,,,,,,
EM,2020DE_129,Clupea harengus,LV,,25,,,4,1,,,,,,
EM,2020DE_129,Clupea harengus,LV,,26,,,1,1,,,,,,
EM,2020DE_129,Clupea harengus,LV,,27,,,2,1,,,,,,
EM,2020DE_129,Clupea harengus,LV,,28,,,3,1,,,,,,
EM,2020DE_129,Clupea harengus,LV,,30,,,2,1,,,,,,
EM,2020DE_129,Clupea harengus,LV,,32,,,4,1,,,,,,
EM,2020DE_129,Clupea harengus,LV,,33,,,1,1,,,,,,
EM,2020DE_022,Sardina pilchardus,LV,,23,,,3,1,,,,,,
EM,2020DE_022,Sardina pilchardus,LV,,24,,,6,1,,,,,,
EM,2020DE_022,Sardina pilchardus,LV,,25,,,3,1,,,,,,
EM,2020DE_022,Sardina pilchardus,LV,,26,,,12,1,,,,,,
EM,2020DE_022,Sardina pilchardus,LV,,27,,,15,1,,,,,,
EM,2020DE_022,Sardina pilchardus,LV,,28,,,40,1,,,,,,
EM,2020DE_022,Sardina pilchardus,LV,,29,,,18,1,,,,,,
EM,2020DE_022,Sardina pilchardus,LV,,30,,,30,1,,,,,,
EM,2020DE_022,Sardina pilchardus,LV,,31,,,15,1,,,,,,
EM,2020DE_022,Sardina pilchardus,LV,,33,,,6,1,,,,,,
EM,2020DE_022,Sardina pilchardus,LV,,34,,,3,1,,,,,,
EM,2020DE_024,Sardina pilchardus,LV,,32,,,1,1,,,,,,
EM,2020DE_026,Sardina pilchardus,LV,,27,,,1,1,,,,,,
EM,2020DE_026,Sardina pilchardus,LV,,32,,,1,1,,,,,,
EM,2020DE_026,Sardina pilchardus,LV,,33,,,1,1,,,,,,
EM,2020DE_027,Sardina pilchardus,LV,,18,,,1,1,,,,,,
EM,2020DE_027,Sardina pilchardus,LV,,19,,,1,1,,,,,,
EM,2020DE_027,Sardina pilchardus,LV,,20,,,3,1,,,,,,
EM,2020DE_027,Sardina pilchardus,LV,,21,,,1,1,,,,,,
EM,2020DE_027,Sardina pilchardus,LV,,22,,,4,1,,,,,,
EM,2020DE_027,Sardina pilchardus,LV,,23,,,2,1,,,,,,
EM,2020DE_027,Sardina pilchardus,LV,,24,,,1,1,,,,,,
EM,2020DE_027,Sardina pilchardus,LV,,25,,,4,1,,,,,,
EM,2020DE_027,Sardina pilchardus,LV,,26,,,1,1,,,,,,
EM,2020DE_027,Sardina pilchardus,LV,,27,,,3,1,,,,,,
EM,2020DE_027,Sardina pilchardus,LV,,30,,,1,1,,,,,,
EM,2020DE_030,Sardina pilchardus,LV,,29,,,1,1,,,,,,
EM,2020DE_031,Sardina pilchardus,LV,,23,,,1,1,,,,,,
EM,2020DE_031,Sardina pilchardus,LV,,24,,,1,1,,,,,,
EM,2020DE_031,Sardina pilchardus,LV,,28,,,1,1,,,,,,
EM,2020DE_031,Sardina pilchardus,LV,,29,,,1,1,,,,,,
EM,2020DE_032,Sardina pilchardus,LV,,24,,,2,1,,,,,,
EM,2020DE_040,Sardina pilchardus,LV,,19,,,2,1,,,,,,
EM,2020DE_040,Sardina pilchardus,LV,,22,,,1,1,,,,,,
EM,2020DE_040,Sardina pilchardus,LV,,23,,,1,1,,,,,,
EM,2020DE_040,Sardina pilchardus,LV,,30,,,1,1,,,,,,
EM,2020DE_041,Sardina pilchardus,LV,,34,,,1,1,,,,,,
EM,2020DE_115,Sardina pilchardus,LV,,22,,,1,1,,,,,,
EM,2020DE_115,Sardina pilchardus,LV,,27,,,2,1,,,,,,
EM,2020DE_116,Sardina pilchardus,LV,,17,,,3,1,,,,,,
EM,2020DE_116,Sardina pilchardus,LV,,20,,,1,1,,,,,,
EM,2020DE_116,Sardina pilchardus,LV,,21,,,1,1,,,,,,
EM,2020DE_116,Sardina pilchardus,LV,,23,,,1,1,,,,,,
EM,2020DE_116,Sardina pilchardus,LV,,26,,,1,1,,,,,,
EM,2020DE_116,Sardina pilchardus,LV,,27,,,1,1,,,,,,
EM,2020DE_128,Sardina pilchardus,LV,,19,,,5,1,,,,,,
EM,2020DE_128,Sardina pilchardus,LV,,21,,,2,1,,,,,,
EM,2020DE_128,Sardina pilchardus,LV,,22,,,7,1,,,,,,
EM,2020DE_128,Sardina pilchardus,LV,,23,,,5,1,,,,,,
EM,2020DE_128,Sardina pilchardus,LV,,24,,,1,1,,,,,,
EM,2020DE_128,Sardina pilchardus,LV,,25,,,8,1,,,,,,
EM,2020DE_128,Sardina pilchardus,LV,,26,,,1,1,,,,,,
EM,2020DE_128,Sardina pilchardus,LV,,27,,,1,1,,,,,,
EM,2020DE_128,Sardina pilchardus,LV,,30,,,1,1,,,,,,
EM,2020DE_128,Sardina pilchardus,LV,,33,,,3,1,,,,,,
EM,2020DE_129,Sardina pilchardus,LV,,19,,,1,1,,,,,,
EM,2020DE_129,Sardina pilchardus,LV,,20,,,7,1,,,,,,
EM,2020DE_129,Sardina pilchardus,LV,,22,,,4,1,,,,,,
EM,2020DE_129,Sardina pilchardus,LV,,23,,,7,1,,,,,,
EM,2020DE_129,Sardina pilchardus,LV,,24,,,1,1,,,,,,
EM,2020DE_129,Sardina pilchardus,LV,,25,,,2,1,,,,,,
EM,2020DE_129,Sardina pilchardus,LV,,26,,,1,1,,,,,,
EM,2020DE_129,Sardina pilchardus,LV,,27,,,9,1,,,,,,
EM,2020DE_129,Sardina pilchardus,LV,,28,,,5,1,,,,,,
EM,2020DE_129,Sardina pilchardus,LV,,29,,,1,1,,,,,,
EM,2020DE_129,Sardina pilchardus,LV,,30,,,6,1,,,,,,
EM,2020DE_129,Sardina pilchardus,LV,,32,,,1,1,,,,,,
EM,2020DE_129,Sardina pilchardus,LV,,33,,,1,1,,,,,,
EM,2020DE_129,Sardina pilchardus,LV,,34,,,1,1,,,,,,
EM,2020DE_016,Microstomus kitt,LV,,9,,,1,1,,,,,,
EM,2020DE_016,Microstomus kitt,LV,,17,,,1,1,,,,,,
EM,2020DE_017,Microstomus kitt,LV,,9,,,1,1,,,,,,
EM,2020DE_017,Microstomus kitt,LV,,10,,,2,1,,,,,,
EM,2020DE_017,Microstomus kitt,LV,,11,,,1,1,,,,,,
EM,2020DE_018,Microstomus kitt,LV,,9,,,1,1,,,,,,
EM,2020DE_018,Microstomus kitt,LV,,14,,,1,1,,,,,,
EM,2020DE_018,Microstomus kitt,LV,,17,,,2,1,,,,,,
EM,2020DE_022,Microstomus kitt,LV,,16,,,2,1,,,,,,
EM,2020DE_027,Microstomus kitt,LV,,12,,,1,1,,,,,,
EM,2020DE_027,Microstomus kitt,LV,,13,,,1,1,,,,,,
EM,2020DE_027,Microstomus kitt,LV,,15,,,1,1,,,,,,
EM,2020DE_027,Microstomus kitt,LV,,16,,,1,1,,,,,,
EM,2020DE_027,Microstomus kitt,LV,,20,,,1,1,,,,,,
EM,2020DE_029,Microstomus kitt,LV,,9,,,1,1,,,,,,
EM,2020DE_041,Microstomus kitt,LV,,23,,,1,1,,,,,,
EM,2020DE_043,Microstomus kitt,LV,,19,,,1,1,,,,,,
EM,2020DE_046,Microstomus kitt,LV,,10,,,1,1,,,,,,
EM,2020DE_047,Microstomus kitt,LV,,10,,,1,1,,,,,,
EM,2020DE_047,Microstomus kitt,LV,,13,,,1,1,,,,,,
EM,2020DE_048,Microstomus kitt,LV,,9,,,2,1,,,,,,
EM,2020DE_049,Microstomus kitt,LV,,16,,,1,1,,,,,,
EM,2020DE_049,Microstomus kitt,LV,,20,,,1,1,,,,,,
EM,2020DE_053,Microstomus kitt,LV,,12,,,2,1,,,,,,
EM,2020DE_056,Microstomus kitt,LV,,9,,,1,1,,,,,,
EM,2020DE_056,Microstomus kitt,LV,,11,,,1,1,,,,,,
EM,2020DE_057,Microstomus kitt,LV,,9,,,4,1,,,,,,
EM,2020DE_057,Microstomus kitt,LV,,10,,,2,1,,,,,,
EM,2020DE_057,Microstomus kitt,LV,,13,,,1,1,,,,,,
EM,2020DE_057,Microstomus kitt,LV,,19,,,1,1,,,,,,
EM,2020DE_058,Microstomus kitt,LV,,9,,,3,1,,,,,,
EM,2020DE_058,Microstomus kitt,LV,,10,,,1,1,,,,,,
EM,2020DE_058,Microstomus kitt,LV,,11,,,1,1,,,,,,
EM,2020DE_058,Microstomus kitt,LV,,15,,,1,1,,,,,,
EM,2020DE_059,Microstomus kitt,LV,,10,,,1,1,,,,,,
EM,2020DE_093,Microstomus kitt,LV,,9,,,1,1,,,,,,
EM,2020DE_093,Microstomus kitt,LV,,12,,,2,1,,,,,,
EM,2020DE_097,Microstomus kitt,LV,,13,,,1,1,,,,,,
EM,2020DE_099,Microstomus kitt,LV,,13,,,1,1,,,,,,
EM,2020DE_099,Microstomus kitt,LV,,18,,,1,1,,,,,,
EM,2020DE_100,Microstomus kitt,LV,,12,,,1,1,,,,,,
EM,2020DE_106,Microstomus kitt,LV,,10,,,2,1,,,,,,
EM,2020DE_106,Microstomus kitt,LV,,15,,,1,1,,,,,,
EM,2020DE_106,Microstomus kitt,LV,,23,,,1,1,,,,,,
EM,2020DE_106,Microstomus kitt,LV,,24,,,2,1,,,,,,
EM,2020DE_107,Microstomus kitt,LV,,9,,,1,1,,,,,,
EM,2020DE_107,Microstomus kitt,LV,,11,,,1,1,,,,,,
EM,2020DE_107,Microstomus kitt,LV,,12,,,1,1,,,,,,
EM,2020DE_107,Microstomus kitt,LV,,16,,,2,1,,,,,,
EM,2020DE_107,Microstomus kitt,LV,,18,,,1,1,,,,,,
EM,2020DE_107,Microstomus kitt,LV,,22,,,1,1,,,,,,
EM,2020DE_109,Microstomus kitt,LV,,9,,,1,1,,,,,,
EM,2020DE_109,Microstomus kitt,LV,,12,,,1,1,,,,,,
EM,2020DE_109,Microstomus kitt,LV,,18,,,1,1,,,,,,
EM,2020DE_113,Microstomus kitt,LV,,15,,,1,1,,,,,,
EM,2020DE_113,Microstomus kitt,LV,,18,,,1,1,,,,,,
EM,2020DE_115,Microstomus kitt,LV,,14,,,2,1,,,,,,
EM,2020DE_115,Microstomus kitt,LV,,16,,,1,1,,,,,,
EM,2020DE_116,Microstomus kitt,LV,,17,,,1,1,,,,,,
EM,2020DE_117,Microstomus kitt,LV,,22,,,1,1,,,,,,
EM,2020DE_119,Microstomus kitt,LV,,16,,,1,1,,,,,,
EM,2020DE_119,Microstomus kitt,LV,,17,,,1,1,,,,,,
EM,2020DE_119,Microstomus kitt,LV,,18,,,1,1,,,,,,
EM,2020DE_127,Microstomus kitt,LV,,15,,,2,1,,,,,,
EM,2020DE_127,Microstomus kitt,LV,,20,,,2,1,,,,,,
EM,2020DE_127,Microstomus kitt,LV,,21,,,2,1,,,,,,
EM,2020DE_128,Microstomus kitt,LV,,23,,,1,1,,,,,,
EM,2020DE_128,Microstomus kitt,LV,,24,,,1,1,,,,,,
EM,2020DE_129,Microstomus kitt,LV,,14,,,1,1,,,,,,
EM,2020NO_041,Clupea harengus,LV,,25,,,1,1,,,,,,
EM,2020NO_047,Clupea harengus,LV,,20,,,1,1,,,,,,
EM,2020NO_047,Clupea harengus,LV,,23,,,1,1,,,,,,
EM,2020NO_047,Clupea harengus,LV,,24,,,1,1,,,,,,
EM,2020NO_057,Clupea harengus,LV,,16,,,1,1,,,,,,
EM,2020NO_057,Clupea harengus,LV,,24,,,1,1,,,,,,
EM,2020NO_085,Clupea harengus,LV,,24,,,1,1,,,,,,
EM,2020NO_085,Clupea harengus,LV,,26,,,1,1,,,,,,
EM,2020NO_086,Clupea harengus,LV,,32,,,1,1,,,,,,
EM,2020NO_087,Clupea harengus,LV,,28,,,1,1,,,,,,
EM,2020NO_094,Clupea harengus,LV,,25,,,2,1,,,,,,
EM,2020NO_094,Clupea harengus,LV,,27,,,1,1,,,,,,
EM,2020SE_101,Clupea harengus,LV,,23,,,1,1,,N,,,,
EM,2020SE_101,Clupea harengus,LV,,24,,,2,1,,N,,,,
EM,2020SE_101,Clupea harengus,LV,,26,,,2,1,,N,,,,
EM,2020SE_101,Clupea harengus,LV,,28,,,1,1,,N,,,,
EM,2020SE_101,Clupea harengus,LV,,29,,,1,1,,N,,,,
EM,2020SE_102,Clupea harengus,LV,,22,,,2,1,,N,,,,
EM,2020SE_144,Clupea harengus,LV,,28,,,1,1,,N,,,,
EM,2020SE_144,Clupea harengus,LV,,29,,,3,1,,N,,,,
EM,2020SE_144,Clupea harengus,LV,,30,,,1,1,,N,,,,
EM,2020SE_144,Clupea harengus,LV,,22,,,1,1,,N,,,,
EM,2020SE_144,Clupea harengus,LV,,23,,,2,1,,N,,,,
EM,2020SE_144,Clupea harengus,LV,,24,,,7,1,,N,,,,
EM,2020SE_144,Clupea harengus,LV,,25,,,4,1,,N,,,,
EM,2020SE_144,Clupea harengus,LV,,26,,,5,1,,N,,,,
EM,2020SE_144,Clupea harengus,LV,,27,,,1,1,,N,,,,
EM,2020SE_143,Clupea harengus,LV,,11,,,2,1,,N,,,,
EM,2020SE_143,Clupea harengus,LV,,24,,,1,1,,N,,,,
EM,2020SE_144,Clupea harengus,LV,,17,,,1,1,,N,,,,
EM,2020SE_144,Clupea harengus,LV,,18,,,1,1,,N,,,,
EM,2020SE_144,Clupea harengus,LV,,20,,,2,1,,N,,,,
EM,2020SE_144,Clupea harengus,LV,,21,,,6,1,,N,,,,
EM,2020SE_141,Clupea harengus,LV,,27,,,7,1,,N,,,,
EM,2020SE_141,Clupea harengus,LV,,28,,,2,1,,N,,,,
EM,2020SE_141,Clupea harengus,LV,,29,,,1,1,,N,,,,
EM,2020SE_141,Clupea harengus,LV,,30,,,1,1,,N,,,,
EM,2020SE_142,Clupea harengus,LV,,24,,,1,1,,N,,,,
EM,2020SE_142,Clupea harengus,LV,,30,,,1,1,,N,,,,
EM,2020SE_141,Clupea harengus,LV,,21,,,11,1,,N,,,,
EM,2020SE_141,Clupea harengus,LV,,22,,,11,1,,N,,,,
EM,2020SE_141,Clupea harengus,LV,,23,,,17,1,,N,,,,
EM,2020SE_141,Clupea harengus,LV,,24,,,13,1,,N,,,,
EM,2020SE_141,Clupea harengus,LV,,25,,,14,1,,N,,,,
EM,2020SE_141,Clupea harengus,LV,,26,,,14,1,,N,,,,
EM,2020SE_141,Clupea harengus,LV,,14,,,2,1,,N,,,,
EM,2020SE_141,Clupea harengus,LV,,15,,,1,1,,N,,,,
EM,2020SE_141,Clupea harengus,LV,,17,,,4,1,,N,,,,
EM,2020SE_141,Clupea harengus,LV,,18,,,1,1,,N,,,,
EM,2020SE_141,Clupea harengus,LV,,19,,,3,1,,N,,,,
EM,2020SE_141,Clupea harengus,LV,,20,,,9,1,,N,,,,
EM,2020SE_138,Clupea harengus,LV,,27,,,1,1,,N,,,,
EM,2020SE_139,Clupea harengus,LV,,24,,,12,1,,N,,,,
EM,2020SE_140,Clupea harengus,LV,,19,,,1,1,,N,,,,
EM,2020SE_140,Clupea harengus,LV,,21,,,1,1,,N,,,,
EM,2020SE_140,Clupea harengus,LV,,24,,,1,1,,N,,,,
EM,2020SE_140,Clupea harengus,LV,,26,,,1,1,,N,,,,
EM,2020SE_136,Clupea harengus,LV,,30,,,1,1,,N,,,,
EM,2020SE_137,Clupea harengus,LV,,21,,,1,1,,N,,,,
EM,2020SE_137,Clupea harengus,LV,,25,,,1,1,,N,,,,
EM,2020SE_138,Clupea harengus,LV,,16,,,1,1,,N,,,,
EM,2020SE_138,Clupea harengus,LV,,22,,,1,1,,N,,,,
EM,2020SE_138,Clupea harengus,LV,,26,,,3,1,,N,,,,
EM,2020SE_136,Clupea harengus,LV,,24,,,26,1,,N,,,,
EM,2020SE_136,Clupea harengus,LV,,25,,,22,1,,N,,,,
EM,2020SE_136,Clupea harengus,LV,,26,,,27,1,,N,,,,
EM,2020SE_136,Clupea harengus,LV,,27,,,16,1,,N,,,,
EM,2020SE_136,Clupea harengus,LV,,28,,,14,1,,N,,,,
EM,2020SE_136,Clupea harengus,LV,,29,,,5,1,,N,,,,
EM,2020SE_135,Clupea harengus,LV,,29,,,1,1,,N,,,,
EM,2020SE_136,Clupea harengus,LV,,17,,,1,1,,N,,,,
EM,2020SE_136,Clupea harengus,LV,,18,,,1,1,,N,,,,
EM,2020SE_136,Clupea harengus,LV,,21,,,3,1,,N,,,,
EM,2020SE_136,Clupea harengus,LV,,22,,,4,1,,N,,,,
EM,2020SE_136,Clupea harengus,LV,,23,,,21,1,,N,,,,
EM,2020SE_135,Clupea harengus,LV,,21,,,1,1,,N,,,,
EM,2020SE_135,Clupea harengus,LV,,22,,,2,1,,N,,,,
EM,2020SE_135,Clupea harengus,LV,,23,,,1,1,,N,,,,
EM,2020SE_135,Clupea harengus,LV,,24,,,2,1,,N,,,,
EM,2020SE_135,Clupea harengus,LV,,25,,,1,1,,N,,,,
EM,2020SE_135,Clupea harengus,LV,,26,,,1,1,,N,,,,
EM,2020SE_134,Clupea harengus,LV,,25,,,1,1,,N,,,,
EM,2020SE_134,Clupea harengus,LV,,28,,,2,1,,N,,,,
EM,2020SE_134,Clupea harengus,LV,,29,,,2,1,,N,,,,
EM,2020SE_134,Clupea harengus,LV,,30,,,1,1,,N,,,,
EM,2020SE_134,Clupea harengus,LV,,31,,,2,1,,N,,,,
EM,2020SE_135,Clupea harengus,LV,,18,,,1,1,,N,,,,
EM,2020SE_130,Clupea harengus,LV,,23,,,1,1,,N,,,,
EM,2020SE_130,Clupea harengus,LV,,26,,,1,1,,N,,,,
EM,2020SE_130,Clupea harengus,LV,,27,,,1,1,,N,,,,
EM,2020SE_132,Clupea harengus,LV,,27,,,1,1,,N,,,,
EM,2020SE_133,Clupea harengus,LV,,29,,,1,1,,N,,,,
EM,2020SE_134,Clupea harengus,LV,,24,,,1,1,,N,,,,
EM,2020SE_128,Clupea harengus,LV,,25,,,5,1,,N,,,,
EM,2020SE_128,Clupea harengus,LV,,26,,,1,1,,N,,,,
EM,2020SE_128,Clupea harengus,LV,,28,,,2,1,,N,,,,
EM,2020SE_129,Clupea harengus,LV,,21,,,1,1,,N,,,,
EM,2020SE_129,Clupea harengus,LV,,27,,,1,1,,N,,,,
EM,2020SE_130,Clupea harengus,LV,,22,,,2,1,,N,,,,
EM,2020SE_127,Clupea harengus,LV,,25,,,2,1,,N,,,,
EM,2020SE_127,Clupea harengus,LV,,26,,,1,1,,N,,,,
EM,2020SE_127,Clupea harengus,LV,,27,,,3,1,,N,,,,
EM,2020SE_128,Clupea harengus,LV,,22,,,1,1,,N,,,,
EM,2020SE_128,Clupea harengus,LV,,23,,,2,1,,N,,,,
EM,2020SE_128,Clupea harengus,LV,,24,,,3,1,,N,,,,
EM,2020SE_126,Clupea harengus,LV,,22,,,1,1,,N,,,,
EM,2020SE_126,Clupea harengus,LV,,23,,,4,1,,N,,,,
EM,2020SE_126,Clupea harengus,LV,,25,,,1,1,,N,,,,
EM,2020SE_126,Clupea harengus,LV,,27,,,1,1,,N,,,,
EM,2020SE_127,Clupea harengus,LV,,22,,,3,1,,N,,,,
EM,2020SE_127,Clupea harengus,LV,,24,,,4,1,,N,,,,
EM,2020SE_124,Clupea harengus,LV,,31,,,1,1,,N,,,,
EM,2020SE_125,Clupea harengus,LV,,22,,,3,1,,N,,,,
EM,2020SE_125,Clupea harengus,LV,,26,,,1,1,,N,,,,
EM,2020SE_126,Clupea harengus,LV,,19,,,1,1,,N,,,,
EM,2020SE_126,Clupea harengus,LV,,20,,,1,1,,N,,,,
EM,2020SE_126,Clupea harengus,LV,,21,,,1,1,,N,,,,
EM,2020SE_124,Clupea harengus,LV,,22,,,1,1,,N,,,,
EM,2020SE_124,Clupea harengus,LV,,25,,,1,1,,N,,,,
EM,2020SE_124,Clupea harengus,LV,,26,,,1,1,,N,,,,
EM,2020SE_124,Clupea harengus,LV,,28,,,4,1,,N,,,,
EM,2020SE_124,Clupea harengus,LV,,29,,,1,1,,N,,,,
EM,2020SE_124,Clupea harengus,LV,,30,,,1,1,,N,,,,
EM,2020SE_123,Clupea harengus,LV,,24,,,4,1,,N,,,,
EM,2020SE_123,Clupea harengus,LV,,25,,,9,1,,N,,,,
EM,2020SE_123,Clupea harengus,LV,,26,,,14,1,,N,,,,
EM,2020SE_123,Clupea harengus,LV,,27,,,3,1,,N,,,,
EM,2020SE_123,Clupea harengus,LV,,28,,,3,1,,N,,,,
EM,2020SE_123,Clupea harengus,LV,,29,,,2,1,,N,,,,
EM,2020SE_123,Clupea harengus,LV,,17,,,1,1,,N,,,,
EM,2020SE_123,Clupea harengus,LV,,18,,,1,1,,N,,,,
EM,2020SE_123,Clupea harengus,LV,,19,,,1,1,,N,,,,
EM,2020SE_123,Clupea harengus,LV,,21,,,2,1,,N,,,,
EM,2020SE_123,Clupea harengus,LV,,22,,,3,1,,N,,,,
EM,2020SE_123,Clupea harengus,LV,,23,,,4,1,,N,,,,
EM,2020SE_122,Clupea harengus,LV,,25,,,1,1,,N,,,,
EM,2020SE_122,Clupea harengus,LV,,26,,,5,1,,N,,,,
EM,2020SE_122,Clupea harengus,LV,,27,,,2,1,,N,,,,
EM,2020SE_122,Clupea harengus,LV,,28,,,1,1,,N,,,,
EM,2020SE_122,Clupea harengus,LV,,29,,,1,1,,N,,,,
EM,2020SE_122,Clupea harengus,LV,,32,,,1,1,,N,,,,
EM,2020SE_122,Clupea harengus,LV,,19,,,1,1,,N,,,,
EM,2020SE_122,Clupea harengus,LV,,20,,,1,1,,N,,,,
EM,2020SE_122,Clupea harengus,LV,,21,,,1,1,,N,,,,
EM,2020SE_122,Clupea harengus,LV,,22,,,3,1,,N,,,,
EM,2020SE_122,Clupea harengus,LV,,23,,,6,1,,N,,,,
EM,2020SE_122,Clupea harengus,LV,,24,,,4,1,,N,,,,
EM,2020SE_121,Clupea harengus,LV,,26,,,3,1,,N,,,,
EM,2020SE_121,Clupea harengus,LV,,27,,,6,1,,N,,,,
EM,2020SE_121,Clupea harengus,LV,,28,,,2,1,,N,,,,
EM,2020SE_121,Clupea harengus,LV,,29,,,1,1,,N,,,,
EM,2020SE_121,Clupea harengus,LV,,34,,,1,1,,N,,,,
EM,2020SE_122,Clupea harengus,LV,,18,,,1,1,,N,,,,
EM,2020SE_120,Clupea harengus,LV,,30,,,1,1,,N,,,,
EM,2020SE_121,Clupea harengus,LV,,15,,,1,1,,N,,,,
EM,2020SE_121,Clupea harengus,LV,,22,,,1,1,,N,,,,
EM,2020SE_121,Clupea harengus,LV,,23,,,1,1,,N,,,,
EM,2020SE_121,Clupea harengus,LV,,24,,,2,1,,N,,,,
EM,2020SE_121,Clupea harengus,LV,,25,,,6,1,,N,,,,
EM,2020SE_120,Clupea harengus,LV,,24,,,3,1,,N,,,,
EM,2020SE_120,Clupea harengus,LV,,25,,,4,1,,N,,,,
EM,2020SE_120,Clupea harengus,LV,,26,,,1,1,,N,,,,
EM,2020SE_120,Clupea harengus,LV,,27,,,2,1,,N,,,,
EM,2020SE_120,Clupea harengus,LV,,28,,,1,1,,N,,,,
EM,2020SE_120,Clupea harengus,LV,,29,,,1,1,,N,,,,
EM,2020SE_116,Clupea harengus,LV,,24,,,1,1,,N,,,,
EM,2020SE_116,Clupea harengus,LV,,28,,,1,1,,N,,,,
EM,2020SE_120,Clupea harengus,LV,,17,,,1,1,,N,,,,
EM,2020SE_120,Clupea harengus,LV,,21,,,1,1,,N,,,,
EM,2020SE_120,Clupea harengus,LV,,22,,,1,1,,N,,,,
EM,2020SE_120,Clupea harengus,LV,,23,,,1,1,,N,,,,
EM,2020SE_114,Clupea harengus,LV,,22,,,1,1,,N,,,,
EM,2020SE_114,Clupea harengus,LV,,23,,,4,1,,N,,,,
EM,2020SE_114,Clupea harengus,LV,,25,,,3,1,,N,,,,
EM,2020SE_114,Clupea harengus,LV,,26,,,1,1,,N,,,,
EM,2020SE_115,Clupea harengus,LV,,25,,,1,1,,N,,,,
EM,2020SE_115,Clupea harengus,LV,,29,,,1,1,,N,,,,
EM,2020SE_113,Clupea harengus,LV,,21,,,2,1,,N,,,,
EM,2020SE_113,Clupea harengus,LV,,23,,,1,1,,N,,,,
EM,2020SE_113,Clupea harengus,LV,,24,,,1,1,,N,,,,
EM,2020SE_113,Clupea harengus,LV,,26,,,1,1,,N,,,,
EM,2020SE_113,Clupea harengus,LV,,28,,,2,1,,N,,,,
EM,2020SE_114,Clupea harengus,LV,,20,,,1,1,,N,,,,
EM,2020SE_107,Clupea harengus,LV,,18,,,1,1,,N,,,,
EM,2020SE_108,Clupea harengus,LV,,26,,,1,1,,N,,,,
EM,2020SE_108,Clupea harengus,LV,,30,,,1,1,,N,,,,
EM,2020SE_109,Clupea harengus,LV,,25,,,1,1,,N,,,,
EM,2020SE_110,Clupea harengus,LV,,27,,,1,1,,N,,,,
EM,2020SE_111,Clupea harengus,LV,,29,,,1,1,,N,,,,
EM,2020SE_104,Clupea harengus,LV,,32,,,2,1,,N,,,,
EM,2020SE_105,Clupea harengus,LV,,25,,,1,1,,N,,,,
EM,2020SE_105,Clupea harengus,LV,,30,,,1,1,,N,,,,
EM,2020SE_105,Clupea harengus,LV,,32,,,1,1,,N,,,,
EM,2020SE_106,Clupea harengus,LV,,17,,,1,1,,N,,,,
EM,2020SE_106,Clupea harengus,LV,,29,,,1,1,,N,,,,
EM,2020SE_103,Clupea harengus,LV,,31,,,1,1,,N,,,,
EM,2020SE_103,Clupea harengus,LV,,32,,,2,1,,N,,,,
EM,2020SE_104,Clupea harengus,LV,,24,,,1,1,,N,,,,
EM,2020SE_104,Clupea harengus,LV,,27,,,1,1,,N,,,,
EM,2020SE_104,Clupea harengus,LV,,29,,,2,1,,N,,,,
EM,2020SE_104,Clupea harengus,LV,,30,,,1,1,,N,,,,
EM,2020SE_102,Clupea harengus,LV,,30,,,1,1,,N,,,,
EM,2020SE_102,Clupea harengus,LV,,31,,,1,1,,N,,,,
EM,2020SE_103,Clupea harengus,LV,,25,,,1,1,,N,,,,
EM,2020SE_103,Clupea harengus,LV,,28,,,2,1,,N,,,,
EM,2020SE_103,Clupea harengus,LV,,29,,,1,1,,N,,,,
EM,2020SE_103,Clupea harengus,LV,,30,,,2,1,,N,,,,
EM,2020SE_102,Clupea harengus,LV,,23,,,1,1,,N,,,,
EM,2020SE_102,Clupea harengus,LV,,24,,,1,1,,N,,,,
EM,2020SE_102,Clupea harengus,LV,,25,,,4,1,,N,,,,
EM,2020SE_102,Clupea harengus,LV,,26,,,1,1,,N,,,,
EM,2020SE_102,Clupea harengus,LV,,28,,,1,1,,N,,,,
EM,2020SE_102,Clupea harengus,LV,,29,,,1,1,,N,,,,
EM,2020SE_101,Microstomus kitt,LV,,29,,,1,1,,N,,,,
EM,2020SE_103,Microstomus kitt,LV,,29,,,1,1,,N,,,,
EM,2020SE_122,Microstomus kitt,LV,,13,,,1,1,,N,,,,
EM,2020SE_122,Microstomus kitt,LV,,14,,,2,1,,N,,,,
EM,2020SE_122,Microstomus kitt,LV,,18,,,1,1,,N,,,,
EM,2020SE_122,Microstomus kitt,LV,,19,,,1,1,,N,,,,
EM,2020SE_130,Microstomus kitt,LV,,18,,,1,1,,N,,,,
EM,2020SE_130,Microstomus kitt,LV,,20,,,1,1,,N,,,,
EM,2020SE_130,Microstomus kitt,LV,,23,,,1,1,,N,,,,
EM,2020SE_122,Microstomus kitt,LV,,21,,,1,1,,N,,,,
EM,2020SE_123,Microstomus kitt,LV,,16,,,1,1,,N,,,,
EM,2020SE_127,Microstomus kitt,LV,,14,,,1,1,,N,,,,
EM,2020SE_127,Microstomus kitt,LV,,15,,,1,1,,N,,,,
EM,2020SE_128,Microstomus kitt,LV,,16,,,1,1,,N,,,,
EM,2020SE_128,Microstomus kitt,LV,,27,,,1,1,,N,,,,
EM,2020SE_102,Sardina pilchardus,LV,,24,,,1,1,,N,,,,
EM,2020SE_109,Sardina pilchardus,LV,,25,,,1,1,,N,,,,
EM,2020SE_109,Sardina pilchardus,LV,,26,,,1,1,,N,,,,
EM,2020SE_110,Sardina pilchardus,LV,,17,,,1,1,,N,,,,
EM,2020SE_110,Sardina pilchardus,LV,,19,,,1,1,,N,,,,
EM,2020SE_110,Sardina pilchardus,LV,,31,,,1,1,,N,,,,
EM,2020SE_144,Sardina pilchardus,LV,,27,,,5,1,,N,,,,
EM,2020SE_144,Sardina pilchardus,LV,,29,,,3,1,,N,,,,
EM,2020SE_144,Sardina pilchardus,LV,,21,,,2,1,,N,,,,
EM,2020SE_144,Sardina pilchardus,LV,,22,,,3,1,,N,,,,
EM,2020SE_144,Sardina pilchardus,LV,,23,,,2,1,,N,,,,
EM,2020SE_144,Sardina pilchardus,LV,,24,,,6,1,,N,,,,
EM,2020SE_144,Sardina pilchardus,LV,,25,,,4,1,,N,,,,
EM,2020SE_144,Sardina pilchardus,LV,,26,,,5,1,,N,,,,
EM,2020SE_144,Sardina pilchardus,LV,,13,,,1,1,,N,,,,
EM,2020SE_144,Sardina pilchardus,LV,,14,,,2,1,,N,,,,
EM,2020SE_144,Sardina pilchardus,LV,,15,,,1,1,,N,,,,
EM,2020SE_144,Sardina pilchardus,LV,,18,,,4,1,,N,,,,
EM,2020SE_144,Sardina pilchardus,LV,,19,,,1,1,,N,,,,
EM,2020SE_144,Sardina pilchardus,LV,,20,,,4,1,,N,,,,
EM,2020SE_142,Sardina pilchardus,LV,,24,,,1,1,,N,,,,
EM,2020SE_142,Sardina pilchardus,LV,,26,,,1,1,,N,,,,
EM,2020SE_142,Sardina pilchardus,LV,,27,,,1,1,,N,,,,
EM,2020SE_142,Sardina pilchardus,LV,,28,,,1,1,,N,,,,
EM,2020SE_142,Sardina pilchardus,LV,,31,,,1,1,,N,,,,
EM,2020SE_143,Sardina pilchardus,LV,,23,,,1,1,,N,,,,
EM,2020SE_142,Sardina pilchardus,LV,,17,,,2,1,,N,,,,
EM,2020SE_142,Sardina pilchardus,LV,,18,,,1,1,,N,,,,
EM,2020SE_142,Sardina pilchardus,LV,,19,,,1,1,,N,,,,
EM,2020SE_142,Sardina pilchardus,LV,,20,,,1,1,,N,,,,
EM,2020SE_142,Sardina pilchardus,LV,,21,,,1,1,,N,,,,
EM,2020SE_142,Sardina pilchardus,LV,,22,,,1,1,,N,,,,
EM,2020SE_141,Sardina pilchardus,LV,,25,,,12,1,,N,,,,
EM,2020SE_141,Sardina pilchardus,LV,,26,,,16,1,,N,,,,
EM,2020SE_141,Sardina pilchardus,LV,,27,,,8,1,,N,,,,
EM,2020SE_141,Sardina pilchardus,LV,,28,,,4,1,,N,,,,
EM,2020SE_141,Sardina pilchardus,LV,,29,,,4,1,,N,,,,
EM,2020SE_141,Sardina pilchardus,LV,,30,,,2,1,,N,,,,
EM,2020SE_141,Sardina pilchardus,LV,,19,,,14,1,,N,,,,
EM,2020SE_141,Sardina pilchardus,LV,,20,,,12,1,,N,,,,
EM,2020SE_141,Sardina pilchardus,LV,,21,,,11,1,,N,,,,
EM,2020SE_141,Sardina pilchardus,LV,,22,,,14,1,,N,,,,
EM,2020SE_141,Sardina pilchardus,LV,,23,,,14,1,,N,,,,
EM,2020SE_141,Sardina pilchardus,LV,,24,,,19,1,,N,,,,
EM,2020SE_140,Sardina pilchardus,LV,,27,,,3,1,,N,,,,
EM,2020SE_141,Sardina pilchardus,LV,,14,,,1,1,,N,,,,
EM,2020SE_141,Sardina pilchardus,LV,,15,,,2,1,,N,,,,
EM,2020SE_141,Sardina pilchardus,LV,,16,,,7,1,,N,,,,
EM,2020SE_141,Sardina pilchardus,LV,,17,,,9,1,,N,,,,
EM,2020SE_141,Sardina pilchardus,LV,,18,,,5,1,,N,,,,
EM,2020SE_140,Sardina pilchardus,LV,,21,,,19,1,,N,,,,
EM,2020SE_140,Sardina pilchardus,LV,,22,,,17,1,,N,,,,
EM,2020SE_140,Sardina pilchardus,LV,,23,,,15,1,,N,,,,
EM,2020SE_140,Sardina pilchardus,LV,,24,,,16,1,,N,,,,
EM,2020SE_140,Sardina pilchardus,LV,,25,,,14,1,,N,,,,
EM,2020SE_140,Sardina pilchardus,LV,,26,,,9,1,,N,,,,
EM,2020SE_140,Sardina pilchardus,LV,,15,,,3,1,,N,,,,
EM,2020SE_140,Sardina pilchardus,LV,,16,,,5,1,,N,,,,
EM,2020SE_140,Sardina pilchardus,LV,,17,,,8,1,,N,,,,
EM,2020SE_140,Sardina pilchardus,LV,,18,,,10,1,,N,,,,
EM,2020SE_140,Sardina pilchardus,LV,,19,,,13,1,,N,,,,
EM,2020SE_140,Sardina pilchardus,LV,,20,,,17,1,,N,,,,
EM,2020SE_133,Sardina pilchardus,LV,,38,,,1,1,,N,,,,
EM,2020SE_136,Sardina pilchardus,LV,,25,,,1,1,,N,,,,
EM,2020SE_136,Sardina pilchardus,LV,,26,,,1,1,,N,,,,
EM,2020SE_138,Sardina pilchardus,LV,,21,,,1,1,,N,,,,
EM,2020SE_138,Sardina pilchardus,LV,,24,,,1,1,,N,,,,
EM,2020SE_140,Sardina pilchardus,LV,,14,,,2,1,,N,,,,
EM,2020SE_130,Sardina pilchardus,LV,,18,,,1,1,,N,,,,
EM,2020SE_130,Sardina pilchardus,LV,,19,,,1,1,,N,,,,
EM,2020SE_130,Sardina pilchardus,LV,,26,,,1,1,,N,,,,
EM,2020SE_130,Sardina pilchardus,LV,,27,,,2,1,,N,,,,
EM,2020SE_133,Sardina pilchardus,LV,,18,,,1,1,,N,,,,
EM,2020SE_133,Sardina pilchardus,LV,,20,,,1,1,,N,,,,
EM,2020SE_128,Sardina pilchardus,LV,,17,,,2,1,,N,,,,
EM,2020SE_128,Sardina pilchardus,LV,,22,,,2,1,,N,,,,
EM,2020SE_128,Sardina pilchardus,LV,,24,,,1,1,,N,,,,
EM,2020SE_128,Sardina pilchardus,LV,,26,,,1,1,,N,,,,
EM,2020SE_128,Sardina pilchardus,LV,,28,,,1,1,,N,,,,
EM,2020SE_130,Sardina pilchardus,LV,,13,,,1,1,,N,,,,
EM,2020SE_126,Sardina pilchardus,LV,,25,,,1,1,,N,,,,
EM,2020SE_127,Sardina pilchardus,LV,,15,,,1,1,,N,,,,
EM,2020SE_127,Sardina pilchardus,LV,,17,,,1,1,,N,,,,
EM,2020SE_127,Sardina pilchardus,LV,,18,,,1,1,,N,,,,
EM,2020SE_127,Sardina pilchardus,LV,,19,,,2,1,,N,,,,
EM,2020SE_127,Sardina pilchardus,LV,,28,,,1,1,,N,,,,
EM,2020SE_126,Sardina pilchardus,LV,,16,,,2,1,,N,,,,
EM,2020SE_126,Sardina pilchardus,LV,,17,,,2,1,,N,,,,
EM,2020SE_126,Sardina pilchardus,LV,,18,,,1,1,,N,,,,
EM,2020SE_126,Sardina pilchardus,LV,,19,,,1,1,,N,,,,
EM,2020SE_126,Sardina pilchardus,LV,,23,,,1,1,,N,,,,
EM,2020SE_126,Sardina pilchardus,LV,,24,,,1,1,,N,,,,
EM,2020SE_124,Sardina pilchardus,LV,,18,,,1,1,,N,,,,
EM,2020SE_124,Sardina pilchardus,LV,,19,,,1,1,,N,,,,
EM,2020SE_124,Sardina pilchardus,LV,,25,,,1,1,,N,,,,
EM,2020SE_124,Sardina pilchardus,LV,,26,,,3,1,,N,,,,
EM,2020SE_124,Sardina pilchardus,LV,,27,,,1,1,,N,,,,
EM,2020SE_125,Sardina pilchardus,LV,,23,,,2,1,,N,,,,
EM,2020SE_122,Sardina pilchardus,LV,,27,,,2,1,,N,,,,
EM,2020SE_122,Sardina pilchardus,LV,,29,,,1,1,,N,,,,
EM,2020SE_123,Sardina pilchardus,LV,,18,,,1,1,,N,,,,
EM,2020SE_123,Sardina pilchardus,LV,,23,,,1,1,,N,,,,
EM,2020SE_123,Sardina pilchardus,LV,,24,,,2,1,,N,,,,
EM,2020SE_123,Sardina pilchardus,LV,,28,,,1,1,,N,,,,
EM,2020SE_122,Sardina pilchardus,LV,,17,,,1,1,,N,,,,
EM,2020SE_122,Sardina pilchardus,LV,,18,,,3,1,,N,,,,
EM,2020SE_122,Sardina pilchardus,LV,,22,,,1,1,,N,,,,
EM,2020SE_122,Sardina pilchardus,LV,,23,,,1,1,,N,,,,
EM,2020SE_122,Sardina pilchardus,LV,,24,,,1,1,,N,,,,
EM,2020SE_122,Sardina pilchardus,LV,,26,,,4,1,,N,,,,
EM,2020SE_121,Sardina pilchardus,LV,,23,,,3,1,,N,,,,
EM,2020SE_121,Sardina pilchardus,LV,,24,,,1,1,,N,,,,
EM,2020SE_121,Sardina pilchardus,LV,,25,,,2,1,,N,,,,
EM,2020SE_121,Sardina pilchardus,LV,,26,,,1,1,,N,,,,
EM,2020SE_122,Sardina pilchardus,LV,,15,,,1,1,,N,,,,
EM,2020SE_122,Sardina pilchardus,LV,,16,,,3,1,,N,,,,
EM,2020SE_120,Sardina pilchardus,LV,,22,,,2,1,,N,,,,
EM,2020SE_121,Sardina pilchardus,LV,,17,,,1,1,,N,,,,
EM,2020SE_121,Sardina pilchardus,LV,,19,,,3,1,,N,,,,
EM,2020SE_121,Sardina pilchardus,LV,,20,,,2,1,,N,,,,
EM,2020SE_121,Sardina pilchardus,LV,,21,,,1,1,,N,,,,
EM,2020SE_121,Sardina pilchardus,LV,,22,,,1,1,,N,,,,
EM,2020SE_116,Sardina pilchardus,LV,,20,,,1,1,,N,,,,
EM,2020SE_116,Sardina pilchardus,LV,,23,,,2,1,,N,,,,
EM,2020SE_116,Sardina pilchardus,LV,,26,,,1,1,,N,,,,
EM,2020SE_120,Sardina pilchardus,LV,,13,,,1,1,,N,,,,
EM,2020SE_120,Sardina pilchardus,LV,,16,,,1,1,,N,,,,
EM,2020SE_120,Sardina pilchardus,LV,,17,,,1,1,,N,,,,
EM,2020SE_115,Sardina pilchardus,LV,,19,,,2,1,,N,,,,
EM,2020SE_115,Sardina pilchardus,LV,,22,,,1,1,,N,,,,
EM,2020SE_115,Sardina pilchardus,LV,,24,,,1,1,,N,,,,
EM,2020SE_115,Sardina pilchardus,LV,,25,,,1,1,,N,,,,
EM,2020SE_115,Sardina pilchardus,LV,,26,,,1,1,,N,,,,
EM,2020SE_116,Sardina pilchardus,LV,,18,,,1,1,,N,,,,
EM,2020SE_111,Sardina pilchardus,LV,,16,,,1,1,,N,,,,
EM,2020SE_111,Sardina pilchardus,LV,,20,,,1,1,,N,,,,
EM,2020SE_112,Sardina pilchardus,LV,,30,,,1,1,,N,,,,
EM,2020SE_113,Sardina pilchardus,LV,,18,,,1,1,,N,,,,
EM,2020SE_113,Sardina pilchardus,LV,,37,,,1,1,,N,,,,
EM,2020SE_115,Sardina pilchardus,LV,,17,,,1,1,,N,,,,
EM,2020SE_141,Sprattus sprattus,LV,,12,,,1,1,,N,,,,
EM,2020SE_141,Sprattus sprattus,LV,,13,,,1,1,,N,,,,
EM,2020SE_141,Sprattus sprattus,LV,,14,,,1,1,,N,,,,
EM,2020SE_141,Sprattus sprattus,LV,,15,,,1,1,,N,,,,
