EH,MIK,NL,,NA,NA,64T2,MRN2,NA,1600,WovFab,NA,NA,1993NL_001,NA,NA,2,2,1993,20,29,56.81666667,-0.466666667,23,0,2129,NA,NA,NA,3.14,NA,NA,NA,NA,6905,3.17,NA,NA,NA,F,NA,65,70,NA,NA,NA,NA,NA,NA,NA,NA,4.20E+10,NA
EH,MIK,NL,,NA,NA,64T2,MRN2,NA,1600,WovFab,NA,NA,1993NL_002,NA,NA,9,2,1993,17,43,57.25,-0.5,26,31,2454,NA,NA,NA,3.14,NA,NA,NA,NA,9192,3.17,NA,NA,NA,F,NA,70,76,NA,NA,NA,NA,NA,NA,NA,NA,4.30E+10,NA
EH,MIK,NL,,NA,NA,64T2,MRN2,NA,1600,WovFab,NA,NA,1993NL_003,NA,NA,9,2,1993,18,45,57.08333333,-0.5,29,40,2732,NA,NA,NA,3.14,NA,NA,NA,NA,12120,3.17,NA,NA,NA,F,NA,74,79,NA,NA,NA,NA,NA,NA,NA,NA,4.30E+10,NA
EH,MIK,NL,,NA,NA,64T2,MRN2,NA,1600,WovFab,NA,NA,1993NL_004,NA,NA,9,2,1993,21,0,56.65,-0.5,26,16,2422,NA,NA,NA,3.14,NA,NA,NA,NA,11102,3.17,NA,NA,NA,F,NA,61,66,NA,NA,NA,NA,NA,NA,NA,NA,4.20E+10,NA
EH,MIK,NL,,NA,NA,64T2,MRN2,NA,1600,WovFab,NA,NA,1993NL_005,NA,NA,9,2,1993,22,9,56.48333333,-0.5,25,23,2336,NA,NA,NA,3.14,NA,NA,NA,NA,10167,3.17,NA,NA,NA,F,NA,65,70,NA,NA,NA,NA,NA,NA,NA,NA,4.10E+10,NA
EH,MIK,NL,,NA,NA,64T2,MRN2,NA,1600,WovFab,NA,NA,1993NL_006,NA,NA,10,2,1993,20,30,53.16666667,1.783333333,20,4,1856,NA,NA,NA,3.14,NA,NA,NA,NA,9494,3.17,NA,NA,NA,F,NA,32,38,NA,NA,NA,NA,NA,NA,NA,NA,35F1,NA
EH,MIK,NL,,NA,NA,64T2,MRN2,NA,1600,WovFab,NA,NA,1993NL_007,NA,NA,10,2,1993,21,33,53.33333333,1.733333333,13,10,1213,NA,NA,NA,3.14,NA,NA,NA,NA,4948,3.17,NA,NA,NA,F,NA,26,31,NA,NA,NA,NA,NA,NA,NA,NA,35F1,NA
EH,MIK,NL,,NA,NA,64T2,MRN2,NA,1600,WovFab,NA,NA,1993NL_008,NA,NA,10,2,1993,22,36,53.51666667,1.683333333,13,26,1228,NA,NA,NA,3.14,NA,NA,NA,NA,5758,3.17,NA,NA,NA,F,NA,28,33,NA,NA,NA,NA,NA,NA,NA,NA,36F1,NA
EH,MIK,NL,,NA,NA,64T2,MRN2,NA,1600,WovFab,NA,NA,1993NL_009,NA,NA,15,2,1993,18,20,52.66666667,3.9,16,7,1488,NA,NA,NA,3.14,NA,NA,NA,NA,5963,3.17,NA,NA,NA,F,NA,21,26,NA,NA,NA,NA,NA,NA,NA,NA,34F3,NA
EH,MIK,NL,,NA,NA,64T2,MRN2,NA,1600,WovFab,NA,NA,1993NL_010,NA,NA,15,2,1993,19,28,52.63333333,4.183333333,15,18,1406,NA,NA,NA,3.14,NA,NA,NA,NA,5339,3.17,NA,NA,NA,F,NA,21,26,NA,NA,NA,NA,NA,NA,NA,NA,34F4,NA
EH,MIK,NL,,NA,NA,64T2,MRN2,NA,1600,WovFab,NA,NA,1993NL_011,NA,NA,15,2,1993,20,35,52.81666667,4.383333333,14,45,1338,NA,NA,NA,3.14,NA,NA,NA,NA,4625,3.17,NA,NA,NA,F,NA,19,24,NA,NA,NA,NA,NA,NA,NA,NA,34F4,NA
EH,MIK,NL,,NA,NA,64T2,MRN2,NA,1600,WovFab,NA,NA,1993NL_012,NA,NA,15,2,1993,21,35,52.96666667,4.483333333,15,43,1429,NA,NA,NA,3.14,NA,NA,NA,NA,5074,3.17,NA,NA,NA,F,NA,22,27,NA,NA,NA,NA,NA,NA,NA,NA,34F4,NA
EH,MIK,NL,,NA,NA,64T2,MRN2,NA,1600,WovFab,NA,NA,1993NL_013,NA,NA,15,2,1993,22,45,53.13333333,4.5,15,31,1418,NA,NA,NA,3.14,NA,NA,NA,NA,5570,3.17,NA,NA,NA,F,NA,21,26,NA,NA,NA,NA,NA,NA,NA,NA,35F4,NA
EH,MIK,NL,,NA,NA,64T2,MRN2,NA,1600,WovFab,NA,NA,1993NL_014,NA,NA,16,2,1993,17,40,54.41666667,8.116666667,6,42,594,NA,NA,NA,3.14,NA,NA,NA,NA,2064,3.17,NA,NA,NA,F,NA,15,20,NA,NA,NA,NA,NA,NA,NA,NA,37F8,NA
EH,MIK,NL,,NA,NA,64T2,MRN2,NA,1600,WovFab,NA,NA,1993NL_015,NA,NA,16,2,1993,18,45,54.4,7.8,10,31,955,NA,NA,NA,3.14,NA,NA,NA,NA,8158,3.17,NA,NA,NA,F,NA,20,25,NA,NA,NA,NA,NA,NA,NA,NA,37F7,NA
EH,MIK,NL,,NA,NA,64T2,MRN2,NA,1600,WovFab,NA,NA,1993NL_016,NA,NA,16,2,1993,20,13,54.4,7.383333333,20,45,1894,NA,NA,NA,3.14,NA,NA,NA,NA,7455,3.17,NA,NA,NA,F,NA,21,26,NA,NA,NA,NA,NA,NA,NA,NA,37F7,NA
EH,MIK,NL,,NA,NA,64T2,MRN2,NA,1600,WovFab,NA,NA,1993NL_017,NA,NA,16,2,1993,22,0,54.36666667,6.9,15,30,1417,NA,NA,NA,3.14,NA,NA,NA,NA,5245,3.17,NA,NA,NA,F,NA,30,35,NA,NA,NA,NA,NA,NA,NA,NA,37F6,NA
EH,MIK,NL,,NA,NA,64T2,MRN2,NA,1600,WovFab,NA,NA,1993NL_018,NA,NA,16,2,1993,22,50,54.36666667,6.733333333,15,15,1403,NA,NA,NA,3.14,NA,NA,NA,NA,4304,3.17,NA,NA,NA,F,NA,28,33,NA,NA,NA,NA,NA,NA,NA,NA,37F6,NA
EH,MIK,NL,,NA,NA,64T2,MRN2,NA,1600,WovFab,NA,NA,1993NL_019,NA,NA,17,2,1993,18,37,53.9,7.083333333,11,0,1019,NA,NA,NA,3.14,NA,NA,NA,NA,5522,3.17,NA,NA,NA,F,NA,22,27,NA,NA,NA,NA,NA,NA,NA,NA,36F7,NA
EH,MIK,NL,,NA,NA,64T2,MRN2,NA,1600,WovFab,NA,NA,1993NL_020,NA,NA,17,2,1993,19,49,53.85,6.716666667,11,6,1024,NA,NA,NA,3.14,NA,NA,NA,NA,4871,3.17,NA,NA,NA,F,NA,23,28,NA,NA,NA,NA,NA,NA,NA,NA,36F6,NA
EH,MIK,NL,,NA,NA,64T2,MRN2,NA,1600,WovFab,NA,NA,1993NL_021,NA,NA,17,2,1993,21,21,53.85,6.716666667,10,36,959,NA,NA,NA,3.14,NA,NA,NA,NA,4847,3.17,NA,NA,NA,F,NA,21,26,NA,NA,NA,NA,NA,NA,NA,NA,36F6,NA
EH,MIK,NL,,NA,NA,64T2,MRN2,NA,1600,WovFab,NA,NA,1993NL_022,NA,NA,17,2,1993,22,42,53.68333333,5.766666667,11,4,1022,NA,NA,NA,3.14,NA,NA,NA,NA,4764,3.17,NA,NA,NA,F,NA,23,28,NA,NA,NA,NA,NA,NA,NA,NA,36F5,NA
EH,MIK,NL,,NA,NA,64T2,MRN2,NA,1600,WovFab,NA,NA,1993NL_023,NA,NA,18,2,1993,17,40,52.78333333,2.5,19,0,1759,NA,NA,NA,3.14,NA,NA,NA,NA,8849,3.17,NA,NA,NA,F,NA,39,44,NA,NA,NA,NA,NA,NA,NA,NA,34F2,NA
EH,MIK,NL,,NA,NA,64T2,MRN2,NA,1600,WovFab,NA,NA,1993NL_024,NA,NA,18,2,1993,19,40,53.1,2.533333333,13,10,1213,NA,NA,NA,3.14,NA,NA,NA,NA,3893,3.17,NA,NA,NA,F,NA,20,25,NA,NA,NA,NA,NA,NA,NA,NA,35F2,NA
EH,MIK,NL,,NA,NA,64T2,MRN2,NA,1600,WovFab,NA,NA,1993NL_025,NA,NA,18,2,1993,21,10,53.31666667,2.466666667,14,18,1313,NA,NA,NA,3.14,NA,NA,NA,NA,5115,3.17,NA,NA,NA,F,NA,20,25,NA,NA,NA,NA,NA,NA,NA,NA,35F2,NA
EH,MIK,NL,,NA,NA,64T2,MRN2,NA,1600,WovFab,NA,NA,1993NL_026,NA,NA,18,2,1993,22,15,53.45,2.533333333,12,53,1160,NA,NA,NA,3.14,NA,NA,NA,NA,6868,3.17,NA,NA,NA,F,NA,18,23,NA,NA,NA,NA,NA,NA,NA,NA,35F2,NA
EH,MIK,NL,,NA,NA,64T2,MRN2,NA,1600,WovFab,NA,NA,1993NL_027,NA,NA,22,2,1993,20,10,53.35,3.433333333,13,10,1213,NA,NA,NA,3.14,NA,NA,NA,NA,4703,3.17,NA,NA,NA,F,NA,28,33,NA,NA,NA,NA,NA,NA,NA,NA,35F3,NA
EH,MIK,NL,,NA,NA,64T2,MRN2,NA,1600,WovFab,NA,NA,1993NL_028,NA,NA,22,2,1993,0,0,53.36666667,3.8,10,15,940,NA,NA,NA,3.14,NA,NA,NA,NA,3612,3.17,NA,NA,NA,F,NA,25,30,NA,NA,NA,NA,NA,NA,NA,NA,35F3,NA
EH,MIK,NL,,NA,NA,64T2,MRN2,NA,1600,WovFab,NA,NA,1993NL_029,NA,NA,22,2,1993,22,20,53.36666667,4.116666667,10,0,926,NA,NA,NA,3.14,NA,NA,NA,NA,3411,3.17,NA,NA,NA,F,NA,24,29,NA,NA,NA,NA,NA,NA,NA,NA,35F4,NA
EH,MIK,NL,,NA,NA,64T2,MRN2,NA,1600,WovFab,NA,NA,1993NL_030,NA,NA,23,2,1993,18,0,52.56666667,1.933333333,8,35,773,NA,NA,NA,3.14,NA,NA,NA,NA,3249,3.17,NA,NA,NA,F,NA,25,30,NA,NA,NA,NA,NA,NA,NA,NA,34F1,NA
EH,MIK,NL,,NA,NA,64T2,MRN2,NA,1600,WovFab,NA,NA,1993NL_031,NA,NA,23,2,1993,19,20,52.28333333,1.9,10,37,960,NA,NA,NA,3.14,NA,NA,NA,NA,4379,3.17,NA,NA,NA,F,NA,25,30,NA,NA,NA,NA,NA,NA,NA,NA,33F1,NA
EH,MIK,NL,,NA,NA,64T2,MRN2,NA,1600,WovFab,NA,NA,1993NL_032,NA,NA,23,2,1993,20,35,52.3,2.333333333,20,47,1896,NA,NA,NA,3.14,NA,NA,NA,NA,8527,3.17,NA,NA,NA,F,NA,50,55,NA,NA,NA,NA,NA,NA,NA,NA,33F2,NA
EH,MIK,NL,,NA,NA,64T2,MRN2,NA,1600,WovFab,NA,NA,1993NL_033,NA,NA,23,2,1993,21,50,52.33333333,2.716666667,13,51,1251,NA,NA,NA,3.14,NA,NA,NA,NA,5788,3.17,NA,NA,NA,F,NA,40,45,NA,NA,NA,NA,NA,NA,NA,NA,33F2,NA
EH,MIK,NL,,NA,NA,64T2,MRN2,NA,1600,WovFab,NA,NA,1993NL_034,NA,NA,24,2,1993,18,5,51.63333333,2.816666667,11,5,1023,NA,NA,NA,3.14,NA,NA,NA,NA,2663,3.17,NA,NA,NA,F,NA,35,40,NA,NA,NA,NA,NA,NA,NA,NA,32F2,NA
EH,MIK,NL,,NA,NA,64T2,MRN2,NA,1600,WovFab,NA,NA,1993NL_035,NA,NA,24,2,1993,20,45,51.71666667,3.3,7,24,670,NA,NA,NA,3.14,NA,NA,NA,NA,3128,3.17,NA,NA,NA,F,NA,19,24,NA,NA,NA,NA,NA,NA,NA,NA,32F3,NA
EH,MIK,NL,,NA,NA,64T2,MRN2,NA,1600,WovFab,NA,NA,1993NL_036,NA,NA,24,2,1993,20,45,51.83333333,3.533333333,10,25,949,NA,NA,NA,3.14,NA,NA,NA,NA,5134,3.17,NA,NA,NA,F,NA,25,30,NA,NA,NA,NA,NA,NA,NA,NA,32F3,NA
EH,MIK,NL,,NA,NA,64T2,MRN2,NA,1600,WovFab,NA,NA,1993NL_037,NA,NA,24,2,1993,22,15,52.08333333,3.5,10,28,952,NA,NA,NA,3.14,NA,NA,NA,NA,4475,3.17,NA,NA,NA,F,NA,28,33,NA,NA,NA,NA,NA,NA,NA,NA,33F3,NA
EH,MIK,NL,,NA,NA,64T2,MRN2,NA,1600,WovFab,NA,NA,1993NL_038,NA,NA,25,2,1993,18,15,51.56666667,1.833333333,15,2,1391,NA,NA,NA,3.14,NA,NA,NA,NA,6433,3.17,NA,NA,NA,F,NA,36,41,NA,NA,NA,NA,NA,NA,NA,NA,32F1,NA
EH,MIK,NL,,NA,NA,64T2,MRN2,NA,1600,WovFab,NA,NA,1993NL_039,NA,NA,25,2,1993,20,3,51.28333333,1.833333333,9,36,NA,NA,NA,NA,3.14,NA,NA,NA,NA,2416,3.17,NA,NA,NA,F,NA,36,41,NA,NA,NA,NA,NA,NA,NA,NA,31F1,NA
EH,MIK,NL,,NA,NA,64T2,MRN2,NA,1600,WovFab,NA,NA,1993NL_040,NA,NA,25,2,1993,21,0,51.18333333,1.8,14,44,1337,NA,NA,NA,3.14,NA,NA,NA,NA,6142,3.17,NA,NA,NA,F,NA,34,39,NA,NA,NA,NA,NA,NA,NA,NA,31F1,NA
EH,MIK,NL,,NA,NA,64T2,MRN2,NA,1600,WovFab,NA,NA,1993NL_041,NA,NA,25,2,1993,22,15,51.35,2.033333333,13,14,1217,NA,NA,NA,3.14,NA,NA,NA,NA,5231,3.17,NA,NA,NA,F,NA,32,37,NA,NA,NA,NA,NA,NA,NA,NA,31F2,NA
EM,1993NL_001,Clupea harengus,NS,NA,19,,,6,1,,NA,NA,,NA,NA,NA,NA,NA,NA,NA,NA,NA,NA,NA,NULL,NA,NA,NA,NA,NA,NA,NA,NA,NA,NA,NA,NA,NA,,NA,NA,NA,NA,NA,NA,NA,NA,NA,NA,NA,,NA
EM,1993NL_001,Clupea harengus,NS,NA,20,,,6,1,,NA,NA,,NA,NA,NA,NA,NA,NA,NA,NA,NA,NA,NA,NULL,NA,NA,NA,NA,NA,NA,NA,NA,NA,NA,NA,NA,NA,,NA,NA,NA,NA,NA,NA,NA,NA,NA,NA,NA,,NA
EM,1993NL_001,Clupea harengus,NS,NA,21,,,6,1,,NA,NA,,NA,NA,NA,NA,NA,NA,NA,NA,NA,NA,NA,NULL,NA,NA,NA,NA,NA,NA,NA,NA,NA,NA,NA,NA,NA,,NA,NA,NA,NA,NA,NA,NA,NA,NA,NA,NA,,NA
EM,1993NL_001,Clupea harengus,NS,NA,22,,,15,1,,NA,NA,,NA,NA,NA,NA,NA,NA,NA,NA,NA,NA,NA,NULL,NA,NA,NA,NA,NA,NA,NA,NA,NA,NA,NA,NA,NA,,NA,NA,NA,NA,NA,NA,NA,NA,NA,NA,NA,,NA
EM,1993NL_001,Clupea harengus,NS,NA,23,,,15,1,,NA,NA,,NA,NA,NA,NA,NA,NA,NA,NA,NA,NA,NA,NULL,NA,NA,NA,NA,NA,NA,NA,NA,NA,NA,NA,NA,NA,,NA,NA,NA,NA,NA,NA,NA,NA,NA,NA,NA,,NA
EM,1993NL_001,Clupea harengus,NS,NA,24,,,12,1,,NA,NA,,NA,NA,NA,NA,NA,NA,NA,NA,NA,NA,NA,NULL,NA,NA,NA,NA,NA,NA,NA,NA,NA,NA,NA,NA,NA,,NA,NA,NA,NA,NA,NA,NA,NA,NA,NA,NA,,NA
EM,1993NL_001,Clupea harengus,NS,NA,25,,,33,1,,NA,NA,,NA,NA,NA,NA,NA,NA,NA,NA,NA,NA,NA,NULL,NA,NA,NA,NA,NA,NA,NA,NA,NA,NA,NA,NA,NA,,NA,NA,NA,NA,NA,NA,NA,NA,NA,NA,NA,,NA
EM,1993NL_001,Clupea harengus,NS,NA,26,,,9,1,,NA,NA,,NA,NA,NA,NA,NA,NA,NA,NA,NA,NA,NA,NULL,NA,NA,NA,NA,NA,NA,NA,NA,NA,NA,NA,NA,NA,,NA,NA,NA,NA,NA,NA,NA,NA,NA,NA,NA,,NA
EM,1993NL_001,Clupea harengus,NS,NA,27,,,12,1,,NA,NA,,NA,NA,NA,NA,NA,NA,NA,NA,NA,NA,NA,NULL,NA,NA,NA,NA,NA,NA,NA,NA,NA,NA,NA,NA,NA,,NA,NA,NA,NA,NA,NA,NA,NA,NA,NA,NA,,NA
EM,1993NL_001,Clupea harengus,NS,NA,28,,,6,1,,NA,NA,,NA,NA,NA,NA,NA,NA,NA,NA,NA,NA,NA,NULL,NA,NA,NA,NA,NA,NA,NA,NA,NA,NA,NA,NA,NA,,NA,NA,NA,NA,NA,NA,NA,NA,NA,NA,NA,,NA
EM,1993NL_001,Clupea harengus,NS,NA,29,,,6,1,,NA,NA,,NA,NA,NA,NA,NA,NA,NA,NA,NA,NA,NA,NULL,NA,NA,NA,NA,NA,NA,NA,NA,NA,NA,NA,NA,NA,,NA,NA,NA,NA,NA,NA,NA,NA,NA,NA,NA,,NA
EM,1993NL_001,Clupea harengus,NS,NA,30,,,9,1,,NA,NA,,NA,NA,NA,NA,NA,NA,NA,NA,NA,NA,NA,NULL,NA,NA,NA,NA,NA,NA,NA,NA,NA,NA,NA,NA,NA,,NA,NA,NA,NA,NA,NA,NA,NA,NA,NA,NA,,NA
EM,1993NL_001,Clupea harengus,NS,NA,31,,,9,1,,NA,NA,,NA,NA,NA,NA,NA,NA,NA,NA,NA,NA,NA,NULL,NA,NA,NA,NA,NA,NA,NA,NA,NA,NA,NA,NA,NA,,NA,NA,NA,NA,NA,NA,NA,NA,NA,NA,NA,,NA
EM,1993NL_001,Clupea harengus,NS,NA,32,,,6,1,,NA,NA,,NA,NA,NA,NA,NA,NA,NA,NA,NA,NA,NA,NULL,NA,NA,NA,NA,NA,NA,NA,NA,NA,NA,NA,NA,NA,,NA,NA,NA,NA,NA,NA,NA,NA,NA,NA,NA,,NA
EM,1993NL_002,Clupea harengus,NS,NA,19,,,2,1,,NA,NA,,NA,NA,NA,NA,NA,NA,NA,NA,NA,NA,NA,NULL,NA,NA,NA,NA,NA,NA,NA,NA,NA,NA,NA,NA,NA,,NA,NA,NA,NA,NA,NA,NA,NA,NA,NA,NA,,NA
EM,1993NL_002,Clupea harengus,NS,NA,20,,,6,1,,NA,NA,,NA,NA,NA,NA,NA,NA,NA,NA,NA,NA,NA,NULL,NA,NA,NA,NA,NA,NA,NA,NA,NA,NA,NA,NA,NA,,NA,NA,NA,NA,NA,NA,NA,NA,NA,NA,NA,,NA
EM,1993NL_002,Clupea harengus,NS,NA,21,,,2,1,,NA,NA,,NA,NA,NA,NA,NA,NA,NA,NA,NA,NA,NA,NULL,NA,NA,NA,NA,NA,NA,NA,NA,NA,NA,NA,NA,NA,,NA,NA,NA,NA,NA,NA,NA,NA,NA,NA,NA,,NA
EM,1993NL_002,Clupea harengus,NS,NA,22,,,4,1,,NA,NA,,NA,NA,NA,NA,NA,NA,NA,NA,NA,NA,NA,NULL,NA,NA,NA,NA,NA,NA,NA,NA,NA,NA,NA,NA,NA,,NA,NA,NA,NA,NA,NA,NA,NA,NA,NA,NA,,NA
EM,1993NL_002,Clupea harengus,NS,NA,23,,,4,1,,NA,NA,,NA,NA,NA,NA,NA,NA,NA,NA,NA,NA,NA,NULL,NA,NA,NA,NA,NA,NA,NA,NA,NA,NA,NA,NA,NA,,NA,NA,NA,NA,NA,NA,NA,NA,NA,NA,NA,,NA
EM,1993NL_002,Clupea harengus,NS,NA,24,,,6,1,,NA,NA,,NA,NA,NA,NA,NA,NA,NA,NA,NA,NA,NA,NULL,NA,NA,NA,NA,NA,NA,NA,NA,NA,NA,NA,NA,NA,,NA,NA,NA,NA,NA,NA,NA,NA,NA,NA,NA,,NA
EM,1993NL_002,Clupea harengus,NS,NA,25,,,12,1,,NA,NA,,NA,NA,NA,NA,NA,NA,NA,NA,NA,NA,NA,NULL,NA,NA,NA,NA,NA,NA,NA,NA,NA,NA,NA,NA,NA,,NA,NA,NA,NA,NA,NA,NA,NA,NA,NA,NA,,NA
EM,1993NL_002,Clupea harengus,NS,NA,26,,,8,1,,NA,NA,,NA,NA,NA,NA,NA,NA,NA,NA,NA,NA,NA,NULL,NA,NA,NA,NA,NA,NA,NA,NA,NA,NA,NA,NA,NA,,NA,NA,NA,NA,NA,NA,NA,NA,NA,NA,NA,,NA
EM,1993NL_002,Clupea harengus,NS,NA,27,,,2,1,,NA,NA,,NA,NA,NA,NA,NA,NA,NA,NA,NA,NA,NA,NULL,NA,NA,NA,NA,NA,NA,NA,NA,NA,NA,NA,NA,NA,,NA,NA,NA,NA,NA,NA,NA,NA,NA,NA,NA,,NA
EM,1993NL_002,Clupea harengus,NS,NA,28,,,8,1,,NA,NA,,NA,NA,NA,NA,NA,NA,NA,NA,NA,NA,NA,NULL,NA,NA,NA,NA,NA,NA,NA,NA,NA,NA,NA,NA,NA,,NA,NA,NA,NA,NA,NA,NA,NA,NA,NA,NA,,NA
EM,1993NL_002,Clupea harengus,NS,NA,29,,,2,1,,NA,NA,,NA,NA,NA,NA,NA,NA,NA,NA,NA,NA,NA,NULL,NA,NA,NA,NA,NA,NA,NA,NA,NA,NA,NA,NA,NA,,NA,NA,NA,NA,NA,NA,NA,NA,NA,NA,NA,,NA
EM,1993NL_002,Clupea harengus,NS,NA,30,,,2,1,,NA,NA,,NA,NA,NA,NA,NA,NA,NA,NA,NA,NA,NA,NULL,NA,NA,NA,NA,NA,NA,NA,NA,NA,NA,NA,NA,NA,,NA,NA,NA,NA,NA,NA,NA,NA,NA,NA,NA,,NA
EM,1993NL_002,Clupea harengus,NS,NA,31,,,2,1,,NA,NA,,NA,NA,NA,NA,NA,NA,NA,NA,NA,NA,NA,NULL,NA,NA,NA,NA,NA,NA,NA,NA,NA,NA,NA,NA,NA,,NA,NA,NA,NA,NA,NA,NA,NA,NA,NA,NA,,NA
EM,1993NL_003,Clupea harengus,NS,NA,19,,,6,1,,NA,NA,,NA,NA,NA,NA,NA,NA,NA,NA,NA,NA,NA,NULL,NA,NA,NA,NA,NA,NA,NA,NA,NA,NA,NA,NA,NA,,NA,NA,NA,NA,NA,NA,NA,NA,NA,NA,NA,,NA
EM,1993NL_003,Clupea harengus,NS,NA,20,,,6,1,,NA,NA,,NA,NA,NA,NA,NA,NA,NA,NA,NA,NA,NA,NULL,NA,NA,NA,NA,NA,NA,NA,NA,NA,NA,NA,NA,NA,,NA,NA,NA,NA,NA,NA,NA,NA,NA,NA,NA,,NA
EM,1993NL_003,Clupea harengus,NS,NA,21,,,18,1,,NA,NA,,NA,NA,NA,NA,NA,NA,NA,NA,NA,NA,NA,NULL,NA,NA,NA,NA,NA,NA,NA,NA,NA,NA,NA,NA,NA,,NA,NA,NA,NA,NA,NA,NA,NA,NA,NA,NA,,NA
EM,1993NL_003,Clupea harengus,NS,NA,22,,,30,1,,NA,NA,,NA,NA,NA,NA,NA,NA,NA,NA,NA,NA,NA,NULL,NA,NA,NA,NA,NA,NA,NA,NA,NA,NA,NA,NA,NA,,NA,NA,NA,NA,NA,NA,NA,NA,NA,NA,NA,,NA
EM,1993NL_003,Clupea harengus,NS,NA,23,,,12,1,,NA,NA,,NA,NA,NA,NA,NA,NA,NA,NA,NA,NA,NA,NULL,NA,NA,NA,NA,NA,NA,NA,NA,NA,NA,NA,NA,NA,,NA,NA,NA,NA,NA,NA,NA,NA,NA,NA,NA,,NA
EM,1993NL_003,Clupea harengus,NS,NA,24,,,18,1,,NA,NA,,NA,NA,NA,NA,NA,NA,NA,NA,NA,NA,NA,NULL,NA,NA,NA,NA,NA,NA,NA,NA,NA,NA,NA,NA,NA,,NA,NA,NA,NA,NA,NA,NA,NA,NA,NA,NA,,NA
EM,1993NL_003,Clupea harengus,NS,NA,25,,,12,1,,NA,NA,,NA,NA,NA,NA,NA,NA,NA,NA,NA,NA,NA,NULL,NA,NA,NA,NA,NA,NA,NA,NA,NA,NA,NA,NA,NA,,NA,NA,NA,NA,NA,NA,NA,NA,NA,NA,NA,,NA
EM,1993NL_003,Clupea harengus,NS,NA,26,,,12,1,,NA,NA,,NA,NA,NA,NA,NA,NA,NA,NA,NA,NA,NA,NULL,NA,NA,NA,NA,NA,NA,NA,NA,NA,NA,NA,NA,NA,,NA,NA,NA,NA,NA,NA,NA,NA,NA,NA,NA,,NA
EM,1993NL_003,Clupea harengus,NS,NA,27,,,12,1,,NA,NA,,NA,NA,NA,NA,NA,NA,NA,NA,NA,NA,NA,NULL,NA,NA,NA,NA,NA,NA,NA,NA,NA,NA,NA,NA,NA,,NA,NA,NA,NA,NA,NA,NA,NA,NA,NA,NA,,NA
EM,1993NL_003,Clupea harengus,NS,NA,28,,,12,1,,NA,NA,,NA,NA,NA,NA,NA,NA,NA,NA,NA,NA,NA,NULL,NA,NA,NA,NA,NA,NA,NA,NA,NA,NA,NA,NA,NA,,NA,NA,NA,NA,NA,NA,NA,NA,NA,NA,NA,,NA
EM,1993NL_003,Clupea harengus,NS,NA,29,,,12,1,,NA,NA,,NA,NA,NA,NA,NA,NA,NA,NA,NA,NA,NA,NULL,NA,NA,NA,NA,NA,NA,NA,NA,NA,NA,NA,NA,NA,,NA,NA,NA,NA,NA,NA,NA,NA,NA,NA,NA,,NA
EM,1993NL_003,Clupea harengus,NS,NA,30,,,12,1,,NA,NA,,NA,NA,NA,NA,NA,NA,NA,NA,NA,NA,NA,NULL,NA,NA,NA,NA,NA,NA,NA,NA,NA,NA,NA,NA,NA,,NA,NA,NA,NA,NA,NA,NA,NA,NA,NA,NA,,NA
EM,1993NL_003,Clupea harengus,NS,NA,31,,,12,1,,NA,NA,,NA,NA,NA,NA,NA,NA,NA,NA,NA,NA,NA,NULL,NA,NA,NA,NA,NA,NA,NA,NA,NA,NA,NA,NA,NA,,NA,NA,NA,NA,NA,NA,NA,NA,NA,NA,NA,,NA
EM,1993NL_003,Clupea harengus,NS,NA,32,,,6,1,,NA,NA,,NA,NA,NA,NA,NA,NA,NA,NA,NA,NA,NA,NULL,NA,NA,NA,NA,NA,NA,NA,NA,NA,NA,NA,NA,NA,,NA,NA,NA,NA,NA,NA,NA,NA,NA,NA,NA,,NA
EM,1993NL_003,Clupea harengus,NS,NA,33,,,12,1,,NA,NA,,NA,NA,NA,NA,NA,NA,NA,NA,NA,NA,NA,NULL,NA,NA,NA,NA,NA,NA,NA,NA,NA,NA,NA,NA,NA,,NA,NA,NA,NA,NA,NA,NA,NA,NA,NA,NA,,NA
EM,1993NL_004,Clupea harengus,NS,NA,20,,,5,1,,NA,NA,,NA,NA,NA,NA,NA,NA,NA,NA,NA,NA,NA,NULL,NA,NA,NA,NA,NA,NA,NA,NA,NA,NA,NA,NA,NA,,NA,NA,NA,NA,NA,NA,NA,NA,NA,NA,NA,,NA
EM,1993NL_004,Clupea harengus,NS,NA,21,,,5,1,,NA,NA,,NA,NA,NA,NA,NA,NA,NA,NA,NA,NA,NA,NULL,NA,NA,NA,NA,NA,NA,NA,NA,NA,NA,NA,NA,NA,,NA,NA,NA,NA,NA,NA,NA,NA,NA,NA,NA,,NA
EM,1993NL_004,Clupea harengus,NS,NA,22,,,16,1,,NA,NA,,NA,NA,NA,NA,NA,NA,NA,NA,NA,NA,NA,NULL,NA,NA,NA,NA,NA,NA,NA,NA,NA,NA,NA,NA,NA,,NA,NA,NA,NA,NA,NA,NA,NA,NA,NA,NA,,NA
EM,1993NL_004,Clupea harengus,NS,NA,23,,,21,1,,NA,NA,,NA,NA,NA,NA,NA,NA,NA,NA,NA,NA,NA,NULL,NA,NA,NA,NA,NA,NA,NA,NA,NA,NA,NA,NA,NA,,NA,NA,NA,NA,NA,NA,NA,NA,NA,NA,NA,,NA
EM,1993NL_004,Clupea harengus,NS,NA,24,,,37,1,,NA,NA,,NA,NA,NA,NA,NA,NA,NA,NA,NA,NA,NA,NULL,NA,NA,NA,NA,NA,NA,NA,NA,NA,NA,NA,NA,NA,,NA,NA,NA,NA,NA,NA,NA,NA,NA,NA,NA,,NA
EM,1993NL_004,Clupea harengus,NS,NA,25,,,37,1,,NA,NA,,NA,NA,NA,NA,NA,NA,NA,NA,NA,NA,NA,NULL,NA,NA,NA,NA,NA,NA,NA,NA,NA,NA,NA,NA,NA,,NA,NA,NA,NA,NA,NA,NA,NA,NA,NA,NA,,NA
EM,1993NL_004,Clupea harengus,NS,NA,26,,,26,1,,NA,NA,,NA,NA,NA,NA,NA,NA,NA,NA,NA,NA,NA,NULL,NA,NA,NA,NA,NA,NA,NA,NA,NA,NA,NA,NA,NA,,NA,NA,NA,NA,NA,NA,NA,NA,NA,NA,NA,,NA
EM,1993NL_004,Clupea harengus,NS,NA,27,,,21,1,,NA,NA,,NA,NA,NA,NA,NA,NA,NA,NA,NA,NA,NA,NULL,NA,NA,NA,NA,NA,NA,NA,NA,NA,NA,NA,NA,NA,,NA,NA,NA,NA,NA,NA,NA,NA,NA,NA,NA,,NA
EM,1993NL_004,Clupea harengus,NS,NA,28,,,10,1,,NA,NA,,NA,NA,NA,NA,NA,NA,NA,NA,NA,NA,NA,NULL,NA,NA,NA,NA,NA,NA,NA,NA,NA,NA,NA,NA,NA,,NA,NA,NA,NA,NA,NA,NA,NA,NA,NA,NA,,NA
EM,1993NL_004,Clupea harengus,NS,NA,29,,,10,1,,NA,NA,,NA,NA,NA,NA,NA,NA,NA,NA,NA,NA,NA,NULL,NA,NA,NA,NA,NA,NA,NA,NA,NA,NA,NA,NA,NA,,NA,NA,NA,NA,NA,NA,NA,NA,NA,NA,NA,,NA
EM,1993NL_004,Clupea harengus,NS,NA,30,,,5,1,,NA,NA,,NA,NA,NA,NA,NA,NA,NA,NA,NA,NA,NA,NULL,NA,NA,NA,NA,NA,NA,NA,NA,NA,NA,NA,NA,NA,,NA,NA,NA,NA,NA,NA,NA,NA,NA,NA,NA,,NA
EM,1993NL_005,Clupea harengus,NS,NA,20,,,21,1,,NA,NA,,NA,NA,NA,NA,NA,NA,NA,NA,NA,NA,NA,NULL,NA,NA,NA,NA,NA,NA,NA,NA,NA,NA,NA,NA,NA,,NA,NA,NA,NA,NA,NA,NA,NA,NA,NA,NA,,NA
EM,1993NL_005,Clupea harengus,NS,NA,21,,,11,1,,NA,NA,,NA,NA,NA,NA,NA,NA,NA,NA,NA,NA,NA,NULL,NA,NA,NA,NA,NA,NA,NA,NA,NA,NA,NA,NA,NA,,NA,NA,NA,NA,NA,NA,NA,NA,NA,NA,NA,,NA
EM,1993NL_005,Clupea harengus,NS,NA,22,,,42,1,,NA,NA,,NA,NA,NA,NA,NA,NA,NA,NA,NA,NA,NA,NULL,NA,NA,NA,NA,NA,NA,NA,NA,NA,NA,NA,NA,NA,,NA,NA,NA,NA,NA,NA,NA,NA,NA,NA,NA,,NA
EM,1993NL_005,Clupea harengus,NS,NA,23,,,32,1,,NA,NA,,NA,NA,NA,NA,NA,NA,NA,NA,NA,NA,NA,NULL,NA,NA,NA,NA,NA,NA,NA,NA,NA,NA,NA,NA,NA,,NA,NA,NA,NA,NA,NA,NA,NA,NA,NA,NA,,NA
EM,1993NL_005,Clupea harengus,NS,NA,24,,,42,1,,NA,NA,,NA,NA,NA,NA,NA,NA,NA,NA,NA,NA,NA,NULL,NA,NA,NA,NA,NA,NA,NA,NA,NA,NA,NA,NA,NA,,NA,NA,NA,NA,NA,NA,NA,NA,NA,NA,NA,,NA
EM,1993NL_005,Clupea harengus,NS,NA,25,,,74,1,,NA,NA,,NA,NA,NA,NA,NA,NA,NA,NA,NA,NA,NA,NULL,NA,NA,NA,NA,NA,NA,NA,NA,NA,NA,NA,NA,NA,,NA,NA,NA,NA,NA,NA,NA,NA,NA,NA,NA,,NA
EM,1993NL_005,Clupea harengus,NS,NA,26,,,21,1,,NA,NA,,NA,NA,NA,NA,NA,NA,NA,NA,NA,NA,NA,NULL,NA,NA,NA,NA,NA,NA,NA,NA,NA,NA,NA,NA,NA,,NA,NA,NA,NA,NA,NA,NA,NA,NA,NA,NA,,NA
EM,1993NL_005,Clupea harengus,NS,NA,27,,,32,1,,NA,NA,,NA,NA,NA,NA,NA,NA,NA,NA,NA,NA,NA,NULL,NA,NA,NA,NA,NA,NA,NA,NA,NA,NA,NA,NA,NA,,NA,NA,NA,NA,NA,NA,NA,NA,NA,NA,NA,,NA
EM,1993NL_005,Clupea harengus,NS,NA,28,,,11,1,,NA,NA,,NA,NA,NA,NA,NA,NA,NA,NA,NA,NA,NA,NULL,NA,NA,NA,NA,NA,NA,NA,NA,NA,NA,NA,NA,NA,,NA,NA,NA,NA,NA,NA,NA,NA,NA,NA,NA,,NA
EM,1993NL_005,Clupea harengus,NS,NA,29,,,11,1,,NA,NA,,NA,NA,NA,NA,NA,NA,NA,NA,NA,NA,NA,NULL,NA,NA,NA,NA,NA,NA,NA,NA,NA,NA,NA,NA,NA,,NA,NA,NA,NA,NA,NA,NA,NA,NA,NA,NA,,NA
EM,1993NL_005,Clupea harengus,NS,NA,30,,,21,1,,NA,NA,,NA,NA,NA,NA,NA,NA,NA,NA,NA,NA,NA,NULL,NA,NA,NA,NA,NA,NA,NA,NA,NA,NA,NA,NA,NA,,NA,NA,NA,NA,NA,NA,NA,NA,NA,NA,NA,,NA
EM,1993NL_005,Clupea harengus,NS,NA,31,,,11,1,,NA,NA,,NA,NA,NA,NA,NA,NA,NA,NA,NA,NA,NA,NULL,NA,NA,NA,NA,NA,NA,NA,NA,NA,NA,NA,NA,NA,,NA,NA,NA,NA,NA,NA,NA,NA,NA,NA,NA,,NA
EM,1993NL_006,Clupea harengus,NS,NA,24,,,1,1,,NA,NA,,NA,NA,NA,NA,NA,NA,NA,NA,NA,NA,NA,NULL,NA,NA,NA,NA,NA,NA,NA,NA,NA,NA,NA,NA,NA,,NA,NA,NA,NA,NA,NA,NA,NA,NA,NA,NA,,NA
EM,1993NL_006,Clupea harengus,NS,NA,26,,,1,1,,NA,NA,,NA,NA,NA,NA,NA,NA,NA,NA,NA,NA,NA,NULL,NA,NA,NA,NA,NA,NA,NA,NA,NA,NA,NA,NA,NA,,NA,NA,NA,NA,NA,NA,NA,NA,NA,NA,NA,,NA
EM,1993NL_006,Clupea harengus,NS,NA,28,,,1,1,,NA,NA,,NA,NA,NA,NA,NA,NA,NA,NA,NA,NA,NA,NULL,NA,NA,NA,NA,NA,NA,NA,NA,NA,NA,NA,NA,NA,,NA,NA,NA,NA,NA,NA,NA,NA,NA,NA,NA,,NA
EM,1993NL_006,Clupea harengus,NS,NA,29,,,2,1,,NA,NA,,NA,NA,NA,NA,NA,NA,NA,NA,NA,NA,NA,NULL,NA,NA,NA,NA,NA,NA,NA,NA,NA,NA,NA,NA,NA,,NA,NA,NA,NA,NA,NA,NA,NA,NA,NA,NA,,NA
EM,1993NL_006,Clupea harengus,NS,NA,31,,,2,1,,NA,NA,,NA,NA,NA,NA,NA,NA,NA,NA,NA,NA,NA,NULL,NA,NA,NA,NA,NA,NA,NA,NA,NA,NA,NA,NA,NA,,NA,NA,NA,NA,NA,NA,NA,NA,NA,NA,NA,,NA
EM,1993NL_006,Clupea harengus,NS,NA,32,,,3,1,,NA,NA,,NA,NA,NA,NA,NA,NA,NA,NA,NA,NA,NA,NULL,NA,NA,NA,NA,NA,NA,NA,NA,NA,NA,NA,NA,NA,,NA,NA,NA,NA,NA,NA,NA,NA,NA,NA,NA,,NA
EM,1993NL_006,Clupea harengus,NS,NA,33,,,4,1,,NA,NA,,NA,NA,NA,NA,NA,NA,NA,NA,NA,NA,NA,NULL,NA,NA,NA,NA,NA,NA,NA,NA,NA,NA,NA,NA,NA,,NA,NA,NA,NA,NA,NA,NA,NA,NA,NA,NA,,NA
EM,1993NL_006,Clupea harengus,NS,NA,34,,,4,1,,NA,NA,,NA,NA,NA,NA,NA,NA,NA,NA,NA,NA,NA,NULL,NA,NA,NA,NA,NA,NA,NA,NA,NA,NA,NA,NA,NA,,NA,NA,NA,NA,NA,NA,NA,NA,NA,NA,NA,,NA
EM,1993NL_006,Clupea harengus,NS,NA,35,,,4,1,,NA,NA,,NA,NA,NA,NA,NA,NA,NA,NA,NA,NA,NA,NULL,NA,NA,NA,NA,NA,NA,NA,NA,NA,NA,NA,NA,NA,,NA,NA,NA,NA,NA,NA,NA,NA,NA,NA,NA,,NA
EM,1993NL_006,Clupea harengus,NS,NA,37,,,1,1,,NA,NA,,NA,NA,NA,NA,NA,NA,NA,NA,NA,NA,NA,NULL,NA,NA,NA,NA,NA,NA,NA,NA,NA,NA,NA,NA,NA,,NA,NA,NA,NA,NA,NA,NA,NA,NA,NA,NA,,NA
EM,1993NL_007,Clupea harengus,NS,NA,27,,,2,1,,NA,NA,,NA,NA,NA,NA,NA,NA,NA,NA,NA,NA,NA,NULL,NA,NA,NA,NA,NA,NA,NA,NA,NA,NA,NA,NA,NA,,NA,NA,NA,NA,NA,NA,NA,NA,NA,NA,NA,,NA
EM,1993NL_007,Clupea harengus,NS,NA,29,,,4,1,,NA,NA,,NA,NA,NA,NA,NA,NA,NA,NA,NA,NA,NA,NULL,NA,NA,NA,NA,NA,NA,NA,NA,NA,NA,NA,NA,NA,,NA,NA,NA,NA,NA,NA,NA,NA,NA,NA,NA,,NA
EM,1993NL_007,Clupea harengus,NS,NA,30,,,8,1,,NA,NA,,NA,NA,NA,NA,NA,NA,NA,NA,NA,NA,NA,NULL,NA,NA,NA,NA,NA,NA,NA,NA,NA,NA,NA,NA,NA,,NA,NA,NA,NA,NA,NA,NA,NA,NA,NA,NA,,NA
EM,1993NL_007,Clupea harengus,NS,NA,31,,,8,1,,NA,NA,,NA,NA,NA,NA,NA,NA,NA,NA,NA,NA,NA,NULL,NA,NA,NA,NA,NA,NA,NA,NA,NA,NA,NA,NA,NA,,NA,NA,NA,NA,NA,NA,NA,NA,NA,NA,NA,,NA
EM,1993NL_007,Clupea harengus,NS,NA,32,,,6,1,,NA,NA,,NA,NA,NA,NA,NA,NA,NA,NA,NA,NA,NA,NULL,NA,NA,NA,NA,NA,NA,NA,NA,NA,NA,NA,NA,NA,,NA,NA,NA,NA,NA,NA,NA,NA,NA,NA,NA,,NA
EM,1993NL_007,Clupea harengus,NS,NA,33,,,6,1,,NA,NA,,NA,NA,NA,NA,NA,NA,NA,NA,NA,NA,NA,NULL,NA,NA,NA,NA,NA,NA,NA,NA,NA,NA,NA,NA,NA,,NA,NA,NA,NA,NA,NA,NA,NA,NA,NA,NA,,NA
EM,1993NL_007,Clupea harengus,NS,NA,34,,,10,1,,NA,NA,,NA,NA,NA,NA,NA,NA,NA,NA,NA,NA,NA,NULL,NA,NA,NA,NA,NA,NA,NA,NA,NA,NA,NA,NA,NA,,NA,NA,NA,NA,NA,NA,NA,NA,NA,NA,NA,,NA
EM,1993NL_007,Clupea harengus,NS,NA,35,,,4,1,,NA,NA,,NA,NA,NA,NA,NA,NA,NA,NA,NA,NA,NA,NULL,NA,NA,NA,NA,NA,NA,NA,NA,NA,NA,NA,NA,NA,,NA,NA,NA,NA,NA,NA,NA,NA,NA,NA,NA,,NA
EM,1993NL_007,Clupea harengus,NS,NA,36,,,3,1,,NA,NA,,NA,NA,NA,NA,NA,NA,NA,NA,NA,NA,NA,NULL,NA,NA,NA,NA,NA,NA,NA,NA,NA,NA,NA,NA,NA,,NA,NA,NA,NA,NA,NA,NA,NA,NA,NA,NA,,NA
EM,1993NL_007,Clupea harengus,NS,NA,37,,,1,1,,NA,NA,,NA,NA,NA,NA,NA,NA,NA,NA,NA,NA,NA,NULL,NA,NA,NA,NA,NA,NA,NA,NA,NA,NA,NA,NA,NA,,NA,NA,NA,NA,NA,NA,NA,NA,NA,NA,NA,,NA
EM,1993NL_007,Clupea harengus,NS,NA,39,,,2,1,,NA,NA,,NA,NA,NA,NA,NA,NA,NA,NA,NA,NA,NA,NULL,NA,NA,NA,NA,NA,NA,NA,NA,NA,NA,NA,NA,NA,,NA,NA,NA,NA,NA,NA,NA,NA,NA,NA,NA,,NA
EM,1993NL_007,Clupea harengus,NS,NA,41,,,1,1,,NA,NA,,NA,NA,NA,NA,NA,NA,NA,NA,NA,NA,NA,NULL,NA,NA,NA,NA,NA,NA,NA,NA,NA,NA,NA,NA,NA,,NA,NA,NA,NA,NA,NA,NA,NA,NA,NA,NA,,NA
EM,1993NL_007,Clupea harengus,NS,NA,42,,,1,1,,NA,NA,,NA,NA,NA,NA,NA,NA,NA,NA,NA,NA,NA,NULL,NA,NA,NA,NA,NA,NA,NA,NA,NA,NA,NA,NA,NA,,NA,NA,NA,NA,NA,NA,NA,NA,NA,NA,NA,,NA
EM,1993NL_008,Clupea harengus,NS,NA,23,,,3,1,,NA,NA,,NA,NA,NA,NA,NA,NA,NA,NA,NA,NA,NA,NULL,NA,NA,NA,NA,NA,NA,NA,NA,NA,NA,NA,NA,NA,,NA,NA,NA,NA,NA,NA,NA,NA,NA,NA,NA,,NA
EM,1993NL_008,Clupea harengus,NS,NA,25,,,3,1,,NA,NA,,NA,NA,NA,NA,NA,NA,NA,NA,NA,NA,NA,NULL,NA,NA,NA,NA,NA,NA,NA,NA,NA,NA,NA,NA,NA,,NA,NA,NA,NA,NA,NA,NA,NA,NA,NA,NA,,NA
EM,1993NL_008,Clupea harengus,NS,NA,26,,,3,1,,NA,NA,,NA,NA,NA,NA,NA,NA,NA,NA,NA,NA,NA,NULL,NA,NA,NA,NA,NA,NA,NA,NA,NA,NA,NA,NA,NA,,NA,NA,NA,NA,NA,NA,NA,NA,NA,NA,NA,,NA
EM,1993NL_008,Clupea harengus,NS,NA,27,,,3,1,,NA,NA,,NA,NA,NA,NA,NA,NA,NA,NA,NA,NA,NA,NULL,NA,NA,NA,NA,NA,NA,NA,NA,NA,NA,NA,NA,NA,,NA,NA,NA,NA,NA,NA,NA,NA,NA,NA,NA,,NA
EM,1993NL_008,Clupea harengus,NS,NA,29,,,3,1,,NA,NA,,NA,NA,NA,NA,NA,NA,NA,NA,NA,NA,NA,NULL,NA,NA,NA,NA,NA,NA,NA,NA,NA,NA,NA,NA,NA,,NA,NA,NA,NA,NA,NA,NA,NA,NA,NA,NA,,NA
EM,1993NL_008,Clupea harengus,NS,NA,30,,,12,1,,NA,NA,,NA,NA,NA,NA,NA,NA,NA,NA,NA,NA,NA,NULL,NA,NA,NA,NA,NA,NA,NA,NA,NA,NA,NA,NA,NA,,NA,NA,NA,NA,NA,NA,NA,NA,NA,NA,NA,,NA
EM,1993NL_008,Clupea harengus,NS,NA,31,,,15,1,,NA,NA,,NA,NA,NA,NA,NA,NA,NA,NA,NA,NA,NA,NULL,NA,NA,NA,NA,NA,NA,NA,NA,NA,NA,NA,NA,NA,,NA,NA,NA,NA,NA,NA,NA,NA,NA,NA,NA,,NA
EM,1993NL_008,Clupea harengus,NS,NA,32,,,12,1,,NA,NA,,NA,NA,NA,NA,NA,NA,NA,NA,NA,NA,NA,NULL,NA,NA,NA,NA,NA,NA,NA,NA,NA,NA,NA,NA,NA,,NA,NA,NA,NA,NA,NA,NA,NA,NA,NA,NA,,NA
EM,1993NL_008,Clupea harengus,NS,NA,33,,,6,1,,NA,NA,,NA,NA,NA,NA,NA,NA,NA,NA,NA,NA,NA,NULL,NA,NA,NA,NA,NA,NA,NA,NA,NA,NA,NA,NA,NA,,NA,NA,NA,NA,NA,NA,NA,NA,NA,NA,NA,,NA
EM,1993NL_008,Clupea harengus,NS,NA,34,,,9,1,,NA,NA,,NA,NA,NA,NA,NA,NA,NA,NA,NA,NA,NA,NULL,NA,NA,NA,NA,NA,NA,NA,NA,NA,NA,NA,NA,NA,,NA,NA,NA,NA,NA,NA,NA,NA,NA,NA,NA,,NA
EM,1993NL_008,Clupea harengus,NS,NA,35,,,15,1,,NA,NA,,NA,NA,NA,NA,NA,NA,NA,NA,NA,NA,NA,NULL,NA,NA,NA,NA,NA,NA,NA,NA,NA,NA,NA,NA,NA,,NA,NA,NA,NA,NA,NA,NA,NA,NA,NA,NA,,NA
EM,1993NL_008,Clupea harengus,NS,NA,36,,,6,1,,NA,NA,,NA,NA,NA,NA,NA,NA,NA,NA,NA,NA,NA,NULL,NA,NA,NA,NA,NA,NA,NA,NA,NA,NA,NA,NA,NA,,NA,NA,NA,NA,NA,NA,NA,NA,NA,NA,NA,,NA
EM,1993NL_008,Clupea harengus,NS,NA,38,,,3,1,,NA,NA,,NA,NA,NA,NA,NA,NA,NA,NA,NA,NA,NA,NULL,NA,NA,NA,NA,NA,NA,NA,NA,NA,NA,NA,NA,NA,,NA,NA,NA,NA,NA,NA,NA,NA,NA,NA,NA,,NA
EM,1993NL_008,Clupea harengus,NS,NA,39,,,3,1,,NA,NA,,NA,NA,NA,NA,NA,NA,NA,NA,NA,NA,NA,NULL,NA,NA,NA,NA,NA,NA,NA,NA,NA,NA,NA,NA,NA,,NA,NA,NA,NA,NA,NA,NA,NA,NA,NA,NA,,NA
EM,1993NL_009,Clupea harengus,NS,NA,20,,,10,1,,NA,NA,,NA,NA,NA,NA,NA,NA,NA,NA,NA,NA,NA,NULL,NA,NA,NA,NA,NA,NA,NA,NA,NA,NA,NA,NA,NA,,NA,NA,NA,NA,NA,NA,NA,NA,NA,NA,NA,,NA
EM,1993NL_009,Clupea harengus,NS,NA,21,,,5,1,,NA,NA,,NA,NA,NA,NA,NA,NA,NA,NA,NA,NA,NA,NULL,NA,NA,NA,NA,NA,NA,NA,NA,NA,NA,NA,NA,NA,,NA,NA,NA,NA,NA,NA,NA,NA,NA,NA,NA,,NA
EM,1993NL_009,Clupea harengus,NS,NA,22,,,5,1,,NA,NA,,NA,NA,NA,NA,NA,NA,NA,NA,NA,NA,NA,NULL,NA,NA,NA,NA,NA,NA,NA,NA,NA,NA,NA,NA,NA,,NA,NA,NA,NA,NA,NA,NA,NA,NA,NA,NA,,NA
EM,1993NL_009,Clupea harengus,NS,NA,23,,,26,1,,NA,NA,,NA,NA,NA,NA,NA,NA,NA,NA,NA,NA,NA,NULL,NA,NA,NA,NA,NA,NA,NA,NA,NA,NA,NA,NA,NA,,NA,NA,NA,NA,NA,NA,NA,NA,NA,NA,NA,,NA
EM,1993NL_009,Clupea harengus,NS,NA,24,,,21,1,,NA,NA,,NA,NA,NA,NA,NA,NA,NA,NA,NA,NA,NA,NULL,NA,NA,NA,NA,NA,NA,NA,NA,NA,NA,NA,NA,NA,,NA,NA,NA,NA,NA,NA,NA,NA,NA,NA,NA,,NA
EM,1993NL_009,Clupea harengus,NS,NA,25,,,52,1,,NA,NA,,NA,NA,NA,NA,NA,NA,NA,NA,NA,NA,NA,NULL,NA,NA,NA,NA,NA,NA,NA,NA,NA,NA,NA,NA,NA,,NA,NA,NA,NA,NA,NA,NA,NA,NA,NA,NA,,NA
EM,1993NL_009,Clupea harengus,NS,NA,26,,,36,1,,NA,NA,,NA,NA,NA,NA,NA,NA,NA,NA,NA,NA,NA,NULL,NA,NA,NA,NA,NA,NA,NA,NA,NA,NA,NA,NA,NA,,NA,NA,NA,NA,NA,NA,NA,NA,NA,NA,NA,,NA
EM,1993NL_009,Clupea harengus,NS,NA,27,,,16,1,,NA,NA,,NA,NA,NA,NA,NA,NA,NA,NA,NA,NA,NA,NULL,NA,NA,NA,NA,NA,NA,NA,NA,NA,NA,NA,NA,NA,,NA,NA,NA,NA,NA,NA,NA,NA,NA,NA,NA,,NA
EM,1993NL_009,Clupea harengus,NS,NA,28,,,10,1,,NA,NA,,NA,NA,NA,NA,NA,NA,NA,NA,NA,NA,NA,NULL,NA,NA,NA,NA,NA,NA,NA,NA,NA,NA,NA,NA,NA,,NA,NA,NA,NA,NA,NA,NA,NA,NA,NA,NA,,NA
EM,1993NL_009,Clupea harengus,NS,NA,31,,,5,1,,NA,NA,,NA,NA,NA,NA,NA,NA,NA,NA,NA,NA,NA,NULL,NA,NA,NA,NA,NA,NA,NA,NA,NA,NA,NA,NA,NA,,NA,NA,NA,NA,NA,NA,NA,NA,NA,NA,NA,,NA
EM,1993NL_010,Clupea harengus,NS,NA,18,,,1,1,,NA,NA,,NA,NA,NA,NA,NA,NA,NA,NA,NA,NA,NA,NULL,NA,NA,NA,NA,NA,NA,NA,NA,NA,NA,NA,NA,NA,,NA,NA,NA,NA,NA,NA,NA,NA,NA,NA,NA,,NA
EM,1993NL_010,Clupea harengus,NS,NA,19,,,2,1,,NA,NA,,NA,NA,NA,NA,NA,NA,NA,NA,NA,NA,NA,NULL,NA,NA,NA,NA,NA,NA,NA,NA,NA,NA,NA,NA,NA,,NA,NA,NA,NA,NA,NA,NA,NA,NA,NA,NA,,NA
EM,1993NL_010,Clupea harengus,NS,NA,20,,,3,1,,NA,NA,,NA,NA,NA,NA,NA,NA,NA,NA,NA,NA,NA,NULL,NA,NA,NA,NA,NA,NA,NA,NA,NA,NA,NA,NA,NA,,NA,NA,NA,NA,NA,NA,NA,NA,NA,NA,NA,,NA
EM,1993NL_010,Clupea harengus,NS,NA,21,,,3,1,,NA,NA,,NA,NA,NA,NA,NA,NA,NA,NA,NA,NA,NA,NULL,NA,NA,NA,NA,NA,NA,NA,NA,NA,NA,NA,NA,NA,,NA,NA,NA,NA,NA,NA,NA,NA,NA,NA,NA,,NA
EM,1993NL_010,Clupea harengus,NS,NA,22,,,1,1,,NA,NA,,NA,NA,NA,NA,NA,NA,NA,NA,NA,NA,NA,NULL,NA,NA,NA,NA,NA,NA,NA,NA,NA,NA,NA,NA,NA,,NA,NA,NA,NA,NA,NA,NA,NA,NA,NA,NA,,NA
EM,1993NL_010,Clupea harengus,NS,NA,23,,,3,1,,NA,NA,,NA,NA,NA,NA,NA,NA,NA,NA,NA,NA,NA,NULL,NA,NA,NA,NA,NA,NA,NA,NA,NA,NA,NA,NA,NA,,NA,NA,NA,NA,NA,NA,NA,NA,NA,NA,NA,,NA
EM,1993NL_010,Clupea harengus,NS,NA,24,,,2,1,,NA,NA,,NA,NA,NA,NA,NA,NA,NA,NA,NA,NA,NA,NULL,NA,NA,NA,NA,NA,NA,NA,NA,NA,NA,NA,NA,NA,,NA,NA,NA,NA,NA,NA,NA,NA,NA,NA,NA,,NA
EM,1993NL_010,Clupea harengus,NS,NA,25,,,3,1,,NA,NA,,NA,NA,NA,NA,NA,NA,NA,NA,NA,NA,NA,NULL,NA,NA,NA,NA,NA,NA,NA,NA,NA,NA,NA,NA,NA,,NA,NA,NA,NA,NA,NA,NA,NA,NA,NA,NA,,NA
EM,1993NL_012,Clupea harengus,NS,NA,24,,,2,1,,NA,NA,,NA,NA,NA,NA,NA,NA,NA,NA,NA,NA,NA,NULL,NA,NA,NA,NA,NA,NA,NA,NA,NA,NA,NA,NA,NA,,NA,NA,NA,NA,NA,NA,NA,NA,NA,NA,NA,,NA
EM,1993NL_012,Clupea harengus,NS,NA,25,,,1,1,,NA,NA,,NA,NA,NA,NA,NA,NA,NA,NA,NA,NA,NA,NULL,NA,NA,NA,NA,NA,NA,NA,NA,NA,NA,NA,NA,NA,,NA,NA,NA,NA,NA,NA,NA,NA,NA,NA,NA,,NA
EM,1993NL_013,Clupea harengus,NS,NA,15,,,28,1,,NA,NA,,NA,NA,NA,NA,NA,NA,NA,NA,NA,NA,NA,NULL,NA,NA,NA,NA,NA,NA,NA,NA,NA,NA,NA,NA,NA,,NA,NA,NA,NA,NA,NA,NA,NA,NA,NA,NA,,NA
EM,1993NL_013,Clupea harengus,NS,NA,16,,,14,1,,NA,NA,,NA,NA,NA,NA,NA,NA,NA,NA,NA,NA,NA,NULL,NA,NA,NA,NA,NA,NA,NA,NA,NA,NA,NA,NA,NA,,NA,NA,NA,NA,NA,NA,NA,NA,NA,NA,NA,,NA
EM,1993NL_013,Clupea harengus,NS,NA,17,,,14,1,,NA,NA,,NA,NA,NA,NA,NA,NA,NA,NA,NA,NA,NA,NULL,NA,NA,NA,NA,NA,NA,NA,NA,NA,NA,NA,NA,NA,,NA,NA,NA,NA,NA,NA,NA,NA,NA,NA,NA,,NA
EM,1993NL_013,Clupea harengus,NS,NA,18,,,28,1,,NA,NA,,NA,NA,NA,NA,NA,NA,NA,NA,NA,NA,NA,NULL,NA,NA,NA,NA,NA,NA,NA,NA,NA,NA,NA,NA,NA,,NA,NA,NA,NA,NA,NA,NA,NA,NA,NA,NA,,NA
EM,1993NL_013,Clupea harengus,NS,NA,19,,,71,1,,NA,NA,,NA,NA,NA,NA,NA,NA,NA,NA,NA,NA,NA,NULL,NA,NA,NA,NA,NA,NA,NA,NA,NA,NA,NA,NA,NA,,NA,NA,NA,NA,NA,NA,NA,NA,NA,NA,NA,,NA
EM,1993NL_013,Clupea harengus,NS,NA,20,,,100,1,,NA,NA,,NA,NA,NA,NA,NA,NA,NA,NA,NA,NA,NA,NULL,NA,NA,NA,NA,NA,NA,NA,NA,NA,NA,NA,NA,NA,,NA,NA,NA,NA,NA,NA,NA,NA,NA,NA,NA,,NA
EM,1993NL_013,Clupea harengus,NS,NA,21,,,85,1,,NA,NA,,NA,NA,NA,NA,NA,NA,NA,NA,NA,NA,NA,NULL,NA,NA,NA,NA,NA,NA,NA,NA,NA,NA,NA,NA,NA,,NA,NA,NA,NA,NA,NA,NA,NA,NA,NA,NA,,NA
EM,1993NL_013,Clupea harengus,NS,NA,22,,,100,1,,NA,NA,,NA,NA,NA,NA,NA,NA,NA,NA,NA,NA,NA,NULL,NA,NA,NA,NA,NA,NA,NA,NA,NA,NA,NA,NA,NA,,NA,NA,NA,NA,NA,NA,NA,NA,NA,NA,NA,,NA
EM,1993NL_013,Clupea harengus,NS,NA,23,,,43,1,,NA,NA,,NA,NA,NA,NA,NA,NA,NA,NA,NA,NA,NA,NULL,NA,NA,NA,NA,NA,NA,NA,NA,NA,NA,NA,NA,NA,,NA,NA,NA,NA,NA,NA,NA,NA,NA,NA,NA,,NA
EM,1993NL_013,Clupea harengus,NS,NA,24,,,57,1,,NA,NA,,NA,NA,NA,NA,NA,NA,NA,NA,NA,NA,NA,NULL,NA,NA,NA,NA,NA,NA,NA,NA,NA,NA,NA,NA,NA,,NA,NA,NA,NA,NA,NA,NA,NA,NA,NA,NA,,NA
EM,1993NL_013,Clupea harengus,NS,NA,25,,,100,1,,NA,NA,,NA,NA,NA,NA,NA,NA,NA,NA,NA,NA,NA,NULL,NA,NA,NA,NA,NA,NA,NA,NA,NA,NA,NA,NA,NA,,NA,NA,NA,NA,NA,NA,NA,NA,NA,NA,NA,,NA
EM,1993NL_013,Clupea harengus,NS,NA,26,,,43,1,,NA,NA,,NA,NA,NA,NA,NA,NA,NA,NA,NA,NA,NA,NULL,NA,NA,NA,NA,NA,NA,NA,NA,NA,NA,NA,NA,NA,,NA,NA,NA,NA,NA,NA,NA,NA,NA,NA,NA,,NA
EM,1993NL_014,Clupea harengus,NS,NA,24,,,1,1,,NA,NA,,NA,NA,NA,NA,NA,NA,NA,NA,NA,NA,NA,NULL,NA,NA,NA,NA,NA,NA,NA,NA,NA,NA,NA,NA,NA,,NA,NA,NA,NA,NA,NA,NA,NA,NA,NA,NA,,NA
EM,1993NL_014,Clupea harengus,NS,NA,35,,,1,1,,NA,NA,,NA,NA,NA,NA,NA,NA,NA,NA,NA,NA,NA,NULL,NA,NA,NA,NA,NA,NA,NA,NA,NA,NA,NA,NA,NA,,NA,NA,NA,NA,NA,NA,NA,NA,NA,NA,NA,,NA
EM,1993NL_014,Clupea harengus,NS,NA,38,,,1,1,,NA,NA,,NA,NA,NA,NA,NA,NA,NA,NA,NA,NA,NA,NULL,NA,NA,NA,NA,NA,NA,NA,NA,NA,NA,NA,NA,NA,,NA,NA,NA,NA,NA,NA,NA,NA,NA,NA,NA,,NA
EM,1993NL_014,Clupea harengus,NS,NA,39,,,1,1,,NA,NA,,NA,NA,NA,NA,NA,NA,NA,NA,NA,NA,NA,NULL,NA,NA,NA,NA,NA,NA,NA,NA,NA,NA,NA,NA,NA,,NA,NA,NA,NA,NA,NA,NA,NA,NA,NA,NA,,NA
EM,1993NL_014,Clupea harengus,NS,NA,40,,,1,1,,NA,NA,,NA,NA,NA,NA,NA,NA,NA,NA,NA,NA,NA,NULL,NA,NA,NA,NA,NA,NA,NA,NA,NA,NA,NA,NA,NA,,NA,NA,NA,NA,NA,NA,NA,NA,NA,NA,NA,,NA
EM,1993NL_014,Clupea harengus,NS,NA,41,,,1,1,,NA,NA,,NA,NA,NA,NA,NA,NA,NA,NA,NA,NA,NA,NULL,NA,NA,NA,NA,NA,NA,NA,NA,NA,NA,NA,NA,NA,,NA,NA,NA,NA,NA,NA,NA,NA,NA,NA,NA,,NA
EM,1993NL_014,Clupea harengus,NS,NA,42,,,2,1,,NA,NA,,NA,NA,NA,NA,NA,NA,NA,NA,NA,NA,NA,NULL,NA,NA,NA,NA,NA,NA,NA,NA,NA,NA,NA,NA,NA,,NA,NA,NA,NA,NA,NA,NA,NA,NA,NA,NA,,NA
EM,1993NL_014,Clupea harengus,NS,NA,43,,,1,1,,NA,NA,,NA,NA,NA,NA,NA,NA,NA,NA,NA,NA,NA,NULL,NA,NA,NA,NA,NA,NA,NA,NA,NA,NA,NA,NA,NA,,NA,NA,NA,NA,NA,NA,NA,NA,NA,NA,NA,,NA
EM,1993NL_015,Clupea harengus,NS,NA,28,,,3,1,,NA,NA,,NA,NA,NA,NA,NA,NA,NA,NA,NA,NA,NA,NULL,NA,NA,NA,NA,NA,NA,NA,NA,NA,NA,NA,NA,NA,,NA,NA,NA,NA,NA,NA,NA,NA,NA,NA,NA,,NA
EM,1993NL_015,Clupea harengus,NS,NA,30,,,3,1,,NA,NA,,NA,NA,NA,NA,NA,NA,NA,NA,NA,NA,NA,NULL,NA,NA,NA,NA,NA,NA,NA,NA,NA,NA,NA,NA,NA,,NA,NA,NA,NA,NA,NA,NA,NA,NA,NA,NA,,NA
EM,1993NL_015,Clupea harengus,NS,NA,32,,,5,1,,NA,NA,,NA,NA,NA,NA,NA,NA,NA,NA,NA,NA,NA,NULL,NA,NA,NA,NA,NA,NA,NA,NA,NA,NA,NA,NA,NA,,NA,NA,NA,NA,NA,NA,NA,NA,NA,NA,NA,,NA
EM,1993NL_015,Clupea harengus,NS,NA,33,,,3,1,,NA,NA,,NA,NA,NA,NA,NA,NA,NA,NA,NA,NA,NA,NULL,NA,NA,NA,NA,NA,NA,NA,NA,NA,NA,NA,NA,NA,,NA,NA,NA,NA,NA,NA,NA,NA,NA,NA,NA,,NA
EM,1993NL_015,Clupea harengus,NS,NA,34,,,3,1,,NA,NA,,NA,NA,NA,NA,NA,NA,NA,NA,NA,NA,NA,NULL,NA,NA,NA,NA,NA,NA,NA,NA,NA,NA,NA,NA,NA,,NA,NA,NA,NA,NA,NA,NA,NA,NA,NA,NA,,NA
EM,1993NL_015,Clupea harengus,NS,NA,35,,,5,1,,NA,NA,,NA,NA,NA,NA,NA,NA,NA,NA,NA,NA,NA,NULL,NA,NA,NA,NA,NA,NA,NA,NA,NA,NA,NA,NA,NA,,NA,NA,NA,NA,NA,NA,NA,NA,NA,NA,NA,,NA
EM,1993NL_015,Clupea harengus,NS,NA,36,,,3,1,,NA,NA,,NA,NA,NA,NA,NA,NA,NA,NA,NA,NA,NA,NULL,NA,NA,NA,NA,NA,NA,NA,NA,NA,NA,NA,NA,NA,,NA,NA,NA,NA,NA,NA,NA,NA,NA,NA,NA,,NA
EM,1993NL_015,Clupea harengus,NS,NA,37,,,5,1,,NA,NA,,NA,NA,NA,NA,NA,NA,NA,NA,NA,NA,NA,NULL,NA,NA,NA,NA,NA,NA,NA,NA,NA,NA,NA,NA,NA,,NA,NA,NA,NA,NA,NA,NA,NA,NA,NA,NA,,NA
EM,1993NL_015,Clupea harengus,NS,NA,38,,,3,1,,NA,NA,,NA,NA,NA,NA,NA,NA,NA,NA,NA,NA,NA,NULL,NA,NA,NA,NA,NA,NA,NA,NA,NA,NA,NA,NA,NA,,NA,NA,NA,NA,NA,NA,NA,NA,NA,NA,NA,,NA
EM,1993NL_015,Clupea harengus,NS,NA,39,,,18,1,,NA,NA,,NA,NA,NA,NA,NA,NA,NA,NA,NA,NA,NA,NULL,NA,NA,NA,NA,NA,NA,NA,NA,NA,NA,NA,NA,NA,,NA,NA,NA,NA,NA,NA,NA,NA,NA,NA,NA,,NA
EM,1993NL_015,Clupea harengus,NS,NA,40,,,16,1,,NA,NA,,NA,NA,NA,NA,NA,NA,NA,NA,NA,NA,NA,NULL,NA,NA,NA,NA,NA,NA,NA,NA,NA,NA,NA,NA,NA,,NA,NA,NA,NA,NA,NA,NA,NA,NA,NA,NA,,NA
EM,1993NL_015,Clupea harengus,NS,NA,41,,,11,1,,NA,NA,,NA,NA,NA,NA,NA,NA,NA,NA,NA,NA,NA,NULL,NA,NA,NA,NA,NA,NA,NA,NA,NA,NA,NA,NA,NA,,NA,NA,NA,NA,NA,NA,NA,NA,NA,NA,NA,,NA
EM,1993NL_015,Clupea harengus,NS,NA,42,,,5,1,,NA,NA,,NA,NA,NA,NA,NA,NA,NA,NA,NA,NA,NA,NULL,NA,NA,NA,NA,NA,NA,NA,NA,NA,NA,NA,NA,NA,,NA,NA,NA,NA,NA,NA,NA,NA,NA,NA,NA,,NA
EM,1993NL_015,Clupea harengus,NS,NA,43,,,8,1,,NA,NA,,NA,NA,NA,NA,NA,NA,NA,NA,NA,NA,NA,NULL,NA,NA,NA,NA,NA,NA,NA,NA,NA,NA,NA,NA,NA,,NA,NA,NA,NA,NA,NA,NA,NA,NA,NA,NA,,NA
EM,1993NL_015,Clupea harengus,NS,NA,44,,,3,1,,NA,NA,,NA,NA,NA,NA,NA,NA,NA,NA,NA,NA,NA,NULL,NA,NA,NA,NA,NA,NA,NA,NA,NA,NA,NA,NA,NA,,NA,NA,NA,NA,NA,NA,NA,NA,NA,NA,NA,,NA
EM,1993NL_016,Clupea harengus,NS,NA,26,,,1,1,,NA,NA,,NA,NA,NA,NA,NA,NA,NA,NA,NA,NA,NA,NULL,NA,NA,NA,NA,NA,NA,NA,NA,NA,NA,NA,NA,NA,,NA,NA,NA,NA,NA,NA,NA,NA,NA,NA,NA,,NA
EM,1993NL_016,Clupea harengus,NS,NA,33,,,1,1,,NA,NA,,NA,NA,NA,NA,NA,NA,NA,NA,NA,NA,NA,NULL,NA,NA,NA,NA,NA,NA,NA,NA,NA,NA,NA,NA,NA,,NA,NA,NA,NA,NA,NA,NA,NA,NA,NA,NA,,NA
EM,1993NL_016,Clupea harengus,NS,NA,34,,,2,1,,NA,NA,,NA,NA,NA,NA,NA,NA,NA,NA,NA,NA,NA,NULL,NA,NA,NA,NA,NA,NA,NA,NA,NA,NA,NA,NA,NA,,NA,NA,NA,NA,NA,NA,NA,NA,NA,NA,NA,,NA
EM,1993NL_016,Clupea harengus,NS,NA,35,,,2,1,,NA,NA,,NA,NA,NA,NA,NA,NA,NA,NA,NA,NA,NA,NULL,NA,NA,NA,NA,NA,NA,NA,NA,NA,NA,NA,NA,NA,,NA,NA,NA,NA,NA,NA,NA,NA,NA,NA,NA,,NA
EM,1993NL_016,Clupea harengus,NS,NA,36,,,2,1,,NA,NA,,NA,NA,NA,NA,NA,NA,NA,NA,NA,NA,NA,NULL,NA,NA,NA,NA,NA,NA,NA,NA,NA,NA,NA,NA,NA,,NA,NA,NA,NA,NA,NA,NA,NA,NA,NA,NA,,NA
EM,1993NL_016,Clupea harengus,NS,NA,37,,,1,1,,NA,NA,,NA,NA,NA,NA,NA,NA,NA,NA,NA,NA,NA,NULL,NA,NA,NA,NA,NA,NA,NA,NA,NA,NA,NA,NA,NA,,NA,NA,NA,NA,NA,NA,NA,NA,NA,NA,NA,,NA
EM,1993NL_016,Clupea harengus,NS,NA,38,,,2,1,,NA,NA,,NA,NA,NA,NA,NA,NA,NA,NA,NA,NA,NA,NULL,NA,NA,NA,NA,NA,NA,NA,NA,NA,NA,NA,NA,NA,,NA,NA,NA,NA,NA,NA,NA,NA,NA,NA,NA,,NA
EM,1993NL_016,Clupea harengus,NS,NA,39,,,1,1,,NA,NA,,NA,NA,NA,NA,NA,NA,NA,NA,NA,NA,NA,NULL,NA,NA,NA,NA,NA,NA,NA,NA,NA,NA,NA,NA,NA,,NA,NA,NA,NA,NA,NA,NA,NA,NA,NA,NA,,NA
EM,1993NL_016,Clupea harengus,NS,NA,40,,,1,1,,NA,NA,,NA,NA,NA,NA,NA,NA,NA,NA,NA,NA,NA,NULL,NA,NA,NA,NA,NA,NA,NA,NA,NA,NA,NA,NA,NA,,NA,NA,NA,NA,NA,NA,NA,NA,NA,NA,NA,,NA
EM,1993NL_017,Clupea harengus,NS,NA,24,,,2,1,,NA,NA,,NA,NA,NA,NA,NA,NA,NA,NA,NA,NA,NA,NULL,NA,NA,NA,NA,NA,NA,NA,NA,NA,NA,NA,NA,NA,,NA,NA,NA,NA,NA,NA,NA,NA,NA,NA,NA,,NA
EM,1993NL_017,Clupea harengus,NS,NA,25,,,4,1,,NA,NA,,NA,NA,NA,NA,NA,NA,NA,NA,NA,NA,NA,NULL,NA,NA,NA,NA,NA,NA,NA,NA,NA,NA,NA,NA,NA,,NA,NA,NA,NA,NA,NA,NA,NA,NA,NA,NA,,NA
EM,1993NL_017,Clupea harengus,NS,NA,28,,,2,1,,NA,NA,,NA,NA,NA,NA,NA,NA,NA,NA,NA,NA,NA,NULL,NA,NA,NA,NA,NA,NA,NA,NA,NA,NA,NA,NA,NA,,NA,NA,NA,NA,NA,NA,NA,NA,NA,NA,NA,,NA
EM,1993NL_017,Clupea harengus,NS,NA,29,,,2,1,,NA,NA,,NA,NA,NA,NA,NA,NA,NA,NA,NA,NA,NA,NULL,NA,NA,NA,NA,NA,NA,NA,NA,NA,NA,NA,NA,NA,,NA,NA,NA,NA,NA,NA,NA,NA,NA,NA,NA,,NA
EM,1993NL_017,Clupea harengus,NS,NA,31,,,2,1,,NA,NA,,NA,NA,NA,NA,NA,NA,NA,NA,NA,NA,NA,NULL,NA,NA,NA,NA,NA,NA,NA,NA,NA,NA,NA,NA,NA,,NA,NA,NA,NA,NA,NA,NA,NA,NA,NA,NA,,NA
EM,1993NL_017,Clupea harengus,NS,NA,32,,,2,1,,NA,NA,,NA,NA,NA,NA,NA,NA,NA,NA,NA,NA,NA,NULL,NA,NA,NA,NA,NA,NA,NA,NA,NA,NA,NA,NA,NA,,NA,NA,NA,NA,NA,NA,NA,NA,NA,NA,NA,,NA
EM,1993NL_017,Clupea harengus,NS,NA,33,,,2,1,,NA,NA,,NA,NA,NA,NA,NA,NA,NA,NA,NA,NA,NA,NULL,NA,NA,NA,NA,NA,NA,NA,NA,NA,NA,NA,NA,NA,,NA,NA,NA,NA,NA,NA,NA,NA,NA,NA,NA,,NA
EM,1993NL_017,Clupea harengus,NS,NA,34,,,4,1,,NA,NA,,NA,NA,NA,NA,NA,NA,NA,NA,NA,NA,NA,NULL,NA,NA,NA,NA,NA,NA,NA,NA,NA,NA,NA,NA,NA,,NA,NA,NA,NA,NA,NA,NA,NA,NA,NA,NA,,NA
EM,1993NL_017,Clupea harengus,NS,NA,35,,,2,1,,NA,NA,,NA,NA,NA,NA,NA,NA,NA,NA,NA,NA,NA,NULL,NA,NA,NA,NA,NA,NA,NA,NA,NA,NA,NA,NA,NA,,NA,NA,NA,NA,NA,NA,NA,NA,NA,NA,NA,,NA
EM,1993NL_017,Clupea harengus,NS,NA,36,,,4,1,,NA,NA,,NA,NA,NA,NA,NA,NA,NA,NA,NA,NA,NA,NULL,NA,NA,NA,NA,NA,NA,NA,NA,NA,NA,NA,NA,NA,,NA,NA,NA,NA,NA,NA,NA,NA,NA,NA,NA,,NA
EM,1993NL_017,Clupea harengus,NS,NA,37,,,8,1,,NA,NA,,NA,NA,NA,NA,NA,NA,NA,NA,NA,NA,NA,NULL,NA,NA,NA,NA,NA,NA,NA,NA,NA,NA,NA,NA,NA,,NA,NA,NA,NA,NA,NA,NA,NA,NA,NA,NA,,NA
EM,1993NL_017,Clupea harengus,NS,NA,38,,,10,1,,NA,NA,,NA,NA,NA,NA,NA,NA,NA,NA,NA,NA,NA,NULL,NA,NA,NA,NA,NA,NA,NA,NA,NA,NA,NA,NA,NA,,NA,NA,NA,NA,NA,NA,NA,NA,NA,NA,NA,,NA
EM,1993NL_017,Clupea harengus,NS,NA,39,,,6,1,,NA,NA,,NA,NA,NA,NA,NA,NA,NA,NA,NA,NA,NA,NULL,NA,NA,NA,NA,NA,NA,NA,NA,NA,NA,NA,NA,NA,,NA,NA,NA,NA,NA,NA,NA,NA,NA,NA,NA,,NA
EM,1993NL_017,Clupea harengus,NS,NA,40,,,6,1,,NA,NA,,NA,NA,NA,NA,NA,NA,NA,NA,NA,NA,NA,NULL,NA,NA,NA,NA,NA,NA,NA,NA,NA,NA,NA,NA,NA,,NA,NA,NA,NA,NA,NA,NA,NA,NA,NA,NA,,NA
EM,1993NL_018,Clupea harengus,NS,NA,24,,,4,1,,NA,NA,,NA,NA,NA,NA,NA,NA,NA,NA,NA,NA,NA,NULL,NA,NA,NA,NA,NA,NA,NA,NA,NA,NA,NA,NA,NA,,NA,NA,NA,NA,NA,NA,NA,NA,NA,NA,NA,,NA
EM,1993NL_018,Clupea harengus,NS,NA,25,,,2,1,,NA,NA,,NA,NA,NA,NA,NA,NA,NA,NA,NA,NA,NA,NULL,NA,NA,NA,NA,NA,NA,NA,NA,NA,NA,NA,NA,NA,,NA,NA,NA,NA,NA,NA,NA,NA,NA,NA,NA,,NA
EM,1993NL_018,Clupea harengus,NS,NA,26,,,2,1,,NA,NA,,NA,NA,NA,NA,NA,NA,NA,NA,NA,NA,NA,NULL,NA,NA,NA,NA,NA,NA,NA,NA,NA,NA,NA,NA,NA,,NA,NA,NA,NA,NA,NA,NA,NA,NA,NA,NA,,NA
EM,1993NL_018,Clupea harengus,NS,NA,27,,,2,1,,NA,NA,,NA,NA,NA,NA,NA,NA,NA,NA,NA,NA,NA,NULL,NA,NA,NA,NA,NA,NA,NA,NA,NA,NA,NA,NA,NA,,NA,NA,NA,NA,NA,NA,NA,NA,NA,NA,NA,,NA
EM,1993NL_018,Clupea harengus,NS,NA,28,,,2,1,,NA,NA,,NA,NA,NA,NA,NA,NA,NA,NA,NA,NA,NA,NULL,NA,NA,NA,NA,NA,NA,NA,NA,NA,NA,NA,NA,NA,,NA,NA,NA,NA,NA,NA,NA,NA,NA,NA,NA,,NA
EM,1993NL_018,Clupea harengus,NS,NA,31,,,2,1,,NA,NA,,NA,NA,NA,NA,NA,NA,NA,NA,NA,NA,NA,NULL,NA,NA,NA,NA,NA,NA,NA,NA,NA,NA,NA,NA,NA,,NA,NA,NA,NA,NA,NA,NA,NA,NA,NA,NA,,NA
EM,1993NL_018,Clupea harengus,NS,NA,32,,,2,1,,NA,NA,,NA,NA,NA,NA,NA,NA,NA,NA,NA,NA,NA,NULL,NA,NA,NA,NA,NA,NA,NA,NA,NA,NA,NA,NA,NA,,NA,NA,NA,NA,NA,NA,NA,NA,NA,NA,NA,,NA
EM,1993NL_018,Clupea harengus,NS,NA,33,,,2,1,,NA,NA,,NA,NA,NA,NA,NA,NA,NA,NA,NA,NA,NA,NULL,NA,NA,NA,NA,NA,NA,NA,NA,NA,NA,NA,NA,NA,,NA,NA,NA,NA,NA,NA,NA,NA,NA,NA,NA,,NA
EM,1993NL_018,Clupea harengus,NS,NA,34,,,5,1,,NA,NA,,NA,NA,NA,NA,NA,NA,NA,NA,NA,NA,NA,NULL,NA,NA,NA,NA,NA,NA,NA,NA,NA,NA,NA,NA,NA,,NA,NA,NA,NA,NA,NA,NA,NA,NA,NA,NA,,NA
EM,1993NL_018,Clupea harengus,NS,NA,35,,,5,1,,NA,NA,,NA,NA,NA,NA,NA,NA,NA,NA,NA,NA,NA,NULL,NA,NA,NA,NA,NA,NA,NA,NA,NA,NA,NA,NA,NA,,NA,NA,NA,NA,NA,NA,NA,NA,NA,NA,NA,,NA
EM,1993NL_018,Clupea harengus,NS,NA,36,,,4,1,,NA,NA,,NA,NA,NA,NA,NA,NA,NA,NA,NA,NA,NA,NULL,NA,NA,NA,NA,NA,NA,NA,NA,NA,NA,NA,NA,NA,,NA,NA,NA,NA,NA,NA,NA,NA,NA,NA,NA,,NA
EM,1993NL_018,Clupea harengus,NS,NA,37,,,5,1,,NA,NA,,NA,NA,NA,NA,NA,NA,NA,NA,NA,NA,NA,NULL,NA,NA,NA,NA,NA,NA,NA,NA,NA,NA,NA,NA,NA,,NA,NA,NA,NA,NA,NA,NA,NA,NA,NA,NA,,NA
EM,1993NL_018,Clupea harengus,NS,NA,38,,,5,1,,NA,NA,,NA,NA,NA,NA,NA,NA,NA,NA,NA,NA,NA,NULL,NA,NA,NA,NA,NA,NA,NA,NA,NA,NA,NA,NA,NA,,NA,NA,NA,NA,NA,NA,NA,NA,NA,NA,NA,,NA
EM,1993NL_018,Clupea harengus,NS,NA,39,,,2,1,,NA,NA,,NA,NA,NA,NA,NA,NA,NA,NA,NA,NA,NA,NULL,NA,NA,NA,NA,NA,NA,NA,NA,NA,NA,NA,NA,NA,,NA,NA,NA,NA,NA,NA,NA,NA,NA,NA,NA,,NA
EM,1993NL_018,Clupea harengus,NS,NA,40,,,4,1,,NA,NA,,NA,NA,NA,NA,NA,NA,NA,NA,NA,NA,NA,NULL,NA,NA,NA,NA,NA,NA,NA,NA,NA,NA,NA,NA,NA,,NA,NA,NA,NA,NA,NA,NA,NA,NA,NA,NA,,NA
EM,1993NL_018,Clupea harengus,NS,NA,41,,,2,1,,NA,NA,,NA,NA,NA,NA,NA,NA,NA,NA,NA,NA,NA,NULL,NA,NA,NA,NA,NA,NA,NA,NA,NA,NA,NA,NA,NA,,NA,NA,NA,NA,NA,NA,NA,NA,NA,NA,NA,,NA
EM,1993NL_019,Clupea harengus,NS,NA,25,,,5,1,,NA,NA,,NA,NA,NA,NA,NA,NA,NA,NA,NA,NA,NA,NULL,NA,NA,NA,NA,NA,NA,NA,NA,NA,NA,NA,NA,NA,,NA,NA,NA,NA,NA,NA,NA,NA,NA,NA,NA,,NA
EM,1993NL_019,Clupea harengus,NS,NA,26,,,3,1,,NA,NA,,NA,NA,NA,NA,NA,NA,NA,NA,NA,NA,NA,NULL,NA,NA,NA,NA,NA,NA,NA,NA,NA,NA,NA,NA,NA,,NA,NA,NA,NA,NA,NA,NA,NA,NA,NA,NA,,NA
EM,1993NL_019,Clupea harengus,NS,NA,27,,,5,1,,NA,NA,,NA,NA,NA,NA,NA,NA,NA,NA,NA,NA,NA,NULL,NA,NA,NA,NA,NA,NA,NA,NA,NA,NA,NA,NA,NA,,NA,NA,NA,NA,NA,NA,NA,NA,NA,NA,NA,,NA
EM,1993NL_019,Clupea harengus,NS,NA,29,,,3,1,,NA,NA,,NA,NA,NA,NA,NA,NA,NA,NA,NA,NA,NA,NULL,NA,NA,NA,NA,NA,NA,NA,NA,NA,NA,NA,NA,NA,,NA,NA,NA,NA,NA,NA,NA,NA,NA,NA,NA,,NA
EM,1993NL_019,Clupea harengus,NS,NA,30,,,5,1,,NA,NA,,NA,NA,NA,NA,NA,NA,NA,NA,NA,NA,NA,NULL,NA,NA,NA,NA,NA,NA,NA,NA,NA,NA,NA,NA,NA,,NA,NA,NA,NA,NA,NA,NA,NA,NA,NA,NA,,NA
EM,1993NL_019,Clupea harengus,NS,NA,33,,,3,1,,NA,NA,,NA,NA,NA,NA,NA,NA,NA,NA,NA,NA,NA,NULL,NA,NA,NA,NA,NA,NA,NA,NA,NA,NA,NA,NA,NA,,NA,NA,NA,NA,NA,NA,NA,NA,NA,NA,NA,,NA
EM,1993NL_019,Clupea harengus,NS,NA,34,,,8,1,,NA,NA,,NA,NA,NA,NA,NA,NA,NA,NA,NA,NA,NA,NULL,NA,NA,NA,NA,NA,NA,NA,NA,NA,NA,NA,NA,NA,,NA,NA,NA,NA,NA,NA,NA,NA,NA,NA,NA,,NA
EM,1993NL_019,Clupea harengus,NS,NA,35,,,5,1,,NA,NA,,NA,NA,NA,NA,NA,NA,NA,NA,NA,NA,NA,NULL,NA,NA,NA,NA,NA,NA,NA,NA,NA,NA,NA,NA,NA,,NA,NA,NA,NA,NA,NA,NA,NA,NA,NA,NA,,NA
EM,1993NL_019,Clupea harengus,NS,NA,36,,,5,1,,NA,NA,,NA,NA,NA,NA,NA,NA,NA,NA,NA,NA,NA,NULL,NA,NA,NA,NA,NA,NA,NA,NA,NA,NA,NA,NA,NA,,NA,NA,NA,NA,NA,NA,NA,NA,NA,NA,NA,,NA
EM,1993NL_019,Clupea harengus,NS,NA,37,,,3,1,,NA,NA,,NA,NA,NA,NA,NA,NA,NA,NA,NA,NA,NA,NULL,NA,NA,NA,NA,NA,NA,NA,NA,NA,NA,NA,NA,NA,,NA,NA,NA,NA,NA,NA,NA,NA,NA,NA,NA,,NA
EM,1993NL_019,Clupea harengus,NS,NA,38,,,3,1,,NA,NA,,NA,NA,NA,NA,NA,NA,NA,NA,NA,NA,NA,NULL,NA,NA,NA,NA,NA,NA,NA,NA,NA,NA,NA,NA,NA,,NA,NA,NA,NA,NA,NA,NA,NA,NA,NA,NA,,NA
EM,1993NL_019,Clupea harengus,NS,NA,39,,,5,1,,NA,NA,,NA,NA,NA,NA,NA,NA,NA,NA,NA,NA,NA,NULL,NA,NA,NA,NA,NA,NA,NA,NA,NA,NA,NA,NA,NA,,NA,NA,NA,NA,NA,NA,NA,NA,NA,NA,NA,,NA
EM,1993NL_019,Clupea harengus,NS,NA,40,,,8,1,,NA,NA,,NA,NA,NA,NA,NA,NA,NA,NA,NA,NA,NA,NULL,NA,NA,NA,NA,NA,NA,NA,NA,NA,NA,NA,NA,NA,,NA,NA,NA,NA,NA,NA,NA,NA,NA,NA,NA,,NA
EM,1993NL_019,Clupea harengus,NS,NA,41,,,8,1,,NA,NA,,NA,NA,NA,NA,NA,NA,NA,NA,NA,NA,NA,NULL,NA,NA,NA,NA,NA,NA,NA,NA,NA,NA,NA,NA,NA,,NA,NA,NA,NA,NA,NA,NA,NA,NA,NA,NA,,NA
EM,1993NL_019,Clupea harengus,NS,NA,43,,,5,1,,NA,NA,,NA,NA,NA,NA,NA,NA,NA,NA,NA,NA,NA,NULL,NA,NA,NA,NA,NA,NA,NA,NA,NA,NA,NA,NA,NA,,NA,NA,NA,NA,NA,NA,NA,NA,NA,NA,NA,,NA
EM,1993NL_020,Clupea harengus,NS,NA,20,,,1,1,,NA,NA,,NA,NA,NA,NA,NA,NA,NA,NA,NA,NA,NA,NULL,NA,NA,NA,NA,NA,NA,NA,NA,NA,NA,NA,NA,NA,,NA,NA,NA,NA,NA,NA,NA,NA,NA,NA,NA,,NA
EM,1993NL_020,Clupea harengus,NS,NA,24,,,1,1,,NA,NA,,NA,NA,NA,NA,NA,NA,NA,NA,NA,NA,NA,NULL,NA,NA,NA,NA,NA,NA,NA,NA,NA,NA,NA,NA,NA,,NA,NA,NA,NA,NA,NA,NA,NA,NA,NA,NA,,NA
EM,1993NL_020,Clupea harengus,NS,NA,36,,,1,1,,NA,NA,,NA,NA,NA,NA,NA,NA,NA,NA,NA,NA,NA,NULL,NA,NA,NA,NA,NA,NA,NA,NA,NA,NA,NA,NA,NA,,NA,NA,NA,NA,NA,NA,NA,NA,NA,NA,NA,,NA
EM,1993NL_021,Clupea harengus,NS,NA,21,,,10,1,,NA,NA,,NA,NA,NA,NA,NA,NA,NA,NA,NA,NA,NA,NULL,NA,NA,NA,NA,NA,NA,NA,NA,NA,NA,NA,NA,NA,,NA,NA,NA,NA,NA,NA,NA,NA,NA,NA,NA,,NA
EM,1993NL_021,Clupea harengus,NS,NA,22,,,3,1,,NA,NA,,NA,NA,NA,NA,NA,NA,NA,NA,NA,NA,NA,NULL,NA,NA,NA,NA,NA,NA,NA,NA,NA,NA,NA,NA,NA,,NA,NA,NA,NA,NA,NA,NA,NA,NA,NA,NA,,NA
EM,1993NL_021,Clupea harengus,NS,NA,23,,,3,1,,NA,NA,,NA,NA,NA,NA,NA,NA,NA,NA,NA,NA,NA,NULL,NA,NA,NA,NA,NA,NA,NA,NA,NA,NA,NA,NA,NA,,NA,NA,NA,NA,NA,NA,NA,NA,NA,NA,NA,,NA
EM,1993NL_021,Clupea harengus,NS,NA,24,,,3,1,,NA,NA,,NA,NA,NA,NA,NA,NA,NA,NA,NA,NA,NA,NULL,NA,NA,NA,NA,NA,NA,NA,NA,NA,NA,NA,NA,NA,,NA,NA,NA,NA,NA,NA,NA,NA,NA,NA,NA,,NA
EM,1993NL_021,Clupea harengus,NS,NA,25,,,10,1,,NA,NA,,NA,NA,NA,NA,NA,NA,NA,NA,NA,NA,NA,NULL,NA,NA,NA,NA,NA,NA,NA,NA,NA,NA,NA,NA,NA,,NA,NA,NA,NA,NA,NA,NA,NA,NA,NA,NA,,NA
EM,1993NL_021,Clupea harengus,NS,NA,26,,,3,1,,NA,NA,,NA,NA,NA,NA,NA,NA,NA,NA,NA,NA,NA,NULL,NA,NA,NA,NA,NA,NA,NA,NA,NA,NA,NA,NA,NA,,NA,NA,NA,NA,NA,NA,NA,NA,NA,NA,NA,,NA
EM,1993NL_021,Clupea harengus,NS,NA,29,,,3,1,,NA,NA,,NA,NA,NA,NA,NA,NA,NA,NA,NA,NA,NA,NULL,NA,NA,NA,NA,NA,NA,NA,NA,NA,NA,NA,NA,NA,,NA,NA,NA,NA,NA,NA,NA,NA,NA,NA,NA,,NA
EM,1993NL_021,Clupea harengus,NS,NA,30,,,3,1,,NA,NA,,NA,NA,NA,NA,NA,NA,NA,NA,NA,NA,NA,NULL,NA,NA,NA,NA,NA,NA,NA,NA,NA,NA,NA,NA,NA,,NA,NA,NA,NA,NA,NA,NA,NA,NA,NA,NA,,NA
EM,1993NL_021,Clupea harengus,NS,NA,31,,,3,1,,NA,NA,,NA,NA,NA,NA,NA,NA,NA,NA,NA,NA,NA,NULL,NA,NA,NA,NA,NA,NA,NA,NA,NA,NA,NA,NA,NA,,NA,NA,NA,NA,NA,NA,NA,NA,NA,NA,NA,,NA
EM,1993NL_021,Clupea harengus,NS,NA,35,,,13,1,,NA,NA,,NA,NA,NA,NA,NA,NA,NA,NA,NA,NA,NA,NULL,NA,NA,NA,NA,NA,NA,NA,NA,NA,NA,NA,NA,NA,,NA,NA,NA,NA,NA,NA,NA,NA,NA,NA,NA,,NA
EM,1993NL_021,Clupea harengus,NS,NA,36,,,10,1,,NA,NA,,NA,NA,NA,NA,NA,NA,NA,NA,NA,NA,NA,NULL,NA,NA,NA,NA,NA,NA,NA,NA,NA,NA,NA,NA,NA,,NA,NA,NA,NA,NA,NA,NA,NA,NA,NA,NA,,NA
EM,1993NL_021,Clupea harengus,NS,NA,37,,,23,1,,NA,NA,,NA,NA,NA,NA,NA,NA,NA,NA,NA,NA,NA,NULL,NA,NA,NA,NA,NA,NA,NA,NA,NA,NA,NA,NA,NA,,NA,NA,NA,NA,NA,NA,NA,NA,NA,NA,NA,,NA
EM,1993NL_021,Clupea harengus,NS,NA,38,,,7,1,,NA,NA,,NA,NA,NA,NA,NA,NA,NA,NA,NA,NA,NA,NULL,NA,NA,NA,NA,NA,NA,NA,NA,NA,NA,NA,NA,NA,,NA,NA,NA,NA,NA,NA,NA,NA,NA,NA,NA,,NA
EM,1993NL_021,Clupea harengus,NS,NA,39,,,7,1,,NA,NA,,NA,NA,NA,NA,NA,NA,NA,NA,NA,NA,NA,NULL,NA,NA,NA,NA,NA,NA,NA,NA,NA,NA,NA,NA,NA,,NA,NA,NA,NA,NA,NA,NA,NA,NA,NA,NA,,NA
EM,1993NL_021,Clupea harengus,NS,NA,40,,,3,1,,NA,NA,,NA,NA,NA,NA,NA,NA,NA,NA,NA,NA,NA,NULL,NA,NA,NA,NA,NA,NA,NA,NA,NA,NA,NA,NA,NA,,NA,NA,NA,NA,NA,NA,NA,NA,NA,NA,NA,,NA
EM,1993NL_021,Clupea harengus,NS,NA,41,,,7,1,,NA,NA,,NA,NA,NA,NA,NA,NA,NA,NA,NA,NA,NA,NULL,NA,NA,NA,NA,NA,NA,NA,NA,NA,NA,NA,NA,NA,,NA,NA,NA,NA,NA,NA,NA,NA,NA,NA,NA,,NA
EM,1993NL_022,Clupea harengus,NS,NA,34,,,1,1,,NA,NA,,NA,NA,NA,NA,NA,NA,NA,NA,NA,NA,NA,NULL,NA,NA,NA,NA,NA,NA,NA,NA,NA,NA,NA,NA,NA,,NA,NA,NA,NA,NA,NA,NA,NA,NA,NA,NA,,NA
EM,1993NL_022,Clupea harengus,NS,NA,35,,,1,1,,NA,NA,,NA,NA,NA,NA,NA,NA,NA,NA,NA,NA,NA,NULL,NA,NA,NA,NA,NA,NA,NA,NA,NA,NA,NA,NA,NA,,NA,NA,NA,NA,NA,NA,NA,NA,NA,NA,NA,,NA
EM,1993NL_022,Clupea harengus,NS,NA,36,,,2,1,,NA,NA,,NA,NA,NA,NA,NA,NA,NA,NA,NA,NA,NA,NULL,NA,NA,NA,NA,NA,NA,NA,NA,NA,NA,NA,NA,NA,,NA,NA,NA,NA,NA,NA,NA,NA,NA,NA,NA,,NA
EM,1993NL_022,Clupea harengus,NS,NA,37,,,1,1,,NA,NA,,NA,NA,NA,NA,NA,NA,NA,NA,NA,NA,NA,NULL,NA,NA,NA,NA,NA,NA,NA,NA,NA,NA,NA,NA,NA,,NA,NA,NA,NA,NA,NA,NA,NA,NA,NA,NA,,NA
EM,1993NL_023,Clupea harengus,NS,NA,28,,,2,1,,NA,NA,,NA,NA,NA,NA,NA,NA,NA,NA,NA,NA,NA,NULL,NA,NA,NA,NA,NA,NA,NA,NA,NA,NA,NA,NA,NA,,NA,NA,NA,NA,NA,NA,NA,NA,NA,NA,NA,,NA
EM,1993NL_023,Clupea harengus,NS,NA,29,,,4,1,,NA,NA,,NA,NA,NA,NA,NA,NA,NA,NA,NA,NA,NA,NULL,NA,NA,NA,NA,NA,NA,NA,NA,NA,NA,NA,NA,NA,,NA,NA,NA,NA,NA,NA,NA,NA,NA,NA,NA,,NA
EM,1993NL_023,Clupea harengus,NS,NA,30,,,6,1,,NA,NA,,NA,NA,NA,NA,NA,NA,NA,NA,NA,NA,NA,NULL,NA,NA,NA,NA,NA,NA,NA,NA,NA,NA,NA,NA,NA,,NA,NA,NA,NA,NA,NA,NA,NA,NA,NA,NA,,NA
EM,1993NL_023,Clupea harengus,NS,NA,31,,,8,1,,NA,NA,,NA,NA,NA,NA,NA,NA,NA,NA,NA,NA,NA,NULL,NA,NA,NA,NA,NA,NA,NA,NA,NA,NA,NA,NA,NA,,NA,NA,NA,NA,NA,NA,NA,NA,NA,NA,NA,,NA
EM,1993NL_023,Clupea harengus,NS,NA,32,,,8,1,,NA,NA,,NA,NA,NA,NA,NA,NA,NA,NA,NA,NA,NA,NULL,NA,NA,NA,NA,NA,NA,NA,NA,NA,NA,NA,NA,NA,,NA,NA,NA,NA,NA,NA,NA,NA,NA,NA,NA,,NA
EM,1993NL_023,Clupea harengus,NS,NA,33,,,4,1,,NA,NA,,NA,NA,NA,NA,NA,NA,NA,NA,NA,NA,NA,NULL,NA,NA,NA,NA,NA,NA,NA,NA,NA,NA,NA,NA,NA,,NA,NA,NA,NA,NA,NA,NA,NA,NA,NA,NA,,NA
EM,1993NL_023,Clupea harengus,NS,NA,34,,,6,1,,NA,NA,,NA,NA,NA,NA,NA,NA,NA,NA,NA,NA,NA,NULL,NA,NA,NA,NA,NA,NA,NA,NA,NA,NA,NA,NA,NA,,NA,NA,NA,NA,NA,NA,NA,NA,NA,NA,NA,,NA
EM,1993NL_023,Clupea harengus,NS,NA,36,,,2,1,,NA,NA,,NA,NA,NA,NA,NA,NA,NA,NA,NA,NA,NA,NULL,NA,NA,NA,NA,NA,NA,NA,NA,NA,NA,NA,NA,NA,,NA,NA,NA,NA,NA,NA,NA,NA,NA,NA,NA,,NA
EM,1993NL_024,Clupea harengus,NS,NA,30,,,1,1,,NA,NA,,NA,NA,NA,NA,NA,NA,NA,NA,NA,NA,NA,NULL,NA,NA,NA,NA,NA,NA,NA,NA,NA,NA,NA,NA,NA,,NA,NA,NA,NA,NA,NA,NA,NA,NA,NA,NA,,NA
EM,1993NL_024,Clupea harengus,NS,NA,31,,,2,1,,NA,NA,,NA,NA,NA,NA,NA,NA,NA,NA,NA,NA,NA,NULL,NA,NA,NA,NA,NA,NA,NA,NA,NA,NA,NA,NA,NA,,NA,NA,NA,NA,NA,NA,NA,NA,NA,NA,NA,,NA
EM,1993NL_024,Clupea harengus,NS,NA,32,,,1,1,,NA,NA,,NA,NA,NA,NA,NA,NA,NA,NA,NA,NA,NA,NULL,NA,NA,NA,NA,NA,NA,NA,NA,NA,NA,NA,NA,NA,,NA,NA,NA,NA,NA,NA,NA,NA,NA,NA,NA,,NA
EM,1993NL_024,Clupea harengus,NS,NA,33,,,1,1,,NA,NA,,NA,NA,NA,NA,NA,NA,NA,NA,NA,NA,NA,NULL,NA,NA,NA,NA,NA,NA,NA,NA,NA,NA,NA,NA,NA,,NA,NA,NA,NA,NA,NA,NA,NA,NA,NA,NA,,NA
EM,1993NL_024,Clupea harengus,NS,NA,34,,,1,1,,NA,NA,,NA,NA,NA,NA,NA,NA,NA,NA,NA,NA,NA,NULL,NA,NA,NA,NA,NA,NA,NA,NA,NA,NA,NA,NA,NA,,NA,NA,NA,NA,NA,NA,NA,NA,NA,NA,NA,,NA
EM,1993NL_024,Clupea harengus,NS,NA,35,,,3,1,,NA,NA,,NA,NA,NA,NA,NA,NA,NA,NA,NA,NA,NA,NULL,NA,NA,NA,NA,NA,NA,NA,NA,NA,NA,NA,NA,NA,,NA,NA,NA,NA,NA,NA,NA,NA,NA,NA,NA,,NA
EM,1993NL_025,Clupea harengus,NS,NA,25,,,3,1,,NA,NA,,NA,NA,NA,NA,NA,NA,NA,NA,NA,NA,NA,NULL,NA,NA,NA,NA,NA,NA,NA,NA,NA,NA,NA,NA,NA,,NA,NA,NA,NA,NA,NA,NA,NA,NA,NA,NA,,NA
EM,1993NL_025,Clupea harengus,NS,NA,26,,,8,1,,NA,NA,,NA,NA,NA,NA,NA,NA,NA,NA,NA,NA,NA,NULL,NA,NA,NA,NA,NA,NA,NA,NA,NA,NA,NA,NA,NA,,NA,NA,NA,NA,NA,NA,NA,NA,NA,NA,NA,,NA
EM,1993NL_025,Clupea harengus,NS,NA,28,,,8,1,,NA,NA,,NA,NA,NA,NA,NA,NA,NA,NA,NA,NA,NA,NULL,NA,NA,NA,NA,NA,NA,NA,NA,NA,NA,NA,NA,NA,,NA,NA,NA,NA,NA,NA,NA,NA,NA,NA,NA,,NA
EM,1993NL_025,Clupea harengus,NS,NA,30,,,11,1,,NA,NA,,NA,NA,NA,NA,NA,NA,NA,NA,NA,NA,NA,NULL,NA,NA,NA,NA,NA,NA,NA,NA,NA,NA,NA,NA,NA,,NA,NA,NA,NA,NA,NA,NA,NA,NA,NA,NA,,NA
EM,1993NL_025,Clupea harengus,NS,NA,31,,,3,1,,NA,NA,,NA,NA,NA,NA,NA,NA,NA,NA,NA,NA,NA,NULL,NA,NA,NA,NA,NA,NA,NA,NA,NA,NA,NA,NA,NA,,NA,NA,NA,NA,NA,NA,NA,NA,NA,NA,NA,,NA
EM,1993NL_025,Clupea harengus,NS,NA,32,,,6,1,,NA,NA,,NA,NA,NA,NA,NA,NA,NA,NA,NA,NA,NA,NULL,NA,NA,NA,NA,NA,NA,NA,NA,NA,NA,NA,NA,NA,,NA,NA,NA,NA,NA,NA,NA,NA,NA,NA,NA,,NA
EM,1993NL_025,Clupea harengus,NS,NA,33,,,6,1,,NA,NA,,NA,NA,NA,NA,NA,NA,NA,NA,NA,NA,NA,NULL,NA,NA,NA,NA,NA,NA,NA,NA,NA,NA,NA,NA,NA,,NA,NA,NA,NA,NA,NA,NA,NA,NA,NA,NA,,NA
EM,1993NL_025,Clupea harengus,NS,NA,34,,,3,1,,NA,NA,,NA,NA,NA,NA,NA,NA,NA,NA,NA,NA,NA,NULL,NA,NA,NA,NA,NA,NA,NA,NA,NA,NA,NA,NA,NA,,NA,NA,NA,NA,NA,NA,NA,NA,NA,NA,NA,,NA
EM,1993NL_025,Clupea harengus,NS,NA,35,,,3,1,,NA,NA,,NA,NA,NA,NA,NA,NA,NA,NA,NA,NA,NA,NULL,NA,NA,NA,NA,NA,NA,NA,NA,NA,NA,NA,NA,NA,,NA,NA,NA,NA,NA,NA,NA,NA,NA,NA,NA,,NA
EM,1993NL_026,Clupea harengus,NS,NA,26,,,16,1,,NA,NA,,NA,NA,NA,NA,NA,NA,NA,NA,NA,NA,NA,NULL,NA,NA,NA,NA,NA,NA,NA,NA,NA,NA,NA,NA,NA,,NA,NA,NA,NA,NA,NA,NA,NA,NA,NA,NA,,NA
EM,1993NL_026,Clupea harengus,NS,NA,27,,,8,1,,NA,NA,,NA,NA,NA,NA,NA,NA,NA,NA,NA,NA,NA,NULL,NA,NA,NA,NA,NA,NA,NA,NA,NA,NA,NA,NA,NA,,NA,NA,NA,NA,NA,NA,NA,NA,NA,NA,NA,,NA
EM,1993NL_026,Clupea harengus,NS,NA,28,,,16,1,,NA,NA,,NA,NA,NA,NA,NA,NA,NA,NA,NA,NA,NA,NULL,NA,NA,NA,NA,NA,NA,NA,NA,NA,NA,NA,NA,NA,,NA,NA,NA,NA,NA,NA,NA,NA,NA,NA,NA,,NA
EM,1993NL_026,Clupea harengus,NS,NA,29,,,16,1,,NA,NA,,NA,NA,NA,NA,NA,NA,NA,NA,NA,NA,NA,NULL,NA,NA,NA,NA,NA,NA,NA,NA,NA,NA,NA,NA,NA,,NA,NA,NA,NA,NA,NA,NA,NA,NA,NA,NA,,NA
EM,1993NL_026,Clupea harengus,NS,NA,30,,,32,1,,NA,NA,,NA,NA,NA,NA,NA,NA,NA,NA,NA,NA,NA,NULL,NA,NA,NA,NA,NA,NA,NA,NA,NA,NA,NA,NA,NA,,NA,NA,NA,NA,NA,NA,NA,NA,NA,NA,NA,,NA
EM,1993NL_026,Clupea harengus,NS,NA,31,,,48,1,,NA,NA,,NA,NA,NA,NA,NA,NA,NA,NA,NA,NA,NA,NULL,NA,NA,NA,NA,NA,NA,NA,NA,NA,NA,NA,NA,NA,,NA,NA,NA,NA,NA,NA,NA,NA,NA,NA,NA,,NA
EM,1993NL_026,Clupea harengus,NS,NA,32,,,32,1,,NA,NA,,NA,NA,NA,NA,NA,NA,NA,NA,NA,NA,NA,NULL,NA,NA,NA,NA,NA,NA,NA,NA,NA,NA,NA,NA,NA,,NA,NA,NA,NA,NA,NA,NA,NA,NA,NA,NA,,NA
EM,1993NL_026,Clupea harengus,NS,NA,33,,,40,1,,NA,NA,,NA,NA,NA,NA,NA,NA,NA,NA,NA,NA,NA,NULL,NA,NA,NA,NA,NA,NA,NA,NA,NA,NA,NA,NA,NA,,NA,NA,NA,NA,NA,NA,NA,NA,NA,NA,NA,,NA
EM,1993NL_026,Clupea harengus,NS,NA,34,,,24,1,,NA,NA,,NA,NA,NA,NA,NA,NA,NA,NA,NA,NA,NA,NULL,NA,NA,NA,NA,NA,NA,NA,NA,NA,NA,NA,NA,NA,,NA,NA,NA,NA,NA,NA,NA,NA,NA,NA,NA,,NA
EM,1993NL_026,Clupea harengus,NS,NA,35,,,16,1,,NA,NA,,NA,NA,NA,NA,NA,NA,NA,NA,NA,NA,NA,NULL,NA,NA,NA,NA,NA,NA,NA,NA,NA,NA,NA,NA,NA,,NA,NA,NA,NA,NA,NA,NA,NA,NA,NA,NA,,NA
EM,1993NL_026,Clupea harengus,NS,NA,36,,,16,1,,NA,NA,,NA,NA,NA,NA,NA,NA,NA,NA,NA,NA,NA,NULL,NA,NA,NA,NA,NA,NA,NA,NA,NA,NA,NA,NA,NA,,NA,NA,NA,NA,NA,NA,NA,NA,NA,NA,NA,,NA
EM,1993NL_027,Clupea harengus,NS,NA,27,,,3,1,,NA,NA,,NA,NA,NA,NA,NA,NA,NA,NA,NA,NA,NA,NULL,NA,NA,NA,NA,NA,NA,NA,NA,NA,NA,NA,NA,NA,,NA,NA,NA,NA,NA,NA,NA,NA,NA,NA,NA,,NA
EM,1993NL_027,Clupea harengus,NS,NA,28,,,3,1,,NA,NA,,NA,NA,NA,NA,NA,NA,NA,NA,NA,NA,NA,NULL,NA,NA,NA,NA,NA,NA,NA,NA,NA,NA,NA,NA,NA,,NA,NA,NA,NA,NA,NA,NA,NA,NA,NA,NA,,NA
EM,1993NL_027,Clupea harengus,NS,NA,29,,,3,1,,NA,NA,,NA,NA,NA,NA,NA,NA,NA,NA,NA,NA,NA,NULL,NA,NA,NA,NA,NA,NA,NA,NA,NA,NA,NA,NA,NA,,NA,NA,NA,NA,NA,NA,NA,NA,NA,NA,NA,,NA
EM,1993NL_027,Clupea harengus,NS,NA,30,,,3,1,,NA,NA,,NA,NA,NA,NA,NA,NA,NA,NA,NA,NA,NA,NULL,NA,NA,NA,NA,NA,NA,NA,NA,NA,NA,NA,NA,NA,,NA,NA,NA,NA,NA,NA,NA,NA,NA,NA,NA,,NA
EM,1993NL_027,Clupea harengus,NS,NA,31,,,10,1,,NA,NA,,NA,NA,NA,NA,NA,NA,NA,NA,NA,NA,NA,NULL,NA,NA,NA,NA,NA,NA,NA,NA,NA,NA,NA,NA,NA,,NA,NA,NA,NA,NA,NA,NA,NA,NA,NA,NA,,NA
EM,1993NL_027,Clupea harengus,NS,NA,32,,,19,1,,NA,NA,,NA,NA,NA,NA,NA,NA,NA,NA,NA,NA,NA,NULL,NA,NA,NA,NA,NA,NA,NA,NA,NA,NA,NA,NA,NA,,NA,NA,NA,NA,NA,NA,NA,NA,NA,NA,NA,,NA
EM,1993NL_027,Clupea harengus,NS,NA,33,,,11,1,,NA,NA,,NA,NA,NA,NA,NA,NA,NA,NA,NA,NA,NA,NULL,NA,NA,NA,NA,NA,NA,NA,NA,NA,NA,NA,NA,NA,,NA,NA,NA,NA,NA,NA,NA,NA,NA,NA,NA,,NA
EM,1993NL_027,Clupea harengus,NS,NA,34,,,5,1,,NA,NA,,NA,NA,NA,NA,NA,NA,NA,NA,NA,NA,NA,NULL,NA,NA,NA,NA,NA,NA,NA,NA,NA,NA,NA,NA,NA,,NA,NA,NA,NA,NA,NA,NA,NA,NA,NA,NA,,NA
EM,1993NL_027,Clupea harengus,NS,NA,35,,,11,1,,NA,NA,,NA,NA,NA,NA,NA,NA,NA,NA,NA,NA,NA,NULL,NA,NA,NA,NA,NA,NA,NA,NA,NA,NA,NA,NA,NA,,NA,NA,NA,NA,NA,NA,NA,NA,NA,NA,NA,,NA
EM,1993NL_027,Clupea harengus,NS,NA,36,,,5,1,,NA,NA,,NA,NA,NA,NA,NA,NA,NA,NA,NA,NA,NA,NULL,NA,NA,NA,NA,NA,NA,NA,NA,NA,NA,NA,NA,NA,,NA,NA,NA,NA,NA,NA,NA,NA,NA,NA,NA,,NA
EM,1993NL_027,Clupea harengus,NS,NA,37,,,10,1,,NA,NA,,NA,NA,NA,NA,NA,NA,NA,NA,NA,NA,NA,NULL,NA,NA,NA,NA,NA,NA,NA,NA,NA,NA,NA,NA,NA,,NA,NA,NA,NA,NA,NA,NA,NA,NA,NA,NA,,NA
EM,1993NL_028,Clupea harengus,NS,NA,25,,,1,1,,NA,NA,,NA,NA,NA,NA,NA,NA,NA,NA,NA,NA,NA,NULL,NA,NA,NA,NA,NA,NA,NA,NA,NA,NA,NA,NA,NA,,NA,NA,NA,NA,NA,NA,NA,NA,NA,NA,NA,,NA
EM,1993NL_028,Clupea harengus,NS,NA,26,,,1,1,,NA,NA,,NA,NA,NA,NA,NA,NA,NA,NA,NA,NA,NA,NULL,NA,NA,NA,NA,NA,NA,NA,NA,NA,NA,NA,NA,NA,,NA,NA,NA,NA,NA,NA,NA,NA,NA,NA,NA,,NA
EM,1993NL_028,Clupea harengus,NS,NA,27,,,2,1,,NA,NA,,NA,NA,NA,NA,NA,NA,NA,NA,NA,NA,NA,NULL,NA,NA,NA,NA,NA,NA,NA,NA,NA,NA,NA,NA,NA,,NA,NA,NA,NA,NA,NA,NA,NA,NA,NA,NA,,NA
EM,1993NL_028,Clupea harengus,NS,NA,28,,,2,1,,NA,NA,,NA,NA,NA,NA,NA,NA,NA,NA,NA,NA,NA,NULL,NA,NA,NA,NA,NA,NA,NA,NA,NA,NA,NA,NA,NA,,NA,NA,NA,NA,NA,NA,NA,NA,NA,NA,NA,,NA
EM,1993NL_028,Clupea harengus,NS,NA,29,,,2,1,,NA,NA,,NA,NA,NA,NA,NA,NA,NA,NA,NA,NA,NA,NULL,NA,NA,NA,NA,NA,NA,NA,NA,NA,NA,NA,NA,NA,,NA,NA,NA,NA,NA,NA,NA,NA,NA,NA,NA,,NA
EM,1993NL_028,Clupea harengus,NS,NA,30,,,3,1,,NA,NA,,NA,NA,NA,NA,NA,NA,NA,NA,NA,NA,NA,NULL,NA,NA,NA,NA,NA,NA,NA,NA,NA,NA,NA,NA,NA,,NA,NA,NA,NA,NA,NA,NA,NA,NA,NA,NA,,NA
EM,1993NL_028,Clupea harengus,NS,NA,31,,,1,1,,NA,NA,,NA,NA,NA,NA,NA,NA,NA,NA,NA,NA,NA,NULL,NA,NA,NA,NA,NA,NA,NA,NA,NA,NA,NA,NA,NA,,NA,NA,NA,NA,NA,NA,NA,NA,NA,NA,NA,,NA
EM,1993NL_028,Clupea harengus,NS,NA,32,,,5,1,,NA,NA,,NA,NA,NA,NA,NA,NA,NA,NA,NA,NA,NA,NULL,NA,NA,NA,NA,NA,NA,NA,NA,NA,NA,NA,NA,NA,,NA,NA,NA,NA,NA,NA,NA,NA,NA,NA,NA,,NA
EM,1993NL_028,Clupea harengus,NS,NA,33,,,4,1,,NA,NA,,NA,NA,NA,NA,NA,NA,NA,NA,NA,NA,NA,NULL,NA,NA,NA,NA,NA,NA,NA,NA,NA,NA,NA,NA,NA,,NA,NA,NA,NA,NA,NA,NA,NA,NA,NA,NA,,NA
EM,1993NL_028,Clupea harengus,NS,NA,34,,,1,1,,NA,NA,,NA,NA,NA,NA,NA,NA,NA,NA,NA,NA,NA,NULL,NA,NA,NA,NA,NA,NA,NA,NA,NA,NA,NA,NA,NA,,NA,NA,NA,NA,NA,NA,NA,NA,NA,NA,NA,,NA
EM,1993NL_028,Clupea harengus,NS,NA,35,,,5,1,,NA,NA,,NA,NA,NA,NA,NA,NA,NA,NA,NA,NA,NA,NULL,NA,NA,NA,NA,NA,NA,NA,NA,NA,NA,NA,NA,NA,,NA,NA,NA,NA,NA,NA,NA,NA,NA,NA,NA,,NA
EM,1993NL_028,Clupea harengus,NS,NA,36,,,5,1,,NA,NA,,NA,NA,NA,NA,NA,NA,NA,NA,NA,NA,NA,NULL,NA,NA,NA,NA,NA,NA,NA,NA,NA,NA,NA,NA,NA,,NA,NA,NA,NA,NA,NA,NA,NA,NA,NA,NA,,NA
EM,1993NL_028,Clupea harengus,NS,NA,37,,,1,1,,NA,NA,,NA,NA,NA,NA,NA,NA,NA,NA,NA,NA,NA,NULL,NA,NA,NA,NA,NA,NA,NA,NA,NA,NA,NA,NA,NA,,NA,NA,NA,NA,NA,NA,NA,NA,NA,NA,NA,,NA
EM,1993NL_029,Clupea harengus,NS,NA,32,,,2,1,,NA,NA,,NA,NA,NA,NA,NA,NA,NA,NA,NA,NA,NA,NULL,NA,NA,NA,NA,NA,NA,NA,NA,NA,NA,NA,NA,NA,,NA,NA,NA,NA,NA,NA,NA,NA,NA,NA,NA,,NA
EM,1993NL_029,Clupea harengus,NS,NA,33,,,8,1,,NA,NA,,NA,NA,NA,NA,NA,NA,NA,NA,NA,NA,NA,NULL,NA,NA,NA,NA,NA,NA,NA,NA,NA,NA,NA,NA,NA,,NA,NA,NA,NA,NA,NA,NA,NA,NA,NA,NA,,NA
EM,1993NL_029,Clupea harengus,NS,NA,34,,,4,1,,NA,NA,,NA,NA,NA,NA,NA,NA,NA,NA,NA,NA,NA,NULL,NA,NA,NA,NA,NA,NA,NA,NA,NA,NA,NA,NA,NA,,NA,NA,NA,NA,NA,NA,NA,NA,NA,NA,NA,,NA
EM,1993NL_029,Clupea harengus,NS,NA,35,,,6,1,,NA,NA,,NA,NA,NA,NA,NA,NA,NA,NA,NA,NA,NA,NULL,NA,NA,NA,NA,NA,NA,NA,NA,NA,NA,NA,NA,NA,,NA,NA,NA,NA,NA,NA,NA,NA,NA,NA,NA,,NA
EM,1993NL_029,Clupea harengus,NS,NA,36,,,6,1,,NA,NA,,NA,NA,NA,NA,NA,NA,NA,NA,NA,NA,NA,NULL,NA,NA,NA,NA,NA,NA,NA,NA,NA,NA,NA,NA,NA,,NA,NA,NA,NA,NA,NA,NA,NA,NA,NA,NA,,NA
EM,1993NL_029,Clupea harengus,NS,NA,37,,,10,1,,NA,NA,,NA,NA,NA,NA,NA,NA,NA,NA,NA,NA,NA,NULL,NA,NA,NA,NA,NA,NA,NA,NA,NA,NA,NA,NA,NA,,NA,NA,NA,NA,NA,NA,NA,NA,NA,NA,NA,,NA
EM,1993NL_030,Clupea harengus,NS,NA,33,,,1,1,,NA,NA,,NA,NA,NA,NA,NA,NA,NA,NA,NA,NA,NA,NULL,NA,NA,NA,NA,NA,NA,NA,NA,NA,NA,NA,NA,NA,,NA,NA,NA,NA,NA,NA,NA,NA,NA,NA,NA,,NA
EM,1993NL_031,Clupea harengus,NS,NA,32,,,1,1,,NA,NA,,NA,NA,NA,NA,NA,NA,NA,NA,NA,NA,NA,NULL,NA,NA,NA,NA,NA,NA,NA,NA,NA,NA,NA,NA,NA,,NA,NA,NA,NA,NA,NA,NA,NA,NA,NA,NA,,NA
EM,1993NL_031,Clupea harengus,NS,NA,34,,,1,1,,NA,NA,,NA,NA,NA,NA,NA,NA,NA,NA,NA,NA,NA,NULL,NA,NA,NA,NA,NA,NA,NA,NA,NA,NA,NA,NA,NA,,NA,NA,NA,NA,NA,NA,NA,NA,NA,NA,NA,,NA
EM,1993NL_032,Clupea harengus,NS,NA,30,,,1,1,,NA,NA,,NA,NA,NA,NA,NA,NA,NA,NA,NA,NA,NA,NULL,NA,NA,NA,NA,NA,NA,NA,NA,NA,NA,NA,NA,NA,,NA,NA,NA,NA,NA,NA,NA,NA,NA,NA,NA,,NA
EM,1993NL_032,Clupea harengus,NS,NA,32,,,1,1,,NA,NA,,NA,NA,NA,NA,NA,NA,NA,NA,NA,NA,NA,NULL,NA,NA,NA,NA,NA,NA,NA,NA,NA,NA,NA,NA,NA,,NA,NA,NA,NA,NA,NA,NA,NA,NA,NA,NA,,NA
EM,1993NL_032,Clupea harengus,NS,NA,35,,,1,1,,NA,NA,,NA,NA,NA,NA,NA,NA,NA,NA,NA,NA,NA,NULL,NA,NA,NA,NA,NA,NA,NA,NA,NA,NA,NA,NA,NA,,NA,NA,NA,NA,NA,NA,NA,NA,NA,NA,NA,,NA
EM,1993NL_032,Clupea harengus,NS,NA,36,,,1,1,,NA,NA,,NA,NA,NA,NA,NA,NA,NA,NA,NA,NA,NA,NULL,NA,NA,NA,NA,NA,NA,NA,NA,NA,NA,NA,NA,NA,,NA,NA,NA,NA,NA,NA,NA,NA,NA,NA,NA,,NA
EM,1993NL_033,Clupea harengus,NS,NA,26,,,1,1,,NA,NA,,NA,NA,NA,NA,NA,NA,NA,NA,NA,NA,NA,NULL,NA,NA,NA,NA,NA,NA,NA,NA,NA,NA,NA,NA,NA,,NA,NA,NA,NA,NA,NA,NA,NA,NA,NA,NA,,NA
EM,1993NL_033,Clupea harengus,NS,NA,27,,,1,1,,NA,NA,,NA,NA,NA,NA,NA,NA,NA,NA,NA,NA,NA,NULL,NA,NA,NA,NA,NA,NA,NA,NA,NA,NA,NA,NA,NA,,NA,NA,NA,NA,NA,NA,NA,NA,NA,NA,NA,,NA
EM,1993NL_033,Clupea harengus,NS,NA,29,,,1,1,,NA,NA,,NA,NA,NA,NA,NA,NA,NA,NA,NA,NA,NA,NULL,NA,NA,NA,NA,NA,NA,NA,NA,NA,NA,NA,NA,NA,,NA,NA,NA,NA,NA,NA,NA,NA,NA,NA,NA,,NA
EM,1993NL_033,Clupea harengus,NS,NA,30,,,2,1,,NA,NA,,NA,NA,NA,NA,NA,NA,NA,NA,NA,NA,NA,NULL,NA,NA,NA,NA,NA,NA,NA,NA,NA,NA,NA,NA,NA,,NA,NA,NA,NA,NA,NA,NA,NA,NA,NA,NA,,NA
EM,1993NL_033,Clupea harengus,NS,NA,32,,,4,1,,NA,NA,,NA,NA,NA,NA,NA,NA,NA,NA,NA,NA,NA,NULL,NA,NA,NA,NA,NA,NA,NA,NA,NA,NA,NA,NA,NA,,NA,NA,NA,NA,NA,NA,NA,NA,NA,NA,NA,,NA
EM,1993NL_033,Clupea harengus,NS,NA,33,,,3,1,,NA,NA,,NA,NA,NA,NA,NA,NA,NA,NA,NA,NA,NA,NULL,NA,NA,NA,NA,NA,NA,NA,NA,NA,NA,NA,NA,NA,,NA,NA,NA,NA,NA,NA,NA,NA,NA,NA,NA,,NA
EM,1993NL_033,Clupea harengus,NS,NA,35,,,2,1,,NA,NA,,NA,NA,NA,NA,NA,NA,NA,NA,NA,NA,NA,NULL,NA,NA,NA,NA,NA,NA,NA,NA,NA,NA,NA,NA,NA,,NA,NA,NA,NA,NA,NA,NA,NA,NA,NA,NA,,NA
EM,1993NL_033,Clupea harengus,NS,NA,36,,,1,1,,NA,NA,,NA,NA,NA,NA,NA,NA,NA,NA,NA,NA,NA,NULL,NA,NA,NA,NA,NA,NA,NA,NA,NA,NA,NA,NA,NA,,NA,NA,NA,NA,NA,NA,NA,NA,NA,NA,NA,,NA
EM,1993NL_033,Clupea harengus,NS,NA,38,,,2,1,,NA,NA,,NA,NA,NA,NA,NA,NA,NA,NA,NA,NA,NA,NULL,NA,NA,NA,NA,NA,NA,NA,NA,NA,NA,NA,NA,NA,,NA,NA,NA,NA,NA,NA,NA,NA,NA,NA,NA,,NA
EM,1993NL_034,Clupea harengus,NS,NA,17,,,12,1,,NA,NA,,NA,NA,NA,NA,NA,NA,NA,NA,NA,NA,NA,NULL,NA,NA,NA,NA,NA,NA,NA,NA,NA,NA,NA,NA,NA,,NA,NA,NA,NA,NA,NA,NA,NA,NA,NA,NA,,NA
EM,1993NL_034,Clupea harengus,NS,NA,18,,,24,1,,NA,NA,,NA,NA,NA,NA,NA,NA,NA,NA,NA,NA,NA,NULL,NA,NA,NA,NA,NA,NA,NA,NA,NA,NA,NA,NA,NA,,NA,NA,NA,NA,NA,NA,NA,NA,NA,NA,NA,,NA
EM,1993NL_034,Clupea harengus,NS,NA,19,,,12,1,,NA,NA,,NA,NA,NA,NA,NA,NA,NA,NA,NA,NA,NA,NULL,NA,NA,NA,NA,NA,NA,NA,NA,NA,NA,NA,NA,NA,,NA,NA,NA,NA,NA,NA,NA,NA,NA,NA,NA,,NA
EM,1993NL_034,Clupea harengus,NS,NA,20,,,35,1,,NA,NA,,NA,NA,NA,NA,NA,NA,NA,NA,NA,NA,NA,NULL,NA,NA,NA,NA,NA,NA,NA,NA,NA,NA,NA,NA,NA,,NA,NA,NA,NA,NA,NA,NA,NA,NA,NA,NA,,NA
EM,1993NL_034,Clupea harengus,NS,NA,21,,,71,1,,NA,NA,,NA,NA,NA,NA,NA,NA,NA,NA,NA,NA,NA,NULL,NA,NA,NA,NA,NA,NA,NA,NA,NA,NA,NA,NA,NA,,NA,NA,NA,NA,NA,NA,NA,NA,NA,NA,NA,,NA
EM,1993NL_034,Clupea harengus,NS,NA,22,,,47,1,,NA,NA,,NA,NA,NA,NA,NA,NA,NA,NA,NA,NA,NA,NULL,NA,NA,NA,NA,NA,NA,NA,NA,NA,NA,NA,NA,NA,,NA,NA,NA,NA,NA,NA,NA,NA,NA,NA,NA,,NA
EM,1993NL_034,Clupea harengus,NS,NA,23,,,59,1,,NA,NA,,NA,NA,NA,NA,NA,NA,NA,NA,NA,NA,NA,NULL,NA,NA,NA,NA,NA,NA,NA,NA,NA,NA,NA,NA,NA,,NA,NA,NA,NA,NA,NA,NA,NA,NA,NA,NA,,NA
EM,1993NL_034,Clupea harengus,NS,NA,24,,,12,1,,NA,NA,,NA,NA,NA,NA,NA,NA,NA,NA,NA,NA,NA,NULL,NA,NA,NA,NA,NA,NA,NA,NA,NA,NA,NA,NA,NA,,NA,NA,NA,NA,NA,NA,NA,NA,NA,NA,NA,,NA
EM,1993NL_034,Clupea harengus,NS,NA,25,,,24,1,,NA,NA,,NA,NA,NA,NA,NA,NA,NA,NA,NA,NA,NA,NULL,NA,NA,NA,NA,NA,NA,NA,NA,NA,NA,NA,NA,NA,,NA,NA,NA,NA,NA,NA,NA,NA,NA,NA,NA,,NA
EM,1993NL_034,Clupea harengus,NS,NA,26,,,35,1,,NA,NA,,NA,NA,NA,NA,NA,NA,NA,NA,NA,NA,NA,NULL,NA,NA,NA,NA,NA,NA,NA,NA,NA,NA,NA,NA,NA,,NA,NA,NA,NA,NA,NA,NA,NA,NA,NA,NA,,NA
EM,1993NL_034,Clupea harengus,NS,NA,27,,,12,1,,NA,NA,,NA,NA,NA,NA,NA,NA,NA,NA,NA,NA,NA,NULL,NA,NA,NA,NA,NA,NA,NA,NA,NA,NA,NA,NA,NA,,NA,NA,NA,NA,NA,NA,NA,NA,NA,NA,NA,,NA
EM,1993NL_034,Clupea harengus,NS,NA,28,,,12,1,,NA,NA,,NA,NA,NA,NA,NA,NA,NA,NA,NA,NA,NA,NULL,NA,NA,NA,NA,NA,NA,NA,NA,NA,NA,NA,NA,NA,,NA,NA,NA,NA,NA,NA,NA,NA,NA,NA,NA,,NA
EM,1993NL_034,Clupea harengus,NS,NA,29,,,12,1,,NA,NA,,NA,NA,NA,NA,NA,NA,NA,NA,NA,NA,NA,NULL,NA,NA,NA,NA,NA,NA,NA,NA,NA,NA,NA,NA,NA,,NA,NA,NA,NA,NA,NA,NA,NA,NA,NA,NA,,NA
EM,1993NL_034,Clupea harengus,NS,NA,31,,,12,1,,NA,NA,,NA,NA,NA,NA,NA,NA,NA,NA,NA,NA,NA,NULL,NA,NA,NA,NA,NA,NA,NA,NA,NA,NA,NA,NA,NA,,NA,NA,NA,NA,NA,NA,NA,NA,NA,NA,NA,,NA
EM,1993NL_035,Clupea harengus,NS,NA,16,,,4,1,,NA,NA,,NA,NA,NA,NA,NA,NA,NA,NA,NA,NA,NA,NULL,NA,NA,NA,NA,NA,NA,NA,NA,NA,NA,NA,NA,NA,,NA,NA,NA,NA,NA,NA,NA,NA,NA,NA,NA,,NA
EM,1993NL_035,Clupea harengus,NS,NA,17,,,4,1,,NA,NA,,NA,NA,NA,NA,NA,NA,NA,NA,NA,NA,NA,NULL,NA,NA,NA,NA,NA,NA,NA,NA,NA,NA,NA,NA,NA,,NA,NA,NA,NA,NA,NA,NA,NA,NA,NA,NA,,NA
EM,1993NL_035,Clupea harengus,NS,NA,18,,,4,1,,NA,NA,,NA,NA,NA,NA,NA,NA,NA,NA,NA,NA,NA,NULL,NA,NA,NA,NA,NA,NA,NA,NA,NA,NA,NA,NA,NA,,NA,NA,NA,NA,NA,NA,NA,NA,NA,NA,NA,,NA
EM,1993NL_035,Clupea harengus,NS,NA,19,,,4,1,,NA,NA,,NA,NA,NA,NA,NA,NA,NA,NA,NA,NA,NA,NULL,NA,NA,NA,NA,NA,NA,NA,NA,NA,NA,NA,NA,NA,,NA,NA,NA,NA,NA,NA,NA,NA,NA,NA,NA,,NA
EM,1993NL_035,Clupea harengus,NS,NA,20,,,12,1,,NA,NA,,NA,NA,NA,NA,NA,NA,NA,NA,NA,NA,NA,NULL,NA,NA,NA,NA,NA,NA,NA,NA,NA,NA,NA,NA,NA,,NA,NA,NA,NA,NA,NA,NA,NA,NA,NA,NA,,NA
EM,1993NL_035,Clupea harengus,NS,NA,21,,,8,1,,NA,NA,,NA,NA,NA,NA,NA,NA,NA,NA,NA,NA,NA,NULL,NA,NA,NA,NA,NA,NA,NA,NA,NA,NA,NA,NA,NA,,NA,NA,NA,NA,NA,NA,NA,NA,NA,NA,NA,,NA
EM,1993NL_035,Clupea harengus,NS,NA,22,,,8,1,,NA,NA,,NA,NA,NA,NA,NA,NA,NA,NA,NA,NA,NA,NULL,NA,NA,NA,NA,NA,NA,NA,NA,NA,NA,NA,NA,NA,,NA,NA,NA,NA,NA,NA,NA,NA,NA,NA,NA,,NA
EM,1993NL_035,Clupea harengus,NS,NA,23,,,16,1,,NA,NA,,NA,NA,NA,NA,NA,NA,NA,NA,NA,NA,NA,NULL,NA,NA,NA,NA,NA,NA,NA,NA,NA,NA,NA,NA,NA,,NA,NA,NA,NA,NA,NA,NA,NA,NA,NA,NA,,NA
EM,1993NL_035,Clupea harengus,NS,NA,24,,,16,1,,NA,NA,,NA,NA,NA,NA,NA,NA,NA,NA,NA,NA,NA,NULL,NA,NA,NA,NA,NA,NA,NA,NA,NA,NA,NA,NA,NA,,NA,NA,NA,NA,NA,NA,NA,NA,NA,NA,NA,,NA
EM,1993NL_035,Clupea harengus,NS,NA,25,,,12,1,,NA,NA,,NA,NA,NA,NA,NA,NA,NA,NA,NA,NA,NA,NULL,NA,NA,NA,NA,NA,NA,NA,NA,NA,NA,NA,NA,NA,,NA,NA,NA,NA,NA,NA,NA,NA,NA,NA,NA,,NA
EM,1993NL_035,Clupea harengus,NS,NA,27,,,4,1,,NA,NA,,NA,NA,NA,NA,NA,NA,NA,NA,NA,NA,NA,NULL,NA,NA,NA,NA,NA,NA,NA,NA,NA,NA,NA,NA,NA,,NA,NA,NA,NA,NA,NA,NA,NA,NA,NA,NA,,NA
EM,1993NL_035,Clupea harengus,NS,NA,34,,,4,1,,NA,NA,,NA,NA,NA,NA,NA,NA,NA,NA,NA,NA,NA,NULL,NA,NA,NA,NA,NA,NA,NA,NA,NA,NA,NA,NA,NA,,NA,NA,NA,NA,NA,NA,NA,NA,NA,NA,NA,,NA
EM,1993NL_036,Clupea harengus,NS,NA,20,,,6,1,,NA,NA,,NA,NA,NA,NA,NA,NA,NA,NA,NA,NA,NA,NULL,NA,NA,NA,NA,NA,NA,NA,NA,NA,NA,NA,NA,NA,,NA,NA,NA,NA,NA,NA,NA,NA,NA,NA,NA,,NA
EM,1993NL_036,Clupea harengus,NS,NA,21,,,4,1,,NA,NA,,NA,NA,NA,NA,NA,NA,NA,NA,NA,NA,NA,NULL,NA,NA,NA,NA,NA,NA,NA,NA,NA,NA,NA,NA,NA,,NA,NA,NA,NA,NA,NA,NA,NA,NA,NA,NA,,NA
EM,1993NL_036,Clupea harengus,NS,NA,22,,,2,1,,NA,NA,,NA,NA,NA,NA,NA,NA,NA,NA,NA,NA,NA,NULL,NA,NA,NA,NA,NA,NA,NA,NA,NA,NA,NA,NA,NA,,NA,NA,NA,NA,NA,NA,NA,NA,NA,NA,NA,,NA
EM,1993NL_036,Clupea harengus,NS,NA,23,,,8,1,,NA,NA,,NA,NA,NA,NA,NA,NA,NA,NA,NA,NA,NA,NULL,NA,NA,NA,NA,NA,NA,NA,NA,NA,NA,NA,NA,NA,,NA,NA,NA,NA,NA,NA,NA,NA,NA,NA,NA,,NA
EM,1993NL_036,Clupea harengus,NS,NA,24,,,4,1,,NA,NA,,NA,NA,NA,NA,NA,NA,NA,NA,NA,NA,NA,NULL,NA,NA,NA,NA,NA,NA,NA,NA,NA,NA,NA,NA,NA,,NA,NA,NA,NA,NA,NA,NA,NA,NA,NA,NA,,NA
EM,1993NL_036,Clupea harengus,NS,NA,25,,,6,1,,NA,NA,,NA,NA,NA,NA,NA,NA,NA,NA,NA,NA,NA,NULL,NA,NA,NA,NA,NA,NA,NA,NA,NA,NA,NA,NA,NA,,NA,NA,NA,NA,NA,NA,NA,NA,NA,NA,NA,,NA
EM,1993NL_036,Clupea harengus,NS,NA,26,,,2,1,,NA,NA,,NA,NA,NA,NA,NA,NA,NA,NA,NA,NA,NA,NULL,NA,NA,NA,NA,NA,NA,NA,NA,NA,NA,NA,NA,NA,,NA,NA,NA,NA,NA,NA,NA,NA,NA,NA,NA,,NA
EM,1993NL_036,Clupea harengus,NS,NA,27,,,4,1,,NA,NA,,NA,NA,NA,NA,NA,NA,NA,NA,NA,NA,NA,NULL,NA,NA,NA,NA,NA,NA,NA,NA,NA,NA,NA,NA,NA,,NA,NA,NA,NA,NA,NA,NA,NA,NA,NA,NA,,NA
EM,1993NL_036,Clupea harengus,NS,NA,28,,,4,1,,NA,NA,,NA,NA,NA,NA,NA,NA,NA,NA,NA,NA,NA,NULL,NA,NA,NA,NA,NA,NA,NA,NA,NA,NA,NA,NA,NA,,NA,NA,NA,NA,NA,NA,NA,NA,NA,NA,NA,,NA
EM,1993NL_036,Clupea harengus,NS,NA,30,,,2,1,,NA,NA,,NA,NA,NA,NA,NA,NA,NA,NA,NA,NA,NA,NULL,NA,NA,NA,NA,NA,NA,NA,NA,NA,NA,NA,NA,NA,,NA,NA,NA,NA,NA,NA,NA,NA,NA,NA,NA,,NA
EM,1993NL_036,Clupea harengus,NS,NA,32,,,2,1,,NA,NA,,NA,NA,NA,NA,NA,NA,NA,NA,NA,NA,NA,NULL,NA,NA,NA,NA,NA,NA,NA,NA,NA,NA,NA,NA,NA,,NA,NA,NA,NA,NA,NA,NA,NA,NA,NA,NA,,NA
EM,1993NL_037,Clupea harengus,NS,NA,19,,,11,1,,NA,NA,,NA,NA,NA,NA,NA,NA,NA,NA,NA,NA,NA,NULL,NA,NA,NA,NA,NA,NA,NA,NA,NA,NA,NA,NA,NA,,NA,NA,NA,NA,NA,NA,NA,NA,NA,NA,NA,,NA
EM,1993NL_037,Clupea harengus,NS,NA,20,,,21,1,,NA,NA,,NA,NA,NA,NA,NA,NA,NA,NA,NA,NA,NA,NULL,NA,NA,NA,NA,NA,NA,NA,NA,NA,NA,NA,NA,NA,,NA,NA,NA,NA,NA,NA,NA,NA,NA,NA,NA,,NA
EM,1993NL_037,Clupea harengus,NS,NA,21,,,32,1,,NA,NA,,NA,NA,NA,NA,NA,NA,NA,NA,NA,NA,NA,NULL,NA,NA,NA,NA,NA,NA,NA,NA,NA,NA,NA,NA,NA,,NA,NA,NA,NA,NA,NA,NA,NA,NA,NA,NA,,NA
EM,1993NL_037,Clupea harengus,NS,NA,22,,,32,1,,NA,NA,,NA,NA,NA,NA,NA,NA,NA,NA,NA,NA,NA,NULL,NA,NA,NA,NA,NA,NA,NA,NA,NA,NA,NA,NA,NA,,NA,NA,NA,NA,NA,NA,NA,NA,NA,NA,NA,,NA
EM,1993NL_037,Clupea harengus,NS,NA,23,,,21,1,,NA,NA,,NA,NA,NA,NA,NA,NA,NA,NA,NA,NA,NA,NULL,NA,NA,NA,NA,NA,NA,NA,NA,NA,NA,NA,NA,NA,,NA,NA,NA,NA,NA,NA,NA,NA,NA,NA,NA,,NA
EM,1993NL_037,Clupea harengus,NS,NA,24,,,11,1,,NA,NA,,NA,NA,NA,NA,NA,NA,NA,NA,NA,NA,NA,NULL,NA,NA,NA,NA,NA,NA,NA,NA,NA,NA,NA,NA,NA,,NA,NA,NA,NA,NA,NA,NA,NA,NA,NA,NA,,NA
EM,1993NL_037,Clupea harengus,NS,NA,25,,,32,1,,NA,NA,,NA,NA,NA,NA,NA,NA,NA,NA,NA,NA,NA,NULL,NA,NA,NA,NA,NA,NA,NA,NA,NA,NA,NA,NA,NA,,NA,NA,NA,NA,NA,NA,NA,NA,NA,NA,NA,,NA
EM,1993NL_037,Clupea harengus,NS,NA,26,,,53,1,,NA,NA,,NA,NA,NA,NA,NA,NA,NA,NA,NA,NA,NA,NULL,NA,NA,NA,NA,NA,NA,NA,NA,NA,NA,NA,NA,NA,,NA,NA,NA,NA,NA,NA,NA,NA,NA,NA,NA,,NA
EM,1993NL_037,Clupea harengus,NS,NA,27,,,42,1,,NA,NA,,NA,NA,NA,NA,NA,NA,NA,NA,NA,NA,NA,NULL,NA,NA,NA,NA,NA,NA,NA,NA,NA,NA,NA,NA,NA,,NA,NA,NA,NA,NA,NA,NA,NA,NA,NA,NA,,NA
EM,1993NL_037,Clupea harengus,NS,NA,28,,,53,1,,NA,NA,,NA,NA,NA,NA,NA,NA,NA,NA,NA,NA,NA,NULL,NA,NA,NA,NA,NA,NA,NA,NA,NA,NA,NA,NA,NA,,NA,NA,NA,NA,NA,NA,NA,NA,NA,NA,NA,,NA
EM,1993NL_037,Clupea harengus,NS,NA,29,,,11,1,,NA,NA,,NA,NA,NA,NA,NA,NA,NA,NA,NA,NA,NA,NULL,NA,NA,NA,NA,NA,NA,NA,NA,NA,NA,NA,NA,NA,,NA,NA,NA,NA,NA,NA,NA,NA,NA,NA,NA,,NA
EM,1993NL_038,Clupea harengus,NS,NA,19,,,1,1,,NA,NA,,NA,NA,NA,NA,NA,NA,NA,NA,NA,NA,NA,NULL,NA,NA,NA,NA,NA,NA,NA,NA,NA,NA,NA,NA,NA,,NA,NA,NA,NA,NA,NA,NA,NA,NA,NA,NA,,NA
EM,1993NL_038,Clupea harengus,NS,NA,26,,,1,1,,NA,NA,,NA,NA,NA,NA,NA,NA,NA,NA,NA,NA,NA,NULL,NA,NA,NA,NA,NA,NA,NA,NA,NA,NA,NA,NA,NA,,NA,NA,NA,NA,NA,NA,NA,NA,NA,NA,NA,,NA
EM,1993NL_038,Clupea harengus,NS,NA,34,,,1,1,,NA,NA,,NA,NA,NA,NA,NA,NA,NA,NA,NA,NA,NA,NULL,NA,NA,NA,NA,NA,NA,NA,NA,NA,NA,NA,NA,NA,,NA,NA,NA,NA,NA,NA,NA,NA,NA,NA,NA,,NA
EM,1993NL_039,Clupea harengus,NS,NA,34,,,1,1,,NA,NA,,NA,NA,NA,NA,NA,NA,NA,NA,NA,NA,NA,NULL,NA,NA,NA,NA,NA,NA,NA,NA,NA,NA,NA,NA,NA,,NA,NA,NA,NA,NA,NA,NA,NA,NA,NA,NA,,NA
EM,1993NL_040,Clupea harengus,NS,NA,16,,,17,1,,NA,NA,,NA,NA,NA,NA,NA,NA,NA,NA,NA,NA,NA,NULL,NA,NA,NA,NA,NA,NA,NA,NA,NA,NA,NA,NA,NA,,NA,NA,NA,NA,NA,NA,NA,NA,NA,NA,NA,,NA
EM,1993NL_040,Clupea harengus,NS,NA,17,,,17,1,,NA,NA,,NA,NA,NA,NA,NA,NA,NA,NA,NA,NA,NA,NULL,NA,NA,NA,NA,NA,NA,NA,NA,NA,NA,NA,NA,NA,,NA,NA,NA,NA,NA,NA,NA,NA,NA,NA,NA,,NA
EM,1993NL_040,Clupea harengus,NS,NA,18,,,35,1,,NA,NA,,NA,NA,NA,NA,NA,NA,NA,NA,NA,NA,NA,NULL,NA,NA,NA,NA,NA,NA,NA,NA,NA,NA,NA,NA,NA,,NA,NA,NA,NA,NA,NA,NA,NA,NA,NA,NA,,NA
EM,1993NL_040,Clupea harengus,NS,NA,19,,,26,1,,NA,NA,,NA,NA,NA,NA,NA,NA,NA,NA,NA,NA,NA,NULL,NA,NA,NA,NA,NA,NA,NA,NA,NA,NA,NA,NA,NA,,NA,NA,NA,NA,NA,NA,NA,NA,NA,NA,NA,,NA
EM,1993NL_040,Clupea harengus,NS,NA,20,,,35,1,,NA,NA,,NA,NA,NA,NA,NA,NA,NA,NA,NA,NA,NA,NULL,NA,NA,NA,NA,NA,NA,NA,NA,NA,NA,NA,NA,NA,,NA,NA,NA,NA,NA,NA,NA,NA,NA,NA,NA,,NA
EM,1993NL_040,Clupea harengus,NS,NA,21,,,26,1,,NA,NA,,NA,NA,NA,NA,NA,NA,NA,NA,NA,NA,NA,NULL,NA,NA,NA,NA,NA,NA,NA,NA,NA,NA,NA,NA,NA,,NA,NA,NA,NA,NA,NA,NA,NA,NA,NA,NA,,NA
EM,1993NL_040,Clupea harengus,NS,NA,22,,,17,1,,NA,NA,,NA,NA,NA,NA,NA,NA,NA,NA,NA,NA,NA,NULL,NA,NA,NA,NA,NA,NA,NA,NA,NA,NA,NA,NA,NA,,NA,NA,NA,NA,NA,NA,NA,NA,NA,NA,NA,,NA
EM,1993NL_040,Clupea harengus,NS,NA,23,,,17,1,,NA,NA,,NA,NA,NA,NA,NA,NA,NA,NA,NA,NA,NA,NULL,NA,NA,NA,NA,NA,NA,NA,NA,NA,NA,NA,NA,NA,,NA,NA,NA,NA,NA,NA,NA,NA,NA,NA,NA,,NA
EM,1993NL_040,Clupea harengus,NS,NA,24,,,17,1,,NA,NA,,NA,NA,NA,NA,NA,NA,NA,NA,NA,NA,NA,NULL,NA,NA,NA,NA,NA,NA,NA,NA,NA,NA,NA,NA,NA,,NA,NA,NA,NA,NA,NA,NA,NA,NA,NA,NA,,NA
EM,1993NL_040,Clupea harengus,NS,NA,26,,,17,1,,NA,NA,,NA,NA,NA,NA,NA,NA,NA,NA,NA,NA,NA,NULL,NA,NA,NA,NA,NA,NA,NA,NA,NA,NA,NA,NA,NA,,NA,NA,NA,NA,NA,NA,NA,NA,NA,NA,NA,,NA
EM,1993NL_040,Clupea harengus,NS,NA,27,,,26,1,,NA,NA,,NA,NA,NA,NA,NA,NA,NA,NA,NA,NA,NA,NULL,NA,NA,NA,NA,NA,NA,NA,NA,NA,NA,NA,NA,NA,,NA,NA,NA,NA,NA,NA,NA,NA,NA,NA,NA,,NA
EM,1993NL_040,Clupea harengus,NS,NA,29,,,9,1,,NA,NA,,NA,NA,NA,NA,NA,NA,NA,NA,NA,NA,NA,NULL,NA,NA,NA,NA,NA,NA,NA,NA,NA,NA,NA,NA,NA,,NA,NA,NA,NA,NA,NA,NA,NA,NA,NA,NA,,NA
EM,1993NL_041,Clupea harengus,NS,NA,15,,,14,1,,NA,NA,,NA,NA,NA,NA,NA,NA,NA,NA,NA,NA,NA,NULL,NA,NA,NA,NA,NA,NA,NA,NA,NA,NA,NA,NA,NA,,NA,NA,NA,NA,NA,NA,NA,NA,NA,NA,NA,,NA
EM,1993NL_041,Clupea harengus,NS,NA,16,,,41,1,,NA,NA,,NA,NA,NA,NA,NA,NA,NA,NA,NA,NA,NA,NULL,NA,NA,NA,NA,NA,NA,NA,NA,NA,NA,NA,NA,NA,,NA,NA,NA,NA,NA,NA,NA,NA,NA,NA,NA,,NA
EM,1993NL_041,Clupea harengus,NS,NA,17,,,41,1,,NA,NA,,NA,NA,NA,NA,NA,NA,NA,NA,NA,NA,NA,NULL,NA,NA,NA,NA,NA,NA,NA,NA,NA,NA,NA,NA,NA,,NA,NA,NA,NA,NA,NA,NA,NA,NA,NA,NA,,NA
EM,1993NL_041,Clupea harengus,NS,NA,18,,,54,1,,NA,NA,,NA,NA,NA,NA,NA,NA,NA,NA,NA,NA,NA,NULL,NA,NA,NA,NA,NA,NA,NA,NA,NA,NA,NA,NA,NA,,NA,NA,NA,NA,NA,NA,NA,NA,NA,NA,NA,,NA
EM,1993NL_041,Clupea harengus,NS,NA,19,,,27,1,,NA,NA,,NA,NA,NA,NA,NA,NA,NA,NA,NA,NA,NA,NULL,NA,NA,NA,NA,NA,NA,NA,NA,NA,NA,NA,NA,NA,,NA,NA,NA,NA,NA,NA,NA,NA,NA,NA,NA,,NA
EM,1993NL_041,Clupea harengus,NS,NA,20,,,41,1,,NA,NA,,NA,NA,NA,NA,NA,NA,NA,NA,NA,NA,NA,NULL,NA,NA,NA,NA,NA,NA,NA,NA,NA,NA,NA,NA,NA,,NA,NA,NA,NA,NA,NA,NA,NA,NA,NA,NA,,NA
EM,1993NL_041,Clupea harengus,NS,NA,21,,,68,1,,NA,NA,,NA,NA,NA,NA,NA,NA,NA,NA,NA,NA,NA,NULL,NA,NA,NA,NA,NA,NA,NA,NA,NA,NA,NA,NA,NA,,NA,NA,NA,NA,NA,NA,NA,NA,NA,NA,NA,,NA
EM,1993NL_041,Clupea harengus,NS,NA,22,,,41,1,,NA,NA,,NA,NA,NA,NA,NA,NA,NA,NA,NA,NA,NA,NULL,NA,NA,NA,NA,NA,NA,NA,NA,NA,NA,NA,NA,NA,,NA,NA,NA,NA,NA,NA,NA,NA,NA,NA,NA,,NA
EM,1993NL_041,Clupea harengus,NS,NA,23,,,27,1,,NA,NA,,NA,NA,NA,NA,NA,NA,NA,NA,NA,NA,NA,NULL,NA,NA,NA,NA,NA,NA,NA,NA,NA,NA,NA,NA,NA,,NA,NA,NA,NA,NA,NA,NA,NA,NA,NA,NA,,NA
EM,1993NL_041,Clupea harengus,NS,NA,24,,,68,1,,NA,NA,,NA,NA,NA,NA,NA,NA,NA,NA,NA,NA,NA,NULL,NA,NA,NA,NA,NA,NA,NA,NA,NA,NA,NA,NA,NA,,NA,NA,NA,NA,NA,NA,NA,NA,NA,NA,NA,,NA
EM,1993NL_041,Clupea harengus,NS,NA,25,,,27,1,,NA,NA,,NA,NA,NA,NA,NA,NA,NA,NA,NA,NA,NA,NULL,NA,NA,NA,NA,NA,NA,NA,NA,NA,NA,NA,NA,NA,,NA,NA,NA,NA,NA,NA,NA,NA,NA,NA,NA,,NA
EM,1993NL_041,Clupea harengus,NS,NA,26,,,27,1,,NA,NA,,NA,NA,NA,NA,NA,NA,NA,NA,NA,NA,NA,NULL,NA,NA,NA,NA,NA,NA,NA,NA,NA,NA,NA,NA,NA,,NA,NA,NA,NA,NA,NA,NA,NA,NA,NA,NA,,NA
