EH,MIK,DE,,NA,NA,06NI,MRN2,NA,1600,MonFilP,NA,NA,2000DE_001,NA,NA,27,1,2000,23,23,58.1655,4.703166667,29,2,2510,NA,NA,NA,3.14,NA,NA,NA,NA,8642,3.333333333,NA,NA,NA,F,NA,100,210.4,NA,NA,NA,NA,NA,NA,NA,NA,45F4,NA
EH,MIK,DE,,NA,NA,06NI,MRN2,NA,1600,MonFilP,NA,NA,2000DE_002,NA,NA,28,1,2000,2,56,58.10566667,3.809166667,22,55,1991,NA,NA,NA,3.14,NA,NA,NA,NA,6787,3.333333333,NA,NA,NA,F,NA,90,95.5,NA,NA,NA,NA,NA,NA,NA,NA,45F3,NA
EH,MIK,DE,,NA,NA,06NI,MRN2,NA,1600,MonFilP,NA,NA,2000DE_003,NA,NA,28,1,2000,5,19,58.31866667,4.343666667,26,27,2419,NA,NA,NA,3.14,NA,NA,NA,NA,6590,3.333333333,NA,NA,NA,F,NA,100,248.8,NA,NA,NA,NA,NA,NA,NA,NA,45F4,NA
EH,MIK,DE,,NA,NA,06NI,MRN2,NA,1600,MonFilP,NA,NA,2000DE_004,NA,NA,28,1,2000,16,39,58.72933333,3.726,24,4,2295,NA,NA,NA,3.14,NA,NA,NA,NA,5362,3.333333333,NA,NA,NA,F,NA,100,261.5,NA,NA,NA,NA,NA,NA,NA,NA,46F3,NA
EH,MIK,DE,,NA,NA,06NI,MRN2,NA,1600,MonFilP,NA,NA,2000DE_005,NA,NA,28,1,2000,18,56,58.5695,3.338,19,0,1176,NA,NA,NA,3.14,NA,NA,NA,NA,4599,3.333333333,NA,NA,NA,F,NA,98.9,114.8,NA,NA,NA,NA,NA,NA,NA,NA,46F3,NA
EH,MIK,DE,,NA,NA,06NI,MRN2,NA,1600,MonFilP,NA,NA,2000DE_006,NA,NA,28,1,2000,20,33,58.344,3.289166667,21,41,1892,NA,NA,NA,3.14,NA,NA,NA,NA,5970,3.333333333,NA,NA,NA,F,NA,97,112.2,NA,NA,NA,NA,NA,NA,NA,NA,45F3,NA
EH,MIK,DE,,NA,NA,06NI,MRN2,NA,1600,MonFilP,NA,NA,2000DE_007,NA,NA,28,1,2000,22,41,58.15016667,2.9005,26,51,2355,NA,NA,NA,3.14,NA,NA,NA,NA,7820,3.333333333,NA,NA,NA,F,NA,72.9,78.5,NA,NA,NA,NA,NA,NA,NA,NA,45F2,NA
EH,MIK,DE,,NA,NA,06NI,MRN2,NA,1600,MonFilP,NA,NA,2000DE_008,NA,NA,29,1,2000,0,45,58.36166667,2.602166667,29,38,2594,NA,NA,NA,3.14,NA,NA,NA,NA,9037,3.333333333,NA,NA,NA,F,NA,65.4,72,NA,NA,NA,NA,NA,NA,NA,NA,45F2,NA
EH,MIK,DE,,NA,NA,06NI,MRN2,NA,1600,MonFilP,NA,NA,2000DE_009,NA,NA,30,1,2000,16,57,58.74183333,1.518166667,24,14,1957,NA,NA,NA,3.14,NA,NA,NA,NA,5479,3.333333333,NA,NA,NA,F,NA,95,109.3,NA,NA,NA,NA,NA,NA,NA,NA,46F1,NA
EH,MIK,DE,,NA,NA,06NI,MRN2,NA,1600,MonFilP,NA,NA,2000DE_010,NA,NA,30,1,2000,18,44,58.90233333,1.884,21,36,1667,NA,NA,NA,3.14,NA,NA,NA,NA,5441,3.333333333,NA,NA,NA,F,NA,94.8,111,NA,NA,NA,NA,NA,NA,NA,NA,46F1,NA
EH,MIK,DE,,NA,NA,06NI,MRN2,NA,1600,MonFilP,NA,NA,2000DE_011,NA,NA,30,1,2000,21,46,59.046,1.423833333,29,4,2272,NA,NA,NA,3.14,NA,NA,NA,NA,8064,3.333333333,NA,NA,NA,F,NA,97.5,123,NA,NA,NA,NA,NA,NA,NA,NA,47F1,NA
EH,MIK,DE,,NA,NA,06NI,MRN2,NA,1600,MonFilP,NA,NA,2000DE_012,NA,NA,31,1,2000,16,32,59.26483333,2.5655,21,26,1518,NA,NA,NA,3.14,NA,NA,NA,NA,4847,3.333333333,NA,NA,NA,F,NA,98.1,129,NA,NA,NA,NA,NA,NA,NA,NA,47F2,NA
EH,MIK,DE,,NA,NA,06NI,MRN2,NA,1600,MonFilP,NA,NA,2000DE_013,NA,NA,31,1,2000,18,4,59.053,2.406,33,45,2906,NA,NA,NA,3.14,NA,NA,NA,NA,8866,3.333333333,NA,NA,NA,F,NA,95.9,119.6,NA,NA,NA,NA,NA,NA,NA,NA,47F2,NA
EH,MIK,DE,,NA,NA,06NI,MRN2,NA,1600,MonFilP,NA,NA,2000DE_014,NA,NA,31,1,2000,19,58,58.786,2.488,35,6,2695,NA,NA,NA,3.14,NA,NA,NA,NA,8890,3.333333333,NA,NA,NA,F,NA,97.8,109.1,NA,NA,NA,NA,NA,NA,NA,NA,46F2,NA
EH,MIK,DE,,NA,NA,06NI,MRN2,NA,1600,MonFilP,NA,NA,2000DE_015,NA,NA,31,1,2000,21,52,58.58766667,2.164166667,30,52,2424,NA,NA,NA,3.14,NA,NA,NA,NA,7374,3.333333333,NA,NA,NA,F,NA,89.9,94.7,NA,NA,NA,NA,NA,NA,NA,NA,46F2,NA
EH,MIK,DE,,NA,NA,06NI,MRN2,NA,1600,MonFilP,NA,NA,2000DE_016,NA,NA,1,2,2000,0,5,58.44716667,1.6535,43,39,3500,NA,NA,NA,3.14,NA,NA,NA,NA,12422,3.333333333,NA,NA,NA,F,NA,98.5,112.3,NA,NA,NA,NA,NA,NA,NA,NA,45F1,NA
EH,MIK,DE,,NA,NA,06NI,MRN2,NA,1600,MonFilP,NA,NA,2000DE_017,NA,NA,1,2,2000,1,58,58.25216667,1.467333333,35,27,3123,NA,NA,NA,3.14,NA,NA,NA,NA,10176,3.333333333,NA,NA,NA,F,NA,95.9,104.4,NA,NA,NA,NA,NA,NA,NA,NA,45F1,NA
EH,MIK,DE,,NA,NA,06NI,MRN2,NA,1600,MonFilP,NA,NA,2000DE_018,NA,NA,1,2,2000,18,13,57.94483333,1.294833333,34,0,2173,NA,NA,NA,3.14,NA,NA,NA,NA,8833,3.333333333,NA,NA,NA,F,NA,99,109.6,NA,NA,NA,NA,NA,NA,NA,NA,44F1,NA
EH,MIK,DE,,NA,NA,06NI,MRN2,NA,1600,MonFilP,NA,NA,2000DE_019,NA,NA,1,2,2000,20,2,57.73266667,1.281333333,23,46,1583,NA,NA,NA,3.14,NA,NA,NA,NA,7421,3.333333333,NA,NA,NA,F,NA,82.3,87.4,NA,NA,NA,NA,NA,NA,NA,NA,44F1,NA
EH,MIK,DE,,NA,NA,06NI,MRN2,NA,1600,MonFilP,NA,NA,2000DE_020,NA,NA,1,2,2000,22,14,57.85083333,0.913,27,56,1966,NA,NA,NA,3.14,NA,NA,NA,NA,4754,3.333333333,NA,NA,NA,F,NA,98.3,137,NA,NA,NA,NA,NA,NA,NA,NA,44F0,NA
EH,MIK,DE,,NA,NA,06NI,MRN2,NA,1600,MonFilP,NA,NA,2000DE_021,NA,NA,2,2,2000,0,31,57.849,0.432666667,34,43,2363,NA,NA,NA,3.14,NA,NA,NA,NA,8398,3.333333333,NA,NA,NA,F,NA,95.2,114.5,NA,NA,NA,NA,NA,NA,NA,NA,44F0,NA
EH,MIK,DE,,NA,NA,06NI,MRN2,NA,1600,MonFilP,NA,NA,2000DE_022,NA,NA,2,2,2000,3,27,58.09433333,0.440333333,26,10,1685,NA,NA,NA,3.14,NA,NA,NA,NA,5596,3.333333333,NA,NA,NA,F,NA,98,149,NA,NA,NA,NA,NA,NA,NA,NA,45F0,NA
EH,MIK,DE,,NA,NA,06NI,MRN2,NA,1600,MonFilP,NA,NA,2000DE_023,NA,NA,3,2,2000,17,22,58.1865,-2.202333333,21,38,1666,NA,NA,NA,3.14,NA,NA,NA,NA,5930,3.333333333,NA,NA,NA,F,NA,66.1,70.7,NA,NA,NA,NA,NA,NA,NA,NA,4.50E+08,NA
EH,MIK,DE,,NA,NA,06NI,MRN2,NA,1600,MonFilP,NA,NA,2000DE_024,NA,NA,3,2,2000,18,59,57.93633333,-2.2605,26,36,2074,NA,NA,NA,3.14,NA,NA,NA,NA,4779,3.333333333,NA,NA,NA,F,NA,82,87.8,NA,NA,NA,NA,NA,NA,NA,NA,4.40E+08,NA
EH,MIK,DE,,NA,NA,06NI,MRN2,NA,1600,MonFilP,NA,NA,2000DE_025,NA,NA,3,2,2000,20,43,57.8955,-2.732166667,16,51,1386,NA,NA,NA,3.14,NA,NA,NA,NA,5312,3.333333333,NA,NA,NA,F,NA,52.2,58.3,NA,NA,NA,NA,NA,NA,NA,NA,4.40E+08,NA
EH,MIK,DE,,NA,NA,06NI,MRN2,NA,1600,MonFilP,NA,NA,2000DE_026,NA,NA,3,2,2000,22,21,57.91316667,-3.207,20,12,1484,NA,NA,NA,3.14,NA,NA,NA,NA,4354,3.333333333,NA,NA,NA,F,NA,61.2,66.5,NA,NA,NA,NA,NA,NA,NA,NA,4.40E+07,NA
EH,MIK,DE,,NA,NA,06NI,MRN2,NA,1600,MonFilP,NA,NA,2000DE_027,NA,NA,4,2,2000,0,5,58.15966667,-3.192333333,20,27,1546,NA,NA,NA,3.14,NA,NA,NA,NA,5210,3.333333333,NA,NA,NA,F,NA,59.1,64.4,NA,NA,NA,NA,NA,NA,NA,NA,4.50E+07,NA
EH,MIK,DE,,NA,NA,06NI,MRN2,NA,1600,MonFilP,NA,NA,2000DE_028,NA,NA,4,2,2000,1,55,58.334,-2.785666667,20,51,1476,NA,NA,NA,3.14,NA,NA,NA,NA,5206,3.333333333,NA,NA,NA,F,NA,51,56.4,NA,NA,NA,NA,NA,NA,NA,NA,4.50E+08,NA
EH,MIK,DE,,NA,NA,06NI,MRN2,NA,1600,MonFilP,NA,NA,2000DE_029,NA,NA,5,2,2000,18,37,61.15433333,0.7875,30,44,2250,NA,NA,NA,3.14,NA,NA,NA,NA,7533,3.333333333,NA,NA,NA,F,NA,99.6,162.9,NA,NA,NA,NA,NA,NA,NA,NA,51F0,NA
EH,MIK,DE,,NA,NA,06NI,MRN2,NA,1600,MonFilP,NA,NA,2000DE_030,NA,NA,6,2,2000,0,48,60.86966667,0.750833333,27,5,1895,NA,NA,NA,3.14,NA,NA,NA,NA,6000,3.333333333,NA,NA,NA,F,NA,98.5,147.3,NA,NA,NA,NA,NA,NA,NA,NA,50F0,NA
EH,MIK,DE,,NA,NA,06NI,MRN2,NA,1600,MonFilP,NA,NA,2000DE_031,NA,NA,6,2,2000,17,33,61.0425,2.4415,30,18,2213,NA,NA,NA,3.14,NA,NA,NA,NA,6463,3.333333333,NA,NA,NA,F,NA,99,146.6,NA,NA,NA,NA,NA,NA,NA,NA,51F2,NA
EH,MIK,DE,,NA,NA,06NI,MRN2,NA,1600,MonFilP,NA,NA,2000DE_032,NA,NA,6,2,2000,19,40,61.04083333,1.9475,31,38,943,NA,NA,NA,3.14,NA,NA,NA,NA,3640,3.333333333,NA,NA,NA,F,NA,98.4,134.6,NA,NA,NA,NA,NA,NA,NA,NA,51F1,NA
EH,MIK,DE,,NA,NA,06NI,MRN2,NA,1600,MonFilP,NA,NA,2000DE_033,NA,NA,7,2,2000,17,35,61.0605,-0.618333333,37,1,2612,NA,NA,NA,3.14,NA,NA,NA,NA,8284,3.333333333,NA,NA,NA,F,NA,99,153.1,NA,NA,NA,NA,NA,NA,NA,NA,5.10E+10,NA
EH,MIK,DE,,NA,NA,06NI,MRN2,NA,1600,MonFilP,NA,NA,2000DE_034,NA,NA,7,2,2000,19,44,61.1465,-1.154833333,46,3,2954,NA,NA,NA,3.14,NA,NA,NA,NA,10597,3.333333333,NA,NA,NA,F,NA,98.2,155.7,NA,NA,NA,NA,NA,NA,NA,NA,5.10E+09,NA
EH,MIK,DE,,NA,NA,06NI,MRN2,NA,1600,MonFilP,NA,NA,2000DE_035,NA,NA,7,2,2000,21,55,60.8835,-1.164333333,22,31,1799,NA,NA,NA,3.14,NA,NA,NA,NA,5536,3.333333333,NA,NA,NA,F,NA,100,107.7,NA,NA,NA,NA,NA,NA,NA,NA,5.00E+09,NA
EH,MIK,DE,,NA,NA,06NI,MRN2,NA,1600,MonFilP,NA,NA,2000DE_036,NA,NA,8,2,2000,0,15,60.77716667,-0.3875,40,53,2719,NA,NA,NA,3.14,NA,NA,NA,NA,9602,3.333333333,NA,NA,NA,F,NA,98.1,141.3,NA,NA,NA,NA,NA,NA,NA,NA,5.00E+10,NA
EH,MIK,DE,,NA,NA,06NI,MRN2,NA,1600,MonFilP,NA,NA,2000DE_037,NA,NA,8,2,2000,2,40,60.45783333,-0.378166667,28,13,2069,NA,NA,NA,3.14,NA,NA,NA,NA,7141,3.333333333,NA,NA,NA,F,NA,83.5,88.5,NA,NA,NA,NA,NA,NA,NA,NA,4.90E+10,NA
EH,MIK,DE,,NA,NA,06NI,MRN2,NA,1600,MonFilP,NA,NA,2000DE_038,NA,NA,8,2,2000,17,6,59.609,-0.820833333,40,4,2816,NA,NA,NA,3.14,NA,NA,NA,NA,9998,3.333333333,NA,NA,NA,F,NA,97.6,128,NA,NA,NA,NA,NA,NA,NA,NA,4.80E+10,NA
EH,MIK,DE,,NA,NA,06NI,MRN2,NA,1600,MonFilP,NA,NA,2000DE_039,NA,NA,8,2,2000,19,30,59.51916667,-1.315333333,27,13,2075,NA,NA,NA,3.14,NA,NA,NA,NA,6519,3.333333333,NA,NA,NA,F,NA,94,98.6,NA,NA,NA,NA,NA,NA,NA,NA,4.80E+09,NA
EH,MIK,DE,,NA,NA,06NI,MRN2,NA,1600,MonFilP,NA,NA,2000DE_040,NA,NA,9,2,2000,17,15,57.83633333,-1.2735,30,8,2242,NA,NA,NA,3.14,NA,NA,NA,NA,7637,3.333333333,NA,NA,NA,F,NA,97.6,108.4,NA,NA,NA,NA,NA,NA,NA,NA,4.40E+09,NA
EH,MIK,DE,,NA,NA,06NI,MRN2,NA,1600,MonFilP,NA,NA,2000DE_041,NA,NA,13,2,2000,19,2,59.08583333,-0.241333333,21,22,1443,NA,NA,NA,3.14,NA,NA,NA,NA,5000,3.333333333,NA,NA,NA,F,NA,99.5,142,NA,NA,NA,NA,NA,NA,NA,NA,4.70E+10,NA
EH,MIK,DE,,NA,NA,06NI,MRN2,NA,1600,MonFilP,NA,NA,2000DE_042,NA,NA,13,2,2000,21,0,58.94866667,0.235833333,23,40,1784,NA,NA,NA,3.14,NA,NA,NA,NA,5949,3.333333333,NA,NA,NA,F,NA,98.2,144.4,NA,NA,NA,NA,NA,NA,NA,NA,46F0,NA
EH,MIK,DE,,NA,NA,06NI,MRN2,NA,1600,MonFilP,NA,NA,2000DE_043,NA,NA,13,2,2000,22,55,58.95083333,0.7195,21,0,1528,NA,NA,NA,3.14,NA,NA,NA,NA,4259,3.333333333,NA,NA,NA,F,NA,99.2,129.6,NA,NA,NA,NA,NA,NA,NA,NA,46F0,NA
EH,MIK,DE,,NA,NA,06NI,MRN2,NA,1600,MonFilP,NA,NA,2000DE_044,NA,NA,14,2,2000,0,58,59.22516667,0.822,28,51,1923,NA,NA,NA,3.14,NA,NA,NA,NA,5078,3.333333333,NA,NA,NA,F,NA,98.7,125.1,NA,NA,NA,NA,NA,NA,NA,NA,47F0,NA
EH,MIK,DE,,NA,NA,06NI,MRN2,NA,1600,MonFilP,NA,NA,2000DE_045,NA,NA,14,2,2000,3,41,59.54483333,1.278833333,28,38,1011,NA,NA,NA,3.14,NA,NA,NA,NA,3612,3.333333333,NA,NA,NA,F,NA,99.6,103.5,NA,NA,NA,NA,NA,NA,NA,NA,48F1,NA
EH,MIK,DE,,NA,NA,06NI,MRN2,NA,1600,MonFilP,NA,NA,2000DE_046,NA,NA,14,2,2000,18,24,59.45983333,3.269833333,21,35,1326,NA,NA,NA,3.14,NA,NA,NA,NA,3686,3.333333333,NA,NA,NA,F,NA,98.1,154.1,NA,NA,NA,NA,NA,NA,NA,NA,47F3,NA
EH,MIK,DE,,NA,NA,06NI,MRN2,NA,1600,MonFilP,NA,NA,2000DE_047,NA,NA,14,2,2000,20,17,59.7005,3.202833333,21,41,1598,NA,NA,NA,3.14,NA,NA,NA,NA,6814,3.333333333,NA,NA,NA,F,NA,98.9,152.9,NA,NA,NA,NA,NA,NA,NA,NA,48F3,NA
EH,MIK,DE,,NA,NA,06NI,MRN2,NA,1600,MonFilP,NA,NA,2000DE_048,NA,NA,14,2,2000,22,23,59.801,2.641666667,29,31,2169,NA,NA,NA,3.14,NA,NA,NA,NA,6926,3.333333333,NA,NA,NA,F,NA,96.8,121.8,NA,NA,NA,NA,NA,NA,NA,NA,48F2,NA
EH,MIK,DE,,NA,NA,06NI,MRN2,NA,1600,MonFilP,NA,NA,2000DE_049,NA,NA,15,2,2000,0,31,60.08,2.625166667,24,3,1523,NA,NA,NA,3.14,NA,NA,NA,NA,5216,3.333333333,NA,NA,NA,F,NA,96.3,109.7,NA,NA,NA,NA,NA,NA,NA,NA,49F2,NA
EH,MIK,DE,,NA,NA,06NI,MRN2,NA,1600,MonFilP,NA,NA,2000DE_050,NA,NA,15,2,2000,2,25,60.09633333,3.159833333,26,33,1444,NA,NA,NA,3.14,NA,NA,NA,NA,5299,3.333333333,NA,NA,NA,F,NA,97.7,152.6,NA,NA,NA,NA,NA,NA,NA,NA,49F3,NA
EH,MIK,DE,,NA,NA,06NI,MRN2,NA,1600,MonFilP,NA,NA,2000DE_051,NA,NA,15,2,2000,18,12,60.536,1.717666667,29,56,2368,NA,NA,NA,3.14,NA,NA,NA,NA,6736,3.333333333,NA,NA,NA,F,NA,96.6,125.1,NA,NA,NA,NA,NA,NA,NA,NA,50F1,NA
EH,MIK,DE,,NA,NA,06NI,MRN2,NA,1600,MonFilP,NA,NA,2000DE_052,NA,NA,15,2,2000,19,58,60.53583333,2.223166667,33,53,2569,NA,NA,NA,3.14,NA,NA,NA,NA,7507,3.333333333,NA,NA,NA,F,NA,99.1,122.6,NA,NA,NA,NA,NA,NA,NA,NA,50F2,NA
EH,MIK,DE,,NA,NA,06NI,MRN2,NA,1600,MonFilP,NA,NA,2000DE_053,NA,NA,15,2,2000,22,28,60.30883333,1.7265,30,27,2287,NA,NA,NA,3.14,NA,NA,NA,NA,7790,3.333333333,NA,NA,NA,F,NA,96.8,111.9,NA,NA,NA,NA,NA,NA,NA,NA,49F1,NA
EH,MIK,DE,,NA,NA,06NI,MRN2,NA,1600,MonFilP,NA,NA,2000DE_054,NA,NA,16,2,2000,1,23,60.32366667,0.8745,32,53,2027,NA,NA,NA,3.14,NA,NA,NA,NA,6725,3.333333333,NA,NA,NA,F,NA,97.8,163.8,NA,NA,NA,NA,NA,NA,NA,NA,49F0,NA
EH,MIK,DE,,NA,NA,06NI,MRN2,NA,1600,MonFilP,NA,NA,2000DE_055,NA,NA,16,2,2000,19,59,58.78616667,-0.163833333,29,22,2204,NA,NA,NA,3.14,NA,NA,NA,NA,6192,3.333333333,NA,NA,NA,F,NA,96.4,126.1,NA,NA,NA,NA,NA,NA,NA,NA,4.60E+10,NA
EH,MIK,DE,,NA,NA,06NI,MRN2,NA,1600,MonFilP,NA,NA,2000DE_056,NA,NA,16,2,2000,22,26,58.4205,0.173666667,25,24,1830,NA,NA,NA,3.14,NA,NA,NA,NA,4708,3.333333333,NA,NA,NA,F,NA,99,144.7,NA,NA,NA,NA,NA,NA,NA,NA,45F0,NA
EH,MIK,DE,,NA,NA,06NI,MRN2,NA,1600,MonFilP,NA,NA,2000DE_057,NA,NA,17,2,2000,0,23,58.41216667,-0.406833333,27,22,1909,NA,NA,NA,3.14,NA,NA,NA,NA,5676,3.333333333,NA,NA,NA,F,NA,99.9,132.9,NA,NA,NA,NA,NA,NA,NA,NA,4.50E+10,NA
EH,MIK,DE,,NA,NA,06NI,MRN2,NA,1600,MonFilP,NA,NA,2000DE_058,NA,NA,17,2,2000,3,3,58.41633333,-1.237833333,29,24,2165,NA,NA,NA,3.14,NA,NA,NA,NA,6323,3.333333333,NA,NA,NA,F,NA,96.5,104.3,NA,NA,NA,NA,NA,NA,NA,NA,4.50E+09,NA
EH,MIK,DE,,NA,NA,06NI,MRN2,NA,1600,MonFilP,NA,NA,2000DE_059,NA,NA,17,2,2000,4,56,58.69416667,-1.2205,29,25,2415,NA,NA,NA,3.14,NA,NA,NA,NA,6254,3.333333333,NA,NA,NA,F,NA,97.4,110.2,NA,NA,NA,NA,NA,NA,NA,NA,4.60E+09,NA
EH,MIK,DE,,NA,NA,06NI,MRN2,NA,1600,MonFilP,NA,NA,2000DE_060,NA,NA,17,2,2000,18,1,57.58516667,-0.168166667,28,59,2242,NA,NA,NA,3.14,NA,NA,NA,NA,7771,3.333333333,NA,NA,NA,F,NA,92.9,101.1,NA,NA,NA,NA,NA,NA,NA,NA,4.40E+10,NA
EH,MIK,DE,,NA,NA,06NI,MRN2,NA,1600,MonFilP,NA,NA,2000DE_061,NA,NA,17,2,2000,20,14,57.34166667,0.297666667,19,35,1598,NA,NA,NA,3.14,NA,NA,NA,NA,3937,3.333333333,NA,NA,NA,F,NA,74.4,80.6,NA,NA,NA,NA,NA,NA,NA,NA,43F0,NA
EH,MIK,DE,,NA,NA,06NI,MRN2,NA,1600,MonFilP,NA,NA,2000DE_062,NA,NA,17,2,2000,22,39,56.93016667,0.525166667,16,13,1331,NA,NA,NA,3.14,NA,NA,NA,NA,2830,3.333333333,NA,NA,NA,F,NA,89,94.1,NA,NA,NA,NA,NA,NA,NA,NA,42F0,NA
EH,MIK,DE,,NA,NA,06NI,MRN2,NA,1600,MonFilP,NA,NA,2000DE_063,NA,NA,18,2,2000,0,44,56.915,1.1525,29,36,2231,NA,NA,NA,3.14,NA,NA,NA,NA,7070,3.333333333,NA,NA,NA,F,NA,83.7,90,NA,NA,NA,NA,NA,NA,NA,NA,42F1,NA
EH,MIK,DE,,NA,NA,06NI,MRN2,NA,1600,MonFilP,NA,NA,2000DE_064,NA,NA,18,2,2000,2,39,57.18083333,1.1625,27,26,2228,NA,NA,NA,3.14,NA,NA,NA,NA,6524,3.333333333,NA,NA,NA,F,NA,82.3,86.9,NA,NA,NA,NA,NA,NA,NA,NA,43F1,NA
EH,MIK,DE,,NA,NA,06NI,MRN2,NA,1600,MonFilP,NA,NA,2000DE_065,NA,NA,18,2,2000,20,34,56.24283333,1.4415,18,13,1312,NA,NA,NA,3.14,NA,NA,NA,NA,3497,3.333333333,NA,NA,NA,F,NA,77.9,82,NA,NA,NA,NA,NA,NA,NA,NA,41F1,NA
EH,MIK,DE,,NA,NA,06NI,MRN2,NA,1600,MonFilP,NA,NA,2000DE_066,NA,NA,18,2,2000,22,41,55.91366667,1.464166667,29,42,2102,NA,NA,NA,3.14,NA,NA,NA,NA,6890,3.333333333,NA,NA,NA,F,NA,78.2,81.5,NA,NA,NA,NA,NA,NA,NA,NA,40F1,NA
EH,MIK,DE,,NA,NA,06NI,MRN2,NA,1600,MonFilP,NA,NA,2000DE_067,NA,NA,19,2,2000,1,9,55.9145,0.763333333,33,39,2546,NA,NA,NA,3.14,NA,NA,NA,NA,9214,3.333333333,NA,NA,NA,F,NA,76.7,82.5,NA,NA,NA,NA,NA,NA,NA,NA,40F0,NA
EH,MIK,DE,,NA,NA,06NI,MRN2,NA,1600,MonFilP,NA,NA,2000DE_068,NA,NA,19,2,2000,3,9,56.1925,0.75,36,13,2962,NA,NA,NA,3.14,NA,NA,NA,NA,9373,3.333333333,NA,NA,NA,F,NA,88.7,96.5,NA,NA,NA,NA,NA,NA,NA,NA,41F0,NA
EH,MIK,DE,,NA,NA,06NI,MRN2,NA,1600,MonFilP,NA,NA,2000DE_069,NA,NA,19,2,2000,19,49,56.04633333,2.064333333,21,8,1717,NA,NA,NA,3.14,NA,NA,NA,NA,3871,3.333333333,NA,NA,NA,F,NA,67.6,83.7,NA,NA,NA,NA,NA,NA,NA,NA,41F2,NA
EH,MIK,DE,,NA,NA,06NI,MRN2,NA,1600,MonFilP,NA,NA,2000DE_070,NA,NA,19,2,2000,22,19,55.7145,2.384166667,18,13,1570,NA,NA,NA,3.14,NA,NA,NA,NA,3686,3.333333333,NA,NA,NA,F,NA,75.3,82.3,NA,NA,NA,NA,NA,NA,NA,NA,40F2,NA
EH,MIK,DE,,NA,NA,06NI,MRN2,NA,1600,MonFilP,NA,NA,2000DE_071,NA,NA,20,2,2000,0,28,55.39983333,2.1345,15,59,1275,NA,NA,NA,3.14,NA,NA,NA,NA,3142,3.333333333,NA,NA,NA,F,NA,38.5,42.9,NA,NA,NA,NA,NA,NA,NA,NA,39F2,NA
EH,MIK,DE,,NA,NA,06NI,MRN2,NA,1600,MonFilP,NA,NA,2000DE_072,NA,NA,20,2,2000,2,4,55.32983333,1.67,15,51,1191,NA,NA,NA,3.14,NA,NA,NA,NA,3185,3.333333333,NA,NA,NA,F,NA,38.3,43.4,NA,NA,NA,NA,NA,NA,NA,NA,39F1,NA
EH,MIK,DE,,NA,NA,06NI,MRN2,NA,1600,MonFilP,NA,NA,2000DE_073,NA,NA,20,2,2000,17,58,55.8825,3.4335,20,10,1538,NA,NA,NA,3.14,NA,NA,NA,NA,4845,3.333333333,NA,NA,NA,F,NA,58.1,64,NA,NA,NA,NA,NA,NA,NA,NA,40F3,NA
EH,MIK,DE,,NA,NA,06NI,MRN2,NA,1600,MonFilP,NA,NA,2000DE_074,NA,NA,20,2,2000,19,42,55.64766667,3.217,20,47,1608,NA,NA,NA,3.14,NA,NA,NA,NA,5749,3.333333333,NA,NA,NA,F,NA,42.3,46.3,NA,NA,NA,NA,NA,NA,NA,NA,40F3,NA
EH,MIK,DE,,NA,NA,06NI,MRN2,NA,1600,MonFilP,NA,NA,2000DE_075,NA,NA,20,2,2000,21,38,55.4615,2.795,14,4,908,NA,NA,NA,3.14,NA,NA,NA,NA,2960,3.333333333,NA,NA,NA,F,NA,36.2,41.7,NA,NA,NA,NA,NA,NA,NA,NA,39F2,NA
EH,MIK,DE,,NA,NA,06NI,MRN2,NA,1600,MonFilP,NA,NA,2000DE_076,NA,NA,20,2,2000,23,38,55.77516667,2.664666667,27,6,1898,NA,NA,NA,3.14,NA,NA,NA,NA,6060,3.333333333,NA,NA,NA,F,NA,74.2,80,NA,NA,NA,NA,NA,NA,NA,NA,40F2,NA
EH,MIK,DE,,NA,NA,06NI,MRN2,NA,1600,MonFilP,NA,NA,2000DE_077,NA,NA,21,2,2000,1,54,56.1015,2.664833333,22,34,1669,NA,NA,NA,3.14,NA,NA,NA,NA,4541,3.333333333,NA,NA,NA,F,NA,73.3,79.9,NA,NA,NA,NA,NA,NA,NA,NA,41F2,NA
EH,MIK,DE,,NA,NA,06NI,MRN2,NA,1600,MonFilP,NA,NA,2000DE_078,NA,NA,21,2,2000,18,8,55.58766667,4.345666667,12,6,942,NA,NA,NA,3.14,NA,NA,NA,NA,2134,3.333333333,NA,NA,NA,F,NA,28,32.8,NA,NA,NA,NA,NA,NA,NA,NA,40F4,NA
EH,MIK,DE,,NA,NA,06NI,MRN2,NA,1600,MonFilP,NA,NA,2000DE_079,NA,NA,21,2,2000,19,43,55.83383333,4.4,23,35,1554,NA,NA,NA,3.14,NA,NA,NA,NA,6264,3.333333333,NA,NA,NA,F,NA,37.8,43.6,NA,NA,NA,NA,NA,NA,NA,NA,40F4,NA
EH,MIK,DE,,NA,NA,06NI,MRN2,NA,1600,MonFilP,NA,NA,2000DE_080,NA,NA,21,2,2000,21,25,56.07433333,4.436333333,24,41,1961,NA,NA,NA,3.14,NA,NA,NA,NA,4912,3.333333333,NA,NA,NA,F,NA,51.3,56.3,NA,NA,NA,NA,NA,NA,NA,NA,41F4,NA
EH,MIK,DE,,NA,NA,06NI,MRN2,NA,1600,MonFilP,NA,NA,2000DE_081,NA,NA,21,2,2000,23,13,56.28466667,4.142,21,17,1553,NA,NA,NA,3.14,NA,NA,NA,NA,4906,3.333333333,NA,NA,NA,F,NA,64.8,70,NA,NA,NA,NA,NA,NA,NA,NA,41F4,NA
EH,MIK,DE,,NA,NA,06NI,MRN2,NA,1600,MonFilP,NA,NA,2000DE_082,NA,NA,22,2,2000,1,1,56.33083333,3.665166667,21,1,1385,NA,NA,NA,3.14,NA,NA,NA,NA,4142,3.333333333,NA,NA,NA,F,NA,60.2,66.9,NA,NA,NA,NA,NA,NA,NA,NA,41F3,NA
EH,MIK,DE,,NA,NA,06NI,MRN2,NA,1600,MonFilP,NA,NA,2000DE_083,NA,NA,22,2,2000,2,40,56.09016667,3.654833333,24,47,1694,NA,NA,NA,3.14,NA,NA,NA,NA,4990,3.333333333,NA,NA,NA,F,NA,69.6,71.4,NA,NA,NA,NA,NA,NA,NA,NA,41F3,NA
EH,MIK,DE,,NA,NA,06NI,MRN2,NA,1600,MonFilP,NA,NA,2000DE_084,NA,NA,28,2,2000,2,40,54.7895,4.471833333,20,10,1388,NA,NA,NA,3.14,NA,NA,NA,NA,4755,3.333333333,NA,NA,NA,F,NA,43.6,49.7,NA,NA,NA,NA,NA,NA,NA,NA,38F4,NA
EH,MIK,DE,,NA,NA,06NI,MRN2,NA,1600,MonFilP,NA,NA,2000DE_085,NA,NA,28,2,2000,17,59,54.8695,5.209333333,15,9,978,NA,NA,NA,3.14,NA,NA,NA,NA,4142,3.333333333,NA,NA,NA,F,NA,37.9,41.2,NA,NA,NA,NA,NA,NA,NA,NA,38F5,NA
EH,MIK,DE,,NA,NA,06NI,MRN2,NA,1600,MonFilP,NA,NA,2000DE_086,NA,NA,28,2,2000,21,8,55.276,4.755833333,17,9,1184,NA,NA,NA,3.14,NA,NA,NA,NA,5056,3.333333333,NA,NA,NA,F,NA,43.5,47.2,NA,NA,NA,NA,NA,NA,NA,NA,39F4,NA
EH,MIK,DE,,NA,NA,06NI,MRN2,NA,1600,MonFilP,NA,NA,2000DE_087,NA,NA,29,2,2000,0,3,55.2725,5.613666667,14,57,1121,NA,NA,NA,3.14,NA,NA,NA,NA,3642,3.333333333,NA,NA,NA,F,NA,46.4,48.8,NA,NA,NA,NA,NA,NA,NA,NA,39F5,NA
EH,MIK,DE,,NA,NA,06NI,MRN2,NA,1600,MonFilP,NA,NA,2000DE_088,NA,NA,29,2,2000,2,10,55.16583333,6.1805,14,28,1018,NA,NA,NA,3.14,NA,NA,NA,NA,3208,3.333333333,NA,NA,NA,F,NA,46,50.6,NA,NA,NA,NA,NA,NA,NA,NA,39F6,NA
EH,MIK,DE,,NA,NA,06NI,MRN2,NA,1600,MonFilP,NA,NA,2000DE_089,NA,NA,29,2,2000,18,25,54.59033333,6.856166667,17,18,1233,NA,NA,NA,3.14,NA,NA,NA,NA,4318,3.333333333,NA,NA,NA,F,NA,35.6,40.4,NA,NA,NA,NA,NA,NA,NA,NA,38F6,NA
EH,MIK,DE,,NA,NA,06NI,MRN2,NA,1600,MonFilP,NA,NA,2000DE_090,NA,NA,29,2,2000,20,27,54.8395,6.5565,16,28,926,NA,NA,NA,3.14,NA,NA,NA,NA,3417,3.333333333,NA,NA,NA,F,NA,39.5,43.7,NA,NA,NA,NA,NA,NA,NA,NA,38F6,NA
EH,MIK,DE,,NA,NA,06NI,MRN2,NA,1600,MonFilP,NA,NA,2000DE_091,NA,NA,29,2,2000,22,4,55.08366667,6.551833333,12,57,1207,NA,NA,NA,3.14,NA,NA,NA,NA,2715,3.333333333,NA,NA,NA,F,NA,37.1,40.9,NA,NA,NA,NA,NA,NA,NA,NA,39F6,NA
EH,MIK,DE,,NA,NA,06NI,MRN2,NA,1600,MonFilP,NA,NA,2000DE_092,NA,NA,1,3,2000,0,51,55.145,7.270166667,11,5,423,NA,NA,NA,3.14,NA,NA,NA,NA,2113,3.333333333,NA,NA,NA,F,NA,17.7,23,NA,NA,NA,NA,NA,NA,NA,NA,39F7,NA
EH,MIK,DE,,NA,NA,06NI,MRN2,NA,1600,MonFilP,NA,NA,2000DE_093,NA,NA,1,3,2000,2,23,55.38916667,7.280833333,12,25,861,NA,NA,NA,3.14,NA,NA,NA,NA,2331,3.333333333,NA,NA,NA,F,NA,24.5,29.3,NA,NA,NA,NA,NA,NA,NA,NA,39F7,NA
EH,MIK,DE,,NA,NA,06NI,MRN2,NA,1600,MonFilP,NA,NA,2000DE_094,NA,NA,1,3,2000,17,59,54.41233333,8.118666667,15,48,1077,NA,NA,NA,3.14,NA,NA,NA,NA,3495,3.333333333,NA,NA,NA,F,NA,15.8,21.3,NA,NA,NA,NA,NA,NA,NA,NA,37F8,NA
EH,MIK,DE,,NA,NA,06NI,MRN2,NA,1600,MonFilP,NA,NA,2000DE_095,NA,NA,1,3,2000,20,17,54.75016667,8.068666667,15,29,1232,NA,NA,NA,3.14,NA,NA,NA,NA,3863,3.333333333,NA,NA,NA,F,NA,20.2,23.5,NA,NA,NA,NA,NA,NA,NA,NA,38F8,NA
EH,MIK,DE,,NA,NA,06NI,MRN2,NA,1600,MonFilP,NA,NA,2000DE_096,NA,NA,1,3,2000,22,16,54.82433333,7.660833333,10,39,873,NA,NA,NA,3.14,NA,NA,NA,NA,3039,3.333333333,NA,NA,NA,F,NA,20.5,23.5,NA,NA,NA,NA,NA,NA,NA,NA,38F7,NA
EH,MIK,DE,,NA,NA,06NI,MRN2,NA,1600,MonFilP,NA,NA,2000DE_097,NA,NA,1,3,2000,23,50,54.61833333,7.468,10,8,857,NA,NA,NA,3.14,NA,NA,NA,NA,2786,3.333333333,NA,NA,NA,F,NA,21.8,26.1,NA,NA,NA,NA,NA,NA,NA,NA,38F7,NA
EM,2000DE_002,Clupea harengus,NS,NA,23,,,1,1,,NA,NA,,NA,NA,NA,NA,NA,NA,NA,NA,NA,NA,NA,NULL,NA,NA,NA,NA,NA,NA,NA,NA,NA,NA,NA,NA,NA,,NA,NA,NA,NA,NA,NA,NA,NA,NA,NA,NA,,NA
EM,2000DE_002,Clupea harengus,NS,NA,25,,,2,1,,NA,NA,,NA,NA,NA,NA,NA,NA,NA,NA,NA,NA,NA,NULL,NA,NA,NA,NA,NA,NA,NA,NA,NA,NA,NA,NA,NA,,NA,NA,NA,NA,NA,NA,NA,NA,NA,NA,NA,,NA
EM,2000DE_002,Clupea harengus,NS,NA,26,,,1,1,,NA,NA,,NA,NA,NA,NA,NA,NA,NA,NA,NA,NA,NA,NULL,NA,NA,NA,NA,NA,NA,NA,NA,NA,NA,NA,NA,NA,,NA,NA,NA,NA,NA,NA,NA,NA,NA,NA,NA,,NA
EM,2000DE_003,Clupea harengus,NS,NA,23,,,1,1,,NA,NA,,NA,NA,NA,NA,NA,NA,NA,NA,NA,NA,NA,NULL,NA,NA,NA,NA,NA,NA,NA,NA,NA,NA,NA,NA,NA,,NA,NA,NA,NA,NA,NA,NA,NA,NA,NA,NA,,NA
EM,2000DE_007,Clupea harengus,NS,NA,21,,,1,1,,NA,NA,,NA,NA,NA,NA,NA,NA,NA,NA,NA,NA,NA,NULL,NA,NA,NA,NA,NA,NA,NA,NA,NA,NA,NA,NA,NA,,NA,NA,NA,NA,NA,NA,NA,NA,NA,NA,NA,,NA
EM,2000DE_007,Clupea harengus,NS,NA,23,,,1,1,,NA,NA,,NA,NA,NA,NA,NA,NA,NA,NA,NA,NA,NA,NULL,NA,NA,NA,NA,NA,NA,NA,NA,NA,NA,NA,NA,NA,,NA,NA,NA,NA,NA,NA,NA,NA,NA,NA,NA,,NA
EM,2000DE_007,Clupea harengus,NS,NA,24,,,1,1,,NA,NA,,NA,NA,NA,NA,NA,NA,NA,NA,NA,NA,NA,NULL,NA,NA,NA,NA,NA,NA,NA,NA,NA,NA,NA,NA,NA,,NA,NA,NA,NA,NA,NA,NA,NA,NA,NA,NA,,NA
EM,2000DE_007,Clupea harengus,NS,NA,27,,,1,1,,NA,NA,,NA,NA,NA,NA,NA,NA,NA,NA,NA,NA,NA,NULL,NA,NA,NA,NA,NA,NA,NA,NA,NA,NA,NA,NA,NA,,NA,NA,NA,NA,NA,NA,NA,NA,NA,NA,NA,,NA
EM,2000DE_007,Clupea harengus,NS,NA,28,,,4,1,,NA,NA,,NA,NA,NA,NA,NA,NA,NA,NA,NA,NA,NA,NULL,NA,NA,NA,NA,NA,NA,NA,NA,NA,NA,NA,NA,NA,,NA,NA,NA,NA,NA,NA,NA,NA,NA,NA,NA,,NA
EM,2000DE_007,Clupea harengus,NS,NA,29,,,2,1,,NA,NA,,NA,NA,NA,NA,NA,NA,NA,NA,NA,NA,NA,NULL,NA,NA,NA,NA,NA,NA,NA,NA,NA,NA,NA,NA,NA,,NA,NA,NA,NA,NA,NA,NA,NA,NA,NA,NA,,NA
EM,2000DE_007,Clupea harengus,NS,NA,30,,,1,1,,NA,NA,,NA,NA,NA,NA,NA,NA,NA,NA,NA,NA,NA,NULL,NA,NA,NA,NA,NA,NA,NA,NA,NA,NA,NA,NA,NA,,NA,NA,NA,NA,NA,NA,NA,NA,NA,NA,NA,,NA
EM,2000DE_008,Clupea harengus,NS,NA,21,,,1,1,,NA,NA,,NA,NA,NA,NA,NA,NA,NA,NA,NA,NA,NA,NULL,NA,NA,NA,NA,NA,NA,NA,NA,NA,NA,NA,NA,NA,,NA,NA,NA,NA,NA,NA,NA,NA,NA,NA,NA,,NA
EM,2000DE_008,Clupea harengus,NS,NA,23,,,2,1,,NA,NA,,NA,NA,NA,NA,NA,NA,NA,NA,NA,NA,NA,NULL,NA,NA,NA,NA,NA,NA,NA,NA,NA,NA,NA,NA,NA,,NA,NA,NA,NA,NA,NA,NA,NA,NA,NA,NA,,NA
EM,2000DE_008,Clupea harengus,NS,NA,24,,,2,1,,NA,NA,,NA,NA,NA,NA,NA,NA,NA,NA,NA,NA,NA,NULL,NA,NA,NA,NA,NA,NA,NA,NA,NA,NA,NA,NA,NA,,NA,NA,NA,NA,NA,NA,NA,NA,NA,NA,NA,,NA
EM,2000DE_008,Clupea harengus,NS,NA,25,,,1,1,,NA,NA,,NA,NA,NA,NA,NA,NA,NA,NA,NA,NA,NA,NULL,NA,NA,NA,NA,NA,NA,NA,NA,NA,NA,NA,NA,NA,,NA,NA,NA,NA,NA,NA,NA,NA,NA,NA,NA,,NA
EM,2000DE_008,Clupea harengus,NS,NA,26,,,2,1,,NA,NA,,NA,NA,NA,NA,NA,NA,NA,NA,NA,NA,NA,NULL,NA,NA,NA,NA,NA,NA,NA,NA,NA,NA,NA,NA,NA,,NA,NA,NA,NA,NA,NA,NA,NA,NA,NA,NA,,NA
EM,2000DE_008,Clupea harengus,NS,NA,27,,,1,1,,NA,NA,,NA,NA,NA,NA,NA,NA,NA,NA,NA,NA,NA,NULL,NA,NA,NA,NA,NA,NA,NA,NA,NA,NA,NA,NA,NA,,NA,NA,NA,NA,NA,NA,NA,NA,NA,NA,NA,,NA
EM,2000DE_009,Clupea harengus,NS,NA,19,,,1,1,,NA,NA,,NA,NA,NA,NA,NA,NA,NA,NA,NA,NA,NA,NULL,NA,NA,NA,NA,NA,NA,NA,NA,NA,NA,NA,NA,NA,,NA,NA,NA,NA,NA,NA,NA,NA,NA,NA,NA,,NA
EM,2000DE_009,Clupea harengus,NS,NA,20,,,2,1,,NA,NA,,NA,NA,NA,NA,NA,NA,NA,NA,NA,NA,NA,NULL,NA,NA,NA,NA,NA,NA,NA,NA,NA,NA,NA,NA,NA,,NA,NA,NA,NA,NA,NA,NA,NA,NA,NA,NA,,NA
EM,2000DE_009,Clupea harengus,NS,NA,22,,,1,1,,NA,NA,,NA,NA,NA,NA,NA,NA,NA,NA,NA,NA,NA,NULL,NA,NA,NA,NA,NA,NA,NA,NA,NA,NA,NA,NA,NA,,NA,NA,NA,NA,NA,NA,NA,NA,NA,NA,NA,,NA
EM,2000DE_009,Clupea harengus,NS,NA,24,,,1,1,,NA,NA,,NA,NA,NA,NA,NA,NA,NA,NA,NA,NA,NA,NULL,NA,NA,NA,NA,NA,NA,NA,NA,NA,NA,NA,NA,NA,,NA,NA,NA,NA,NA,NA,NA,NA,NA,NA,NA,,NA
EM,2000DE_009,Clupea harengus,NS,NA,26,,,2,1,,NA,NA,,NA,NA,NA,NA,NA,NA,NA,NA,NA,NA,NA,NULL,NA,NA,NA,NA,NA,NA,NA,NA,NA,NA,NA,NA,NA,,NA,NA,NA,NA,NA,NA,NA,NA,NA,NA,NA,,NA
EM,2000DE_009,Clupea harengus,NS,NA,27,,,2,1,,NA,NA,,NA,NA,NA,NA,NA,NA,NA,NA,NA,NA,NA,NULL,NA,NA,NA,NA,NA,NA,NA,NA,NA,NA,NA,NA,NA,,NA,NA,NA,NA,NA,NA,NA,NA,NA,NA,NA,,NA
EM,2000DE_010,Clupea harengus,NS,NA,21,,,1,1,,NA,NA,,NA,NA,NA,NA,NA,NA,NA,NA,NA,NA,NA,NULL,NA,NA,NA,NA,NA,NA,NA,NA,NA,NA,NA,NA,NA,,NA,NA,NA,NA,NA,NA,NA,NA,NA,NA,NA,,NA
EM,2000DE_011,Clupea harengus,NS,NA,24,,,1,1,,NA,NA,,NA,NA,NA,NA,NA,NA,NA,NA,NA,NA,NA,NULL,NA,NA,NA,NA,NA,NA,NA,NA,NA,NA,NA,NA,NA,,NA,NA,NA,NA,NA,NA,NA,NA,NA,NA,NA,,NA
EM,2000DE_011,Clupea harengus,NS,NA,25,,,3,1,,NA,NA,,NA,NA,NA,NA,NA,NA,NA,NA,NA,NA,NA,NULL,NA,NA,NA,NA,NA,NA,NA,NA,NA,NA,NA,NA,NA,,NA,NA,NA,NA,NA,NA,NA,NA,NA,NA,NA,,NA
EM,2000DE_011,Clupea harengus,NS,NA,26,,,2,1,,NA,NA,,NA,NA,NA,NA,NA,NA,NA,NA,NA,NA,NA,NULL,NA,NA,NA,NA,NA,NA,NA,NA,NA,NA,NA,NA,NA,,NA,NA,NA,NA,NA,NA,NA,NA,NA,NA,NA,,NA
EM,2000DE_015,Clupea harengus,NS,NA,22,,,3,1.166666667,,NA,NA,,NA,NA,NA,NA,NA,NA,NA,NA,NA,NA,NA,NULL,NA,NA,NA,NA,NA,NA,NA,NA,NA,NA,NA,NA,NA,,NA,NA,NA,NA,NA,NA,NA,NA,NA,NA,NA,,NA
EM,2000DE_015,Clupea harengus,NS,NA,23,,,2,1.166666667,,NA,NA,,NA,NA,NA,NA,NA,NA,NA,NA,NA,NA,NA,NULL,NA,NA,NA,NA,NA,NA,NA,NA,NA,NA,NA,NA,NA,,NA,NA,NA,NA,NA,NA,NA,NA,NA,NA,NA,,NA
EM,2000DE_015,Clupea harengus,NS,NA,24,,,3,1.166666667,,NA,NA,,NA,NA,NA,NA,NA,NA,NA,NA,NA,NA,NA,NULL,NA,NA,NA,NA,NA,NA,NA,NA,NA,NA,NA,NA,NA,,NA,NA,NA,NA,NA,NA,NA,NA,NA,NA,NA,,NA
EM,2000DE_015,Clupea harengus,NS,NA,25,,,3,1.166666667,,NA,NA,,NA,NA,NA,NA,NA,NA,NA,NA,NA,NA,NA,NULL,NA,NA,NA,NA,NA,NA,NA,NA,NA,NA,NA,NA,NA,,NA,NA,NA,NA,NA,NA,NA,NA,NA,NA,NA,,NA
EM,2000DE_015,Clupea harengus,NS,NA,26,,,1,1.166666667,,NA,NA,,NA,NA,NA,NA,NA,NA,NA,NA,NA,NA,NA,NULL,NA,NA,NA,NA,NA,NA,NA,NA,NA,NA,NA,NA,NA,,NA,NA,NA,NA,NA,NA,NA,NA,NA,NA,NA,,NA
EM,2000DE_016,Clupea harengus,NS,NA,19,,,1,1.029411765,,NA,NA,,NA,NA,NA,NA,NA,NA,NA,NA,NA,NA,NA,NULL,NA,NA,NA,NA,NA,NA,NA,NA,NA,NA,NA,NA,NA,,NA,NA,NA,NA,NA,NA,NA,NA,NA,NA,NA,,NA
EM,2000DE_016,Clupea harengus,NS,NA,20,,,2,1.029411765,,NA,NA,,NA,NA,NA,NA,NA,NA,NA,NA,NA,NA,NA,NULL,NA,NA,NA,NA,NA,NA,NA,NA,NA,NA,NA,NA,NA,,NA,NA,NA,NA,NA,NA,NA,NA,NA,NA,NA,,NA
EM,2000DE_016,Clupea harengus,NS,NA,21,,,4,1.029411765,,NA,NA,,NA,NA,NA,NA,NA,NA,NA,NA,NA,NA,NA,NULL,NA,NA,NA,NA,NA,NA,NA,NA,NA,NA,NA,NA,NA,,NA,NA,NA,NA,NA,NA,NA,NA,NA,NA,NA,,NA
EM,2000DE_016,Clupea harengus,NS,NA,22,,,5,1.029411765,,NA,NA,,NA,NA,NA,NA,NA,NA,NA,NA,NA,NA,NA,NULL,NA,NA,NA,NA,NA,NA,NA,NA,NA,NA,NA,NA,NA,,NA,NA,NA,NA,NA,NA,NA,NA,NA,NA,NA,,NA
EM,2000DE_016,Clupea harengus,NS,NA,23,,,4,1.029411765,,NA,NA,,NA,NA,NA,NA,NA,NA,NA,NA,NA,NA,NA,NULL,NA,NA,NA,NA,NA,NA,NA,NA,NA,NA,NA,NA,NA,,NA,NA,NA,NA,NA,NA,NA,NA,NA,NA,NA,,NA
EM,2000DE_016,Clupea harengus,NS,NA,24,,,4,1.029411765,,NA,NA,,NA,NA,NA,NA,NA,NA,NA,NA,NA,NA,NA,NULL,NA,NA,NA,NA,NA,NA,NA,NA,NA,NA,NA,NA,NA,,NA,NA,NA,NA,NA,NA,NA,NA,NA,NA,NA,,NA
EM,2000DE_016,Clupea harengus,NS,NA,25,,,8,1.029411765,,NA,NA,,NA,NA,NA,NA,NA,NA,NA,NA,NA,NA,NA,NULL,NA,NA,NA,NA,NA,NA,NA,NA,NA,NA,NA,NA,NA,,NA,NA,NA,NA,NA,NA,NA,NA,NA,NA,NA,,NA
EM,2000DE_016,Clupea harengus,NS,NA,26,,,6,1.029411765,,NA,NA,,NA,NA,NA,NA,NA,NA,NA,NA,NA,NA,NA,NULL,NA,NA,NA,NA,NA,NA,NA,NA,NA,NA,NA,NA,NA,,NA,NA,NA,NA,NA,NA,NA,NA,NA,NA,NA,,NA
EM,2000DE_017,Clupea harengus,NS,NA,17,,,2,1,,NA,NA,,NA,NA,NA,NA,NA,NA,NA,NA,NA,NA,NA,NULL,NA,NA,NA,NA,NA,NA,NA,NA,NA,NA,NA,NA,NA,,NA,NA,NA,NA,NA,NA,NA,NA,NA,NA,NA,,NA
EM,2000DE_017,Clupea harengus,NS,NA,18,,,3,1,,NA,NA,,NA,NA,NA,NA,NA,NA,NA,NA,NA,NA,NA,NULL,NA,NA,NA,NA,NA,NA,NA,NA,NA,NA,NA,NA,NA,,NA,NA,NA,NA,NA,NA,NA,NA,NA,NA,NA,,NA
EM,2000DE_017,Clupea harengus,NS,NA,19,,,4,1,,NA,NA,,NA,NA,NA,NA,NA,NA,NA,NA,NA,NA,NA,NULL,NA,NA,NA,NA,NA,NA,NA,NA,NA,NA,NA,NA,NA,,NA,NA,NA,NA,NA,NA,NA,NA,NA,NA,NA,,NA
EM,2000DE_017,Clupea harengus,NS,NA,20,,,3,1,,NA,NA,,NA,NA,NA,NA,NA,NA,NA,NA,NA,NA,NA,NULL,NA,NA,NA,NA,NA,NA,NA,NA,NA,NA,NA,NA,NA,,NA,NA,NA,NA,NA,NA,NA,NA,NA,NA,NA,,NA
EM,2000DE_017,Clupea harengus,NS,NA,21,,,8,1,,NA,NA,,NA,NA,NA,NA,NA,NA,NA,NA,NA,NA,NA,NULL,NA,NA,NA,NA,NA,NA,NA,NA,NA,NA,NA,NA,NA,,NA,NA,NA,NA,NA,NA,NA,NA,NA,NA,NA,,NA
EM,2000DE_017,Clupea harengus,NS,NA,22,,,11,1,,NA,NA,,NA,NA,NA,NA,NA,NA,NA,NA,NA,NA,NA,NULL,NA,NA,NA,NA,NA,NA,NA,NA,NA,NA,NA,NA,NA,,NA,NA,NA,NA,NA,NA,NA,NA,NA,NA,NA,,NA
EM,2000DE_017,Clupea harengus,NS,NA,23,,,7,1,,NA,NA,,NA,NA,NA,NA,NA,NA,NA,NA,NA,NA,NA,NULL,NA,NA,NA,NA,NA,NA,NA,NA,NA,NA,NA,NA,NA,,NA,NA,NA,NA,NA,NA,NA,NA,NA,NA,NA,,NA
EM,2000DE_017,Clupea harengus,NS,NA,24,,,9,1,,NA,NA,,NA,NA,NA,NA,NA,NA,NA,NA,NA,NA,NA,NULL,NA,NA,NA,NA,NA,NA,NA,NA,NA,NA,NA,NA,NA,,NA,NA,NA,NA,NA,NA,NA,NA,NA,NA,NA,,NA
EM,2000DE_017,Clupea harengus,NS,NA,25,,,2,1,,NA,NA,,NA,NA,NA,NA,NA,NA,NA,NA,NA,NA,NA,NULL,NA,NA,NA,NA,NA,NA,NA,NA,NA,NA,NA,NA,NA,,NA,NA,NA,NA,NA,NA,NA,NA,NA,NA,NA,,NA
EM,2000DE_017,Clupea harengus,NS,NA,26,,,2,1,,NA,NA,,NA,NA,NA,NA,NA,NA,NA,NA,NA,NA,NA,NULL,NA,NA,NA,NA,NA,NA,NA,NA,NA,NA,NA,NA,NA,,NA,NA,NA,NA,NA,NA,NA,NA,NA,NA,NA,,NA
EM,2000DE_017,Clupea harengus,NS,NA,27,,,1,1,,NA,NA,,NA,NA,NA,NA,NA,NA,NA,NA,NA,NA,NA,NULL,NA,NA,NA,NA,NA,NA,NA,NA,NA,NA,NA,NA,NA,,NA,NA,NA,NA,NA,NA,NA,NA,NA,NA,NA,,NA
EM,2000DE_018,Clupea harengus,NS,NA,21,,,2,1,,NA,NA,,NA,NA,NA,NA,NA,NA,NA,NA,NA,NA,NA,NULL,NA,NA,NA,NA,NA,NA,NA,NA,NA,NA,NA,NA,NA,,NA,NA,NA,NA,NA,NA,NA,NA,NA,NA,NA,,NA
EM,2000DE_018,Clupea harengus,NS,NA,22,,,2,1,,NA,NA,,NA,NA,NA,NA,NA,NA,NA,NA,NA,NA,NA,NULL,NA,NA,NA,NA,NA,NA,NA,NA,NA,NA,NA,NA,NA,,NA,NA,NA,NA,NA,NA,NA,NA,NA,NA,NA,,NA
EM,2000DE_018,Clupea harengus,NS,NA,23,,,3,1,,NA,NA,,NA,NA,NA,NA,NA,NA,NA,NA,NA,NA,NA,NULL,NA,NA,NA,NA,NA,NA,NA,NA,NA,NA,NA,NA,NA,,NA,NA,NA,NA,NA,NA,NA,NA,NA,NA,NA,,NA
EM,2000DE_018,Clupea harengus,NS,NA,24,,,4,1,,NA,NA,,NA,NA,NA,NA,NA,NA,NA,NA,NA,NA,NA,NULL,NA,NA,NA,NA,NA,NA,NA,NA,NA,NA,NA,NA,NA,,NA,NA,NA,NA,NA,NA,NA,NA,NA,NA,NA,,NA
EM,2000DE_018,Clupea harengus,NS,NA,25,,,3,1,,NA,NA,,NA,NA,NA,NA,NA,NA,NA,NA,NA,NA,NA,NULL,NA,NA,NA,NA,NA,NA,NA,NA,NA,NA,NA,NA,NA,,NA,NA,NA,NA,NA,NA,NA,NA,NA,NA,NA,,NA
EM,2000DE_018,Clupea harengus,NS,NA,26,,,7,1,,NA,NA,,NA,NA,NA,NA,NA,NA,NA,NA,NA,NA,NA,NULL,NA,NA,NA,NA,NA,NA,NA,NA,NA,NA,NA,NA,NA,,NA,NA,NA,NA,NA,NA,NA,NA,NA,NA,NA,,NA
EM,2000DE_018,Clupea harengus,NS,NA,27,,,4,1,,NA,NA,,NA,NA,NA,NA,NA,NA,NA,NA,NA,NA,NA,NULL,NA,NA,NA,NA,NA,NA,NA,NA,NA,NA,NA,NA,NA,,NA,NA,NA,NA,NA,NA,NA,NA,NA,NA,NA,,NA
EM,2000DE_018,Clupea harengus,NS,NA,28,,,1,1,,NA,NA,,NA,NA,NA,NA,NA,NA,NA,NA,NA,NA,NA,NULL,NA,NA,NA,NA,NA,NA,NA,NA,NA,NA,NA,NA,NA,,NA,NA,NA,NA,NA,NA,NA,NA,NA,NA,NA,,NA
EM,2000DE_018,Clupea harengus,NS,NA,31,,,1,1,,NA,NA,,NA,NA,NA,NA,NA,NA,NA,NA,NA,NA,NA,NULL,NA,NA,NA,NA,NA,NA,NA,NA,NA,NA,NA,NA,NA,,NA,NA,NA,NA,NA,NA,NA,NA,NA,NA,NA,,NA
EM,2000DE_019,Clupea harengus,NS,NA,22,,,4,1,,NA,NA,,NA,NA,NA,NA,NA,NA,NA,NA,NA,NA,NA,NULL,NA,NA,NA,NA,NA,NA,NA,NA,NA,NA,NA,NA,NA,,NA,NA,NA,NA,NA,NA,NA,NA,NA,NA,NA,,NA
EM,2000DE_019,Clupea harengus,NS,NA,23,,,4,1,,NA,NA,,NA,NA,NA,NA,NA,NA,NA,NA,NA,NA,NA,NULL,NA,NA,NA,NA,NA,NA,NA,NA,NA,NA,NA,NA,NA,,NA,NA,NA,NA,NA,NA,NA,NA,NA,NA,NA,,NA
EM,2000DE_019,Clupea harengus,NS,NA,24,,,4,1,,NA,NA,,NA,NA,NA,NA,NA,NA,NA,NA,NA,NA,NA,NULL,NA,NA,NA,NA,NA,NA,NA,NA,NA,NA,NA,NA,NA,,NA,NA,NA,NA,NA,NA,NA,NA,NA,NA,NA,,NA
EM,2000DE_019,Clupea harengus,NS,NA,25,,,3,1,,NA,NA,,NA,NA,NA,NA,NA,NA,NA,NA,NA,NA,NA,NULL,NA,NA,NA,NA,NA,NA,NA,NA,NA,NA,NA,NA,NA,,NA,NA,NA,NA,NA,NA,NA,NA,NA,NA,NA,,NA
EM,2000DE_019,Clupea harengus,NS,NA,26,,,5,1,,NA,NA,,NA,NA,NA,NA,NA,NA,NA,NA,NA,NA,NA,NULL,NA,NA,NA,NA,NA,NA,NA,NA,NA,NA,NA,NA,NA,,NA,NA,NA,NA,NA,NA,NA,NA,NA,NA,NA,,NA
EM,2000DE_019,Clupea harengus,NS,NA,28,,,2,1,,NA,NA,,NA,NA,NA,NA,NA,NA,NA,NA,NA,NA,NA,NULL,NA,NA,NA,NA,NA,NA,NA,NA,NA,NA,NA,NA,NA,,NA,NA,NA,NA,NA,NA,NA,NA,NA,NA,NA,,NA
EM,2000DE_020,Clupea harengus,NS,NA,20,,,1,1,,NA,NA,,NA,NA,NA,NA,NA,NA,NA,NA,NA,NA,NA,NULL,NA,NA,NA,NA,NA,NA,NA,NA,NA,NA,NA,NA,NA,,NA,NA,NA,NA,NA,NA,NA,NA,NA,NA,NA,,NA
EM,2000DE_020,Clupea harengus,NS,NA,21,,,2,1,,NA,NA,,NA,NA,NA,NA,NA,NA,NA,NA,NA,NA,NA,NULL,NA,NA,NA,NA,NA,NA,NA,NA,NA,NA,NA,NA,NA,,NA,NA,NA,NA,NA,NA,NA,NA,NA,NA,NA,,NA
EM,2000DE_020,Clupea harengus,NS,NA,22,,,2,1,,NA,NA,,NA,NA,NA,NA,NA,NA,NA,NA,NA,NA,NA,NULL,NA,NA,NA,NA,NA,NA,NA,NA,NA,NA,NA,NA,NA,,NA,NA,NA,NA,NA,NA,NA,NA,NA,NA,NA,,NA
EM,2000DE_020,Clupea harengus,NS,NA,24,,,1,1,,NA,NA,,NA,NA,NA,NA,NA,NA,NA,NA,NA,NA,NA,NULL,NA,NA,NA,NA,NA,NA,NA,NA,NA,NA,NA,NA,NA,,NA,NA,NA,NA,NA,NA,NA,NA,NA,NA,NA,,NA
EM,2000DE_020,Clupea harengus,NS,NA,25,,,3,1,,NA,NA,,NA,NA,NA,NA,NA,NA,NA,NA,NA,NA,NA,NULL,NA,NA,NA,NA,NA,NA,NA,NA,NA,NA,NA,NA,NA,,NA,NA,NA,NA,NA,NA,NA,NA,NA,NA,NA,,NA
EM,2000DE_020,Clupea harengus,NS,NA,26,,,1,1,,NA,NA,,NA,NA,NA,NA,NA,NA,NA,NA,NA,NA,NA,NULL,NA,NA,NA,NA,NA,NA,NA,NA,NA,NA,NA,NA,NA,,NA,NA,NA,NA,NA,NA,NA,NA,NA,NA,NA,,NA
EM,2000DE_021,Clupea harengus,NS,NA,23,,,1,1,,NA,NA,,NA,NA,NA,NA,NA,NA,NA,NA,NA,NA,NA,NULL,NA,NA,NA,NA,NA,NA,NA,NA,NA,NA,NA,NA,NA,,NA,NA,NA,NA,NA,NA,NA,NA,NA,NA,NA,,NA
EM,2000DE_021,Clupea harengus,NS,NA,26,,,1,1,,NA,NA,,NA,NA,NA,NA,NA,NA,NA,NA,NA,NA,NA,NULL,NA,NA,NA,NA,NA,NA,NA,NA,NA,NA,NA,NA,NA,,NA,NA,NA,NA,NA,NA,NA,NA,NA,NA,NA,,NA
EM,2000DE_021,Clupea harengus,NS,NA,27,,,2,1,,NA,NA,,NA,NA,NA,NA,NA,NA,NA,NA,NA,NA,NA,NULL,NA,NA,NA,NA,NA,NA,NA,NA,NA,NA,NA,NA,NA,,NA,NA,NA,NA,NA,NA,NA,NA,NA,NA,NA,,NA
EM,2000DE_021,Clupea harengus,NS,NA,29,,,1,1,,NA,NA,,NA,NA,NA,NA,NA,NA,NA,NA,NA,NA,NA,NULL,NA,NA,NA,NA,NA,NA,NA,NA,NA,NA,NA,NA,NA,,NA,NA,NA,NA,NA,NA,NA,NA,NA,NA,NA,,NA
EM,2000DE_021,Clupea harengus,NS,NA,31,,,1,1,,NA,NA,,NA,NA,NA,NA,NA,NA,NA,NA,NA,NA,NA,NULL,NA,NA,NA,NA,NA,NA,NA,NA,NA,NA,NA,NA,NA,,NA,NA,NA,NA,NA,NA,NA,NA,NA,NA,NA,,NA
EM,2000DE_022,Clupea harengus,NS,NA,20,,,1,1,,NA,NA,,NA,NA,NA,NA,NA,NA,NA,NA,NA,NA,NA,NULL,NA,NA,NA,NA,NA,NA,NA,NA,NA,NA,NA,NA,NA,,NA,NA,NA,NA,NA,NA,NA,NA,NA,NA,NA,,NA
EM,2000DE_022,Clupea harengus,NS,NA,26,,,1,1,,NA,NA,,NA,NA,NA,NA,NA,NA,NA,NA,NA,NA,NA,NULL,NA,NA,NA,NA,NA,NA,NA,NA,NA,NA,NA,NA,NA,,NA,NA,NA,NA,NA,NA,NA,NA,NA,NA,NA,,NA
EM,2000DE_022,Clupea harengus,NS,NA,29,,,1,1,,NA,NA,,NA,NA,NA,NA,NA,NA,NA,NA,NA,NA,NA,NULL,NA,NA,NA,NA,NA,NA,NA,NA,NA,NA,NA,NA,NA,,NA,NA,NA,NA,NA,NA,NA,NA,NA,NA,NA,,NA
EM,2000DE_023,Clupea harengus,NS,NA,21,,,1,1,,NA,NA,,NA,NA,NA,NA,NA,NA,NA,NA,NA,NA,NA,NULL,NA,NA,NA,NA,NA,NA,NA,NA,NA,NA,NA,NA,NA,,NA,NA,NA,NA,NA,NA,NA,NA,NA,NA,NA,,NA
EM,2000DE_023,Clupea harengus,NS,NA,23,,,2,1,,NA,NA,,NA,NA,NA,NA,NA,NA,NA,NA,NA,NA,NA,NULL,NA,NA,NA,NA,NA,NA,NA,NA,NA,NA,NA,NA,NA,,NA,NA,NA,NA,NA,NA,NA,NA,NA,NA,NA,,NA
EM,2000DE_023,Clupea harengus,NS,NA,24,,,4,1,,NA,NA,,NA,NA,NA,NA,NA,NA,NA,NA,NA,NA,NA,NULL,NA,NA,NA,NA,NA,NA,NA,NA,NA,NA,NA,NA,NA,,NA,NA,NA,NA,NA,NA,NA,NA,NA,NA,NA,,NA
EM,2000DE_023,Clupea harengus,NS,NA,25,,,2,1,,NA,NA,,NA,NA,NA,NA,NA,NA,NA,NA,NA,NA,NA,NULL,NA,NA,NA,NA,NA,NA,NA,NA,NA,NA,NA,NA,NA,,NA,NA,NA,NA,NA,NA,NA,NA,NA,NA,NA,,NA
EM,2000DE_023,Clupea harengus,NS,NA,28,,,1,1,,NA,NA,,NA,NA,NA,NA,NA,NA,NA,NA,NA,NA,NA,NULL,NA,NA,NA,NA,NA,NA,NA,NA,NA,NA,NA,NA,NA,,NA,NA,NA,NA,NA,NA,NA,NA,NA,NA,NA,,NA
EM,2000DE_023,Clupea harengus,NS,NA,29,,,1,1,,NA,NA,,NA,NA,NA,NA,NA,NA,NA,NA,NA,NA,NA,NULL,NA,NA,NA,NA,NA,NA,NA,NA,NA,NA,NA,NA,NA,,NA,NA,NA,NA,NA,NA,NA,NA,NA,NA,NA,,NA
EM,2000DE_023,Clupea harengus,NS,NA,32,,,1,1,,NA,NA,,NA,NA,NA,NA,NA,NA,NA,NA,NA,NA,NA,NULL,NA,NA,NA,NA,NA,NA,NA,NA,NA,NA,NA,NA,NA,,NA,NA,NA,NA,NA,NA,NA,NA,NA,NA,NA,,NA
EM,2000DE_024,Clupea harengus,NS,NA,20,,,1,1,,NA,NA,,NA,NA,NA,NA,NA,NA,NA,NA,NA,NA,NA,NULL,NA,NA,NA,NA,NA,NA,NA,NA,NA,NA,NA,NA,NA,,NA,NA,NA,NA,NA,NA,NA,NA,NA,NA,NA,,NA
EM,2000DE_024,Clupea harengus,NS,NA,21,,,1,1,,NA,NA,,NA,NA,NA,NA,NA,NA,NA,NA,NA,NA,NA,NULL,NA,NA,NA,NA,NA,NA,NA,NA,NA,NA,NA,NA,NA,,NA,NA,NA,NA,NA,NA,NA,NA,NA,NA,NA,,NA
EM,2000DE_024,Clupea harengus,NS,NA,22,,,2,1,,NA,NA,,NA,NA,NA,NA,NA,NA,NA,NA,NA,NA,NA,NULL,NA,NA,NA,NA,NA,NA,NA,NA,NA,NA,NA,NA,NA,,NA,NA,NA,NA,NA,NA,NA,NA,NA,NA,NA,,NA
EM,2000DE_024,Clupea harengus,NS,NA,23,,,6,1,,NA,NA,,NA,NA,NA,NA,NA,NA,NA,NA,NA,NA,NA,NULL,NA,NA,NA,NA,NA,NA,NA,NA,NA,NA,NA,NA,NA,,NA,NA,NA,NA,NA,NA,NA,NA,NA,NA,NA,,NA
EM,2000DE_024,Clupea harengus,NS,NA,24,,,7,1,,NA,NA,,NA,NA,NA,NA,NA,NA,NA,NA,NA,NA,NA,NULL,NA,NA,NA,NA,NA,NA,NA,NA,NA,NA,NA,NA,NA,,NA,NA,NA,NA,NA,NA,NA,NA,NA,NA,NA,,NA
EM,2000DE_024,Clupea harengus,NS,NA,25,,,6,1,,NA,NA,,NA,NA,NA,NA,NA,NA,NA,NA,NA,NA,NA,NULL,NA,NA,NA,NA,NA,NA,NA,NA,NA,NA,NA,NA,NA,,NA,NA,NA,NA,NA,NA,NA,NA,NA,NA,NA,,NA
EM,2000DE_024,Clupea harengus,NS,NA,26,,,4,1,,NA,NA,,NA,NA,NA,NA,NA,NA,NA,NA,NA,NA,NA,NULL,NA,NA,NA,NA,NA,NA,NA,NA,NA,NA,NA,NA,NA,,NA,NA,NA,NA,NA,NA,NA,NA,NA,NA,NA,,NA
EM,2000DE_024,Clupea harengus,NS,NA,27,,,3,1,,NA,NA,,NA,NA,NA,NA,NA,NA,NA,NA,NA,NA,NA,NULL,NA,NA,NA,NA,NA,NA,NA,NA,NA,NA,NA,NA,NA,,NA,NA,NA,NA,NA,NA,NA,NA,NA,NA,NA,,NA
EM,2000DE_024,Clupea harengus,NS,NA,28,,,2,1,,NA,NA,,NA,NA,NA,NA,NA,NA,NA,NA,NA,NA,NA,NULL,NA,NA,NA,NA,NA,NA,NA,NA,NA,NA,NA,NA,NA,,NA,NA,NA,NA,NA,NA,NA,NA,NA,NA,NA,,NA
EM,2000DE_024,Clupea harengus,NS,NA,29,,,2,1,,NA,NA,,NA,NA,NA,NA,NA,NA,NA,NA,NA,NA,NA,NULL,NA,NA,NA,NA,NA,NA,NA,NA,NA,NA,NA,NA,NA,,NA,NA,NA,NA,NA,NA,NA,NA,NA,NA,NA,,NA
EM,2000DE_024,Clupea harengus,NS,NA,31,,,2,1,,NA,NA,,NA,NA,NA,NA,NA,NA,NA,NA,NA,NA,NA,NULL,NA,NA,NA,NA,NA,NA,NA,NA,NA,NA,NA,NA,NA,,NA,NA,NA,NA,NA,NA,NA,NA,NA,NA,NA,,NA
EM,2000DE_025,Clupea harengus,NS,NA,18,,,2,1,,NA,NA,,NA,NA,NA,NA,NA,NA,NA,NA,NA,NA,NA,NULL,NA,NA,NA,NA,NA,NA,NA,NA,NA,NA,NA,NA,NA,,NA,NA,NA,NA,NA,NA,NA,NA,NA,NA,NA,,NA
EM,2000DE_025,Clupea harengus,NS,NA,19,,,1,1,,NA,NA,,NA,NA,NA,NA,NA,NA,NA,NA,NA,NA,NA,NULL,NA,NA,NA,NA,NA,NA,NA,NA,NA,NA,NA,NA,NA,,NA,NA,NA,NA,NA,NA,NA,NA,NA,NA,NA,,NA
EM,2000DE_025,Clupea harengus,NS,NA,20,,,1,1,,NA,NA,,NA,NA,NA,NA,NA,NA,NA,NA,NA,NA,NA,NULL,NA,NA,NA,NA,NA,NA,NA,NA,NA,NA,NA,NA,NA,,NA,NA,NA,NA,NA,NA,NA,NA,NA,NA,NA,,NA
EM,2000DE_025,Clupea harengus,NS,NA,21,,,8,1,,NA,NA,,NA,NA,NA,NA,NA,NA,NA,NA,NA,NA,NA,NULL,NA,NA,NA,NA,NA,NA,NA,NA,NA,NA,NA,NA,NA,,NA,NA,NA,NA,NA,NA,NA,NA,NA,NA,NA,,NA
EM,2000DE_025,Clupea harengus,NS,NA,22,,,1,1,,NA,NA,,NA,NA,NA,NA,NA,NA,NA,NA,NA,NA,NA,NULL,NA,NA,NA,NA,NA,NA,NA,NA,NA,NA,NA,NA,NA,,NA,NA,NA,NA,NA,NA,NA,NA,NA,NA,NA,,NA
EM,2000DE_025,Clupea harengus,NS,NA,23,,,8,1,,NA,NA,,NA,NA,NA,NA,NA,NA,NA,NA,NA,NA,NA,NULL,NA,NA,NA,NA,NA,NA,NA,NA,NA,NA,NA,NA,NA,,NA,NA,NA,NA,NA,NA,NA,NA,NA,NA,NA,,NA
EM,2000DE_025,Clupea harengus,NS,NA,24,,,18,1,,NA,NA,,NA,NA,NA,NA,NA,NA,NA,NA,NA,NA,NA,NULL,NA,NA,NA,NA,NA,NA,NA,NA,NA,NA,NA,NA,NA,,NA,NA,NA,NA,NA,NA,NA,NA,NA,NA,NA,,NA
EM,2000DE_025,Clupea harengus,NS,NA,25,,,15,1,,NA,NA,,NA,NA,NA,NA,NA,NA,NA,NA,NA,NA,NA,NULL,NA,NA,NA,NA,NA,NA,NA,NA,NA,NA,NA,NA,NA,,NA,NA,NA,NA,NA,NA,NA,NA,NA,NA,NA,,NA
EM,2000DE_025,Clupea harengus,NS,NA,26,,,14,1,,NA,NA,,NA,NA,NA,NA,NA,NA,NA,NA,NA,NA,NA,NULL,NA,NA,NA,NA,NA,NA,NA,NA,NA,NA,NA,NA,NA,,NA,NA,NA,NA,NA,NA,NA,NA,NA,NA,NA,,NA
EM,2000DE_025,Clupea harengus,NS,NA,27,,,14,1,,NA,NA,,NA,NA,NA,NA,NA,NA,NA,NA,NA,NA,NA,NULL,NA,NA,NA,NA,NA,NA,NA,NA,NA,NA,NA,NA,NA,,NA,NA,NA,NA,NA,NA,NA,NA,NA,NA,NA,,NA
EM,2000DE_025,Clupea harengus,NS,NA,28,,,4,1,,NA,NA,,NA,NA,NA,NA,NA,NA,NA,NA,NA,NA,NA,NULL,NA,NA,NA,NA,NA,NA,NA,NA,NA,NA,NA,NA,NA,,NA,NA,NA,NA,NA,NA,NA,NA,NA,NA,NA,,NA
EM,2000DE_025,Clupea harengus,NS,NA,29,,,7,1,,NA,NA,,NA,NA,NA,NA,NA,NA,NA,NA,NA,NA,NA,NULL,NA,NA,NA,NA,NA,NA,NA,NA,NA,NA,NA,NA,NA,,NA,NA,NA,NA,NA,NA,NA,NA,NA,NA,NA,,NA
EM,2000DE_025,Clupea harengus,NS,NA,30,,,2,1,,NA,NA,,NA,NA,NA,NA,NA,NA,NA,NA,NA,NA,NA,NULL,NA,NA,NA,NA,NA,NA,NA,NA,NA,NA,NA,NA,NA,,NA,NA,NA,NA,NA,NA,NA,NA,NA,NA,NA,,NA
EM,2000DE_025,Clupea harengus,NS,NA,32,,,1,1,,NA,NA,,NA,NA,NA,NA,NA,NA,NA,NA,NA,NA,NA,NULL,NA,NA,NA,NA,NA,NA,NA,NA,NA,NA,NA,NA,NA,,NA,NA,NA,NA,NA,NA,NA,NA,NA,NA,NA,,NA
EM,2000DE_026,Clupea harengus,NS,NA,19,,,1,1,,NA,NA,,NA,NA,NA,NA,NA,NA,NA,NA,NA,NA,NA,NULL,NA,NA,NA,NA,NA,NA,NA,NA,NA,NA,NA,NA,NA,,NA,NA,NA,NA,NA,NA,NA,NA,NA,NA,NA,,NA
EM,2000DE_026,Clupea harengus,NS,NA,20,,,6,1,,NA,NA,,NA,NA,NA,NA,NA,NA,NA,NA,NA,NA,NA,NULL,NA,NA,NA,NA,NA,NA,NA,NA,NA,NA,NA,NA,NA,,NA,NA,NA,NA,NA,NA,NA,NA,NA,NA,NA,,NA
EM,2000DE_026,Clupea harengus,NS,NA,21,,,11,1,,NA,NA,,NA,NA,NA,NA,NA,NA,NA,NA,NA,NA,NA,NULL,NA,NA,NA,NA,NA,NA,NA,NA,NA,NA,NA,NA,NA,,NA,NA,NA,NA,NA,NA,NA,NA,NA,NA,NA,,NA
EM,2000DE_026,Clupea harengus,NS,NA,22,,,15,1,,NA,NA,,NA,NA,NA,NA,NA,NA,NA,NA,NA,NA,NA,NULL,NA,NA,NA,NA,NA,NA,NA,NA,NA,NA,NA,NA,NA,,NA,NA,NA,NA,NA,NA,NA,NA,NA,NA,NA,,NA
EM,2000DE_026,Clupea harengus,NS,NA,23,,,21,1,,NA,NA,,NA,NA,NA,NA,NA,NA,NA,NA,NA,NA,NA,NULL,NA,NA,NA,NA,NA,NA,NA,NA,NA,NA,NA,NA,NA,,NA,NA,NA,NA,NA,NA,NA,NA,NA,NA,NA,,NA
EM,2000DE_026,Clupea harengus,NS,NA,24,,,14,1,,NA,NA,,NA,NA,NA,NA,NA,NA,NA,NA,NA,NA,NA,NULL,NA,NA,NA,NA,NA,NA,NA,NA,NA,NA,NA,NA,NA,,NA,NA,NA,NA,NA,NA,NA,NA,NA,NA,NA,,NA
EM,2000DE_026,Clupea harengus,NS,NA,25,,,21,1,,NA,NA,,NA,NA,NA,NA,NA,NA,NA,NA,NA,NA,NA,NULL,NA,NA,NA,NA,NA,NA,NA,NA,NA,NA,NA,NA,NA,,NA,NA,NA,NA,NA,NA,NA,NA,NA,NA,NA,,NA
EM,2000DE_026,Clupea harengus,NS,NA,26,,,15,1,,NA,NA,,NA,NA,NA,NA,NA,NA,NA,NA,NA,NA,NA,NULL,NA,NA,NA,NA,NA,NA,NA,NA,NA,NA,NA,NA,NA,,NA,NA,NA,NA,NA,NA,NA,NA,NA,NA,NA,,NA
EM,2000DE_026,Clupea harengus,NS,NA,27,,,10,1,,NA,NA,,NA,NA,NA,NA,NA,NA,NA,NA,NA,NA,NA,NULL,NA,NA,NA,NA,NA,NA,NA,NA,NA,NA,NA,NA,NA,,NA,NA,NA,NA,NA,NA,NA,NA,NA,NA,NA,,NA
EM,2000DE_026,Clupea harengus,NS,NA,28,,,4,1,,NA,NA,,NA,NA,NA,NA,NA,NA,NA,NA,NA,NA,NA,NULL,NA,NA,NA,NA,NA,NA,NA,NA,NA,NA,NA,NA,NA,,NA,NA,NA,NA,NA,NA,NA,NA,NA,NA,NA,,NA
EM,2000DE_026,Clupea harengus,NS,NA,29,,,10,1,,NA,NA,,NA,NA,NA,NA,NA,NA,NA,NA,NA,NA,NA,NULL,NA,NA,NA,NA,NA,NA,NA,NA,NA,NA,NA,NA,NA,,NA,NA,NA,NA,NA,NA,NA,NA,NA,NA,NA,,NA
EM,2000DE_026,Clupea harengus,NS,NA,30,,,2,1,,NA,NA,,NA,NA,NA,NA,NA,NA,NA,NA,NA,NA,NA,NULL,NA,NA,NA,NA,NA,NA,NA,NA,NA,NA,NA,NA,NA,,NA,NA,NA,NA,NA,NA,NA,NA,NA,NA,NA,,NA
EM,2000DE_026,Clupea harengus,NS,NA,31,,,1,1,,NA,NA,,NA,NA,NA,NA,NA,NA,NA,NA,NA,NA,NA,NULL,NA,NA,NA,NA,NA,NA,NA,NA,NA,NA,NA,NA,NA,,NA,NA,NA,NA,NA,NA,NA,NA,NA,NA,NA,,NA
EM,2000DE_027,Clupea harengus,NS,NA,19,,,1,1,,NA,NA,,NA,NA,NA,NA,NA,NA,NA,NA,NA,NA,NA,NULL,NA,NA,NA,NA,NA,NA,NA,NA,NA,NA,NA,NA,NA,,NA,NA,NA,NA,NA,NA,NA,NA,NA,NA,NA,,NA
EM,2000DE_027,Clupea harengus,NS,NA,20,,,2,1,,NA,NA,,NA,NA,NA,NA,NA,NA,NA,NA,NA,NA,NA,NULL,NA,NA,NA,NA,NA,NA,NA,NA,NA,NA,NA,NA,NA,,NA,NA,NA,NA,NA,NA,NA,NA,NA,NA,NA,,NA
EM,2000DE_027,Clupea harengus,NS,NA,21,,,2,1,,NA,NA,,NA,NA,NA,NA,NA,NA,NA,NA,NA,NA,NA,NULL,NA,NA,NA,NA,NA,NA,NA,NA,NA,NA,NA,NA,NA,,NA,NA,NA,NA,NA,NA,NA,NA,NA,NA,NA,,NA
EM,2000DE_027,Clupea harengus,NS,NA,22,,,2,1,,NA,NA,,NA,NA,NA,NA,NA,NA,NA,NA,NA,NA,NA,NULL,NA,NA,NA,NA,NA,NA,NA,NA,NA,NA,NA,NA,NA,,NA,NA,NA,NA,NA,NA,NA,NA,NA,NA,NA,,NA
EM,2000DE_027,Clupea harengus,NS,NA,23,,,11,1,,NA,NA,,NA,NA,NA,NA,NA,NA,NA,NA,NA,NA,NA,NULL,NA,NA,NA,NA,NA,NA,NA,NA,NA,NA,NA,NA,NA,,NA,NA,NA,NA,NA,NA,NA,NA,NA,NA,NA,,NA
EM,2000DE_027,Clupea harengus,NS,NA,24,,,15,1,,NA,NA,,NA,NA,NA,NA,NA,NA,NA,NA,NA,NA,NA,NULL,NA,NA,NA,NA,NA,NA,NA,NA,NA,NA,NA,NA,NA,,NA,NA,NA,NA,NA,NA,NA,NA,NA,NA,NA,,NA
EM,2000DE_027,Clupea harengus,NS,NA,25,,,16,1,,NA,NA,,NA,NA,NA,NA,NA,NA,NA,NA,NA,NA,NA,NULL,NA,NA,NA,NA,NA,NA,NA,NA,NA,NA,NA,NA,NA,,NA,NA,NA,NA,NA,NA,NA,NA,NA,NA,NA,,NA
EM,2000DE_027,Clupea harengus,NS,NA,26,,,23,1,,NA,NA,,NA,NA,NA,NA,NA,NA,NA,NA,NA,NA,NA,NULL,NA,NA,NA,NA,NA,NA,NA,NA,NA,NA,NA,NA,NA,,NA,NA,NA,NA,NA,NA,NA,NA,NA,NA,NA,,NA
EM,2000DE_027,Clupea harengus,NS,NA,27,,,15,1,,NA,NA,,NA,NA,NA,NA,NA,NA,NA,NA,NA,NA,NA,NULL,NA,NA,NA,NA,NA,NA,NA,NA,NA,NA,NA,NA,NA,,NA,NA,NA,NA,NA,NA,NA,NA,NA,NA,NA,,NA
EM,2000DE_027,Clupea harengus,NS,NA,28,,,3,1,,NA,NA,,NA,NA,NA,NA,NA,NA,NA,NA,NA,NA,NA,NULL,NA,NA,NA,NA,NA,NA,NA,NA,NA,NA,NA,NA,NA,,NA,NA,NA,NA,NA,NA,NA,NA,NA,NA,NA,,NA
EM,2000DE_027,Clupea harengus,NS,NA,29,,,5,1,,NA,NA,,NA,NA,NA,NA,NA,NA,NA,NA,NA,NA,NA,NULL,NA,NA,NA,NA,NA,NA,NA,NA,NA,NA,NA,NA,NA,,NA,NA,NA,NA,NA,NA,NA,NA,NA,NA,NA,,NA
EM,2000DE_027,Clupea harengus,NS,NA,30,,,3,1,,NA,NA,,NA,NA,NA,NA,NA,NA,NA,NA,NA,NA,NA,NULL,NA,NA,NA,NA,NA,NA,NA,NA,NA,NA,NA,NA,NA,,NA,NA,NA,NA,NA,NA,NA,NA,NA,NA,NA,,NA
EM,2000DE_027,Clupea harengus,NS,NA,31,,,1,1,,NA,NA,,NA,NA,NA,NA,NA,NA,NA,NA,NA,NA,NA,NULL,NA,NA,NA,NA,NA,NA,NA,NA,NA,NA,NA,NA,NA,,NA,NA,NA,NA,NA,NA,NA,NA,NA,NA,NA,,NA
EM,2000DE_028,Clupea harengus,NS,NA,25,,,1,1,,NA,NA,,NA,NA,NA,NA,NA,NA,NA,NA,NA,NA,NA,NULL,NA,NA,NA,NA,NA,NA,NA,NA,NA,NA,NA,NA,NA,,NA,NA,NA,NA,NA,NA,NA,NA,NA,NA,NA,,NA
EM,2000DE_028,Clupea harengus,NS,NA,26,,,2,1,,NA,NA,,NA,NA,NA,NA,NA,NA,NA,NA,NA,NA,NA,NULL,NA,NA,NA,NA,NA,NA,NA,NA,NA,NA,NA,NA,NA,,NA,NA,NA,NA,NA,NA,NA,NA,NA,NA,NA,,NA
EM,2000DE_028,Clupea harengus,NS,NA,27,,,2,1,,NA,NA,,NA,NA,NA,NA,NA,NA,NA,NA,NA,NA,NA,NULL,NA,NA,NA,NA,NA,NA,NA,NA,NA,NA,NA,NA,NA,,NA,NA,NA,NA,NA,NA,NA,NA,NA,NA,NA,,NA
EM,2000DE_028,Clupea harengus,NS,NA,28,,,2,1,,NA,NA,,NA,NA,NA,NA,NA,NA,NA,NA,NA,NA,NA,NULL,NA,NA,NA,NA,NA,NA,NA,NA,NA,NA,NA,NA,NA,,NA,NA,NA,NA,NA,NA,NA,NA,NA,NA,NA,,NA
EM,2000DE_028,Clupea harengus,NS,NA,30,,,1,1,,NA,NA,,NA,NA,NA,NA,NA,NA,NA,NA,NA,NA,NA,NULL,NA,NA,NA,NA,NA,NA,NA,NA,NA,NA,NA,NA,NA,,NA,NA,NA,NA,NA,NA,NA,NA,NA,NA,NA,,NA
EM,2000DE_028,Clupea harengus,NS,NA,31,,,2,1,,NA,NA,,NA,NA,NA,NA,NA,NA,NA,NA,NA,NA,NA,NULL,NA,NA,NA,NA,NA,NA,NA,NA,NA,NA,NA,NA,NA,,NA,NA,NA,NA,NA,NA,NA,NA,NA,NA,NA,,NA
EM,2000DE_028,Clupea harengus,NS,NA,32,,,1,1,,NA,NA,,NA,NA,NA,NA,NA,NA,NA,NA,NA,NA,NA,NULL,NA,NA,NA,NA,NA,NA,NA,NA,NA,NA,NA,NA,NA,,NA,NA,NA,NA,NA,NA,NA,NA,NA,NA,NA,,NA
EM,2000DE_028,Clupea harengus,NS,NA,33,,,1,1,,NA,NA,,NA,NA,NA,NA,NA,NA,NA,NA,NA,NA,NA,NULL,NA,NA,NA,NA,NA,NA,NA,NA,NA,NA,NA,NA,NA,,NA,NA,NA,NA,NA,NA,NA,NA,NA,NA,NA,,NA
EM,2000DE_037,Clupea harengus,NS,NA,23,,,1,1,,NA,NA,,NA,NA,NA,NA,NA,NA,NA,NA,NA,NA,NA,NULL,NA,NA,NA,NA,NA,NA,NA,NA,NA,NA,NA,NA,NA,,NA,NA,NA,NA,NA,NA,NA,NA,NA,NA,NA,,NA
EM,2000DE_038,Clupea harengus,NS,NA,22,,,1,1,,NA,NA,,NA,NA,NA,NA,NA,NA,NA,NA,NA,NA,NA,NULL,NA,NA,NA,NA,NA,NA,NA,NA,NA,NA,NA,NA,NA,,NA,NA,NA,NA,NA,NA,NA,NA,NA,NA,NA,,NA
EM,2000DE_038,Clupea harengus,NS,NA,23,,,1,1,,NA,NA,,NA,NA,NA,NA,NA,NA,NA,NA,NA,NA,NA,NULL,NA,NA,NA,NA,NA,NA,NA,NA,NA,NA,NA,NA,NA,,NA,NA,NA,NA,NA,NA,NA,NA,NA,NA,NA,,NA
EM,2000DE_038,Clupea harengus,NS,NA,24,,,1,1,,NA,NA,,NA,NA,NA,NA,NA,NA,NA,NA,NA,NA,NA,NULL,NA,NA,NA,NA,NA,NA,NA,NA,NA,NA,NA,NA,NA,,NA,NA,NA,NA,NA,NA,NA,NA,NA,NA,NA,,NA
EM,2000DE_038,Clupea harengus,NS,NA,25,,,1,1,,NA,NA,,NA,NA,NA,NA,NA,NA,NA,NA,NA,NA,NA,NULL,NA,NA,NA,NA,NA,NA,NA,NA,NA,NA,NA,NA,NA,,NA,NA,NA,NA,NA,NA,NA,NA,NA,NA,NA,,NA
EM,2000DE_038,Clupea harengus,NS,NA,26,,,1,1,,NA,NA,,NA,NA,NA,NA,NA,NA,NA,NA,NA,NA,NA,NULL,NA,NA,NA,NA,NA,NA,NA,NA,NA,NA,NA,NA,NA,,NA,NA,NA,NA,NA,NA,NA,NA,NA,NA,NA,,NA
EM,2000DE_038,Clupea harengus,NS,NA,27,,,1,1,,NA,NA,,NA,NA,NA,NA,NA,NA,NA,NA,NA,NA,NA,NULL,NA,NA,NA,NA,NA,NA,NA,NA,NA,NA,NA,NA,NA,,NA,NA,NA,NA,NA,NA,NA,NA,NA,NA,NA,,NA
EM,2000DE_038,Clupea harengus,NS,NA,31,,,1,1,,NA,NA,,NA,NA,NA,NA,NA,NA,NA,NA,NA,NA,NA,NULL,NA,NA,NA,NA,NA,NA,NA,NA,NA,NA,NA,NA,NA,,NA,NA,NA,NA,NA,NA,NA,NA,NA,NA,NA,,NA
EM,2000DE_040,Clupea harengus,NS,NA,21,,,1,1,,NA,NA,,NA,NA,NA,NA,NA,NA,NA,NA,NA,NA,NA,NULL,NA,NA,NA,NA,NA,NA,NA,NA,NA,NA,NA,NA,NA,,NA,NA,NA,NA,NA,NA,NA,NA,NA,NA,NA,,NA
EM,2000DE_040,Clupea harengus,NS,NA,22,,,1,1,,NA,NA,,NA,NA,NA,NA,NA,NA,NA,NA,NA,NA,NA,NULL,NA,NA,NA,NA,NA,NA,NA,NA,NA,NA,NA,NA,NA,,NA,NA,NA,NA,NA,NA,NA,NA,NA,NA,NA,,NA
EM,2000DE_040,Clupea harengus,NS,NA,23,,,3,1,,NA,NA,,NA,NA,NA,NA,NA,NA,NA,NA,NA,NA,NA,NULL,NA,NA,NA,NA,NA,NA,NA,NA,NA,NA,NA,NA,NA,,NA,NA,NA,NA,NA,NA,NA,NA,NA,NA,NA,,NA
EM,2000DE_040,Clupea harengus,NS,NA,24,,,10,1,,NA,NA,,NA,NA,NA,NA,NA,NA,NA,NA,NA,NA,NA,NULL,NA,NA,NA,NA,NA,NA,NA,NA,NA,NA,NA,NA,NA,,NA,NA,NA,NA,NA,NA,NA,NA,NA,NA,NA,,NA
EM,2000DE_040,Clupea harengus,NS,NA,25,,,9,1,,NA,NA,,NA,NA,NA,NA,NA,NA,NA,NA,NA,NA,NA,NULL,NA,NA,NA,NA,NA,NA,NA,NA,NA,NA,NA,NA,NA,,NA,NA,NA,NA,NA,NA,NA,NA,NA,NA,NA,,NA
EM,2000DE_040,Clupea harengus,NS,NA,26,,,6,1,,NA,NA,,NA,NA,NA,NA,NA,NA,NA,NA,NA,NA,NA,NULL,NA,NA,NA,NA,NA,NA,NA,NA,NA,NA,NA,NA,NA,,NA,NA,NA,NA,NA,NA,NA,NA,NA,NA,NA,,NA
EM,2000DE_040,Clupea harengus,NS,NA,27,,,4,1,,NA,NA,,NA,NA,NA,NA,NA,NA,NA,NA,NA,NA,NA,NULL,NA,NA,NA,NA,NA,NA,NA,NA,NA,NA,NA,NA,NA,,NA,NA,NA,NA,NA,NA,NA,NA,NA,NA,NA,,NA
EM,2000DE_040,Clupea harengus,NS,NA,28,,,1,1,,NA,NA,,NA,NA,NA,NA,NA,NA,NA,NA,NA,NA,NA,NULL,NA,NA,NA,NA,NA,NA,NA,NA,NA,NA,NA,NA,NA,,NA,NA,NA,NA,NA,NA,NA,NA,NA,NA,NA,,NA
EM,2000DE_040,Clupea harengus,NS,NA,29,,,4,1,,NA,NA,,NA,NA,NA,NA,NA,NA,NA,NA,NA,NA,NA,NULL,NA,NA,NA,NA,NA,NA,NA,NA,NA,NA,NA,NA,NA,,NA,NA,NA,NA,NA,NA,NA,NA,NA,NA,NA,,NA
EM,2000DE_040,Clupea harengus,NS,NA,30,,,1,1,,NA,NA,,NA,NA,NA,NA,NA,NA,NA,NA,NA,NA,NA,NULL,NA,NA,NA,NA,NA,NA,NA,NA,NA,NA,NA,NA,NA,,NA,NA,NA,NA,NA,NA,NA,NA,NA,NA,NA,,NA
EM,2000DE_042,Clupea harengus,NS,NA,27,,,1,1,,NA,NA,,NA,NA,NA,NA,NA,NA,NA,NA,NA,NA,NA,NULL,NA,NA,NA,NA,NA,NA,NA,NA,NA,NA,NA,NA,NA,,NA,NA,NA,NA,NA,NA,NA,NA,NA,NA,NA,,NA
EM,2000DE_042,Clupea harengus,NS,NA,30,,,1,1,,NA,NA,,NA,NA,NA,NA,NA,NA,NA,NA,NA,NA,NA,NULL,NA,NA,NA,NA,NA,NA,NA,NA,NA,NA,NA,NA,NA,,NA,NA,NA,NA,NA,NA,NA,NA,NA,NA,NA,,NA
EM,2000DE_043,Clupea harengus,NS,NA,28,,,1,1,,NA,NA,,NA,NA,NA,NA,NA,NA,NA,NA,NA,NA,NA,NULL,NA,NA,NA,NA,NA,NA,NA,NA,NA,NA,NA,NA,NA,,NA,NA,NA,NA,NA,NA,NA,NA,NA,NA,NA,,NA
EM,2000DE_044,Clupea harengus,NS,NA,26,,,4,1,,NA,NA,,NA,NA,NA,NA,NA,NA,NA,NA,NA,NA,NA,NULL,NA,NA,NA,NA,NA,NA,NA,NA,NA,NA,NA,NA,NA,,NA,NA,NA,NA,NA,NA,NA,NA,NA,NA,NA,,NA
EM,2000DE_044,Clupea harengus,NS,NA,27,,,2,1,,NA,NA,,NA,NA,NA,NA,NA,NA,NA,NA,NA,NA,NA,NULL,NA,NA,NA,NA,NA,NA,NA,NA,NA,NA,NA,NA,NA,,NA,NA,NA,NA,NA,NA,NA,NA,NA,NA,NA,,NA
EM,2000DE_051,Clupea harengus,NS,NA,23,,,2,1,,NA,NA,,NA,NA,NA,NA,NA,NA,NA,NA,NA,NA,NA,NULL,NA,NA,NA,NA,NA,NA,NA,NA,NA,NA,NA,NA,NA,,NA,NA,NA,NA,NA,NA,NA,NA,NA,NA,NA,,NA
EM,2000DE_053,Clupea harengus,NS,NA,29,,,1,1,,NA,NA,,NA,NA,NA,NA,NA,NA,NA,NA,NA,NA,NA,NULL,NA,NA,NA,NA,NA,NA,NA,NA,NA,NA,NA,NA,NA,,NA,NA,NA,NA,NA,NA,NA,NA,NA,NA,NA,,NA
EM,2000DE_055,Clupea harengus,NS,NA,22,,,1,1,,NA,NA,,NA,NA,NA,NA,NA,NA,NA,NA,NA,NA,NA,NULL,NA,NA,NA,NA,NA,NA,NA,NA,NA,NA,NA,NA,NA,,NA,NA,NA,NA,NA,NA,NA,NA,NA,NA,NA,,NA
EM,2000DE_055,Clupea harengus,NS,NA,23,,,1,1,,NA,NA,,NA,NA,NA,NA,NA,NA,NA,NA,NA,NA,NA,NULL,NA,NA,NA,NA,NA,NA,NA,NA,NA,NA,NA,NA,NA,,NA,NA,NA,NA,NA,NA,NA,NA,NA,NA,NA,,NA
EM,2000DE_056,Clupea harengus,NS,NA,20,,,1,1,,NA,NA,,NA,NA,NA,NA,NA,NA,NA,NA,NA,NA,NA,NULL,NA,NA,NA,NA,NA,NA,NA,NA,NA,NA,NA,NA,NA,,NA,NA,NA,NA,NA,NA,NA,NA,NA,NA,NA,,NA
EM,2000DE_056,Clupea harengus,NS,NA,22,,,1,1,,NA,NA,,NA,NA,NA,NA,NA,NA,NA,NA,NA,NA,NA,NULL,NA,NA,NA,NA,NA,NA,NA,NA,NA,NA,NA,NA,NA,,NA,NA,NA,NA,NA,NA,NA,NA,NA,NA,NA,,NA
EM,2000DE_056,Clupea harengus,NS,NA,23,,,1,1,,NA,NA,,NA,NA,NA,NA,NA,NA,NA,NA,NA,NA,NA,NULL,NA,NA,NA,NA,NA,NA,NA,NA,NA,NA,NA,NA,NA,,NA,NA,NA,NA,NA,NA,NA,NA,NA,NA,NA,,NA
EM,2000DE_056,Clupea harengus,NS,NA,25,,,2,1,,NA,NA,,NA,NA,NA,NA,NA,NA,NA,NA,NA,NA,NA,NULL,NA,NA,NA,NA,NA,NA,NA,NA,NA,NA,NA,NA,NA,,NA,NA,NA,NA,NA,NA,NA,NA,NA,NA,NA,,NA
EM,2000DE_056,Clupea harengus,NS,NA,26,,,3,1,,NA,NA,,NA,NA,NA,NA,NA,NA,NA,NA,NA,NA,NA,NULL,NA,NA,NA,NA,NA,NA,NA,NA,NA,NA,NA,NA,NA,,NA,NA,NA,NA,NA,NA,NA,NA,NA,NA,NA,,NA
EM,2000DE_056,Clupea harengus,NS,NA,27,,,1,1,,NA,NA,,NA,NA,NA,NA,NA,NA,NA,NA,NA,NA,NA,NULL,NA,NA,NA,NA,NA,NA,NA,NA,NA,NA,NA,NA,NA,,NA,NA,NA,NA,NA,NA,NA,NA,NA,NA,NA,,NA
EM,2000DE_056,Clupea harengus,NS,NA,28,,,1,1,,NA,NA,,NA,NA,NA,NA,NA,NA,NA,NA,NA,NA,NA,NULL,NA,NA,NA,NA,NA,NA,NA,NA,NA,NA,NA,NA,NA,,NA,NA,NA,NA,NA,NA,NA,NA,NA,NA,NA,,NA
EM,2000DE_057,Clupea harengus,NS,NA,23,,,1,1,,NA,NA,,NA,NA,NA,NA,NA,NA,NA,NA,NA,NA,NA,NULL,NA,NA,NA,NA,NA,NA,NA,NA,NA,NA,NA,NA,NA,,NA,NA,NA,NA,NA,NA,NA,NA,NA,NA,NA,,NA
EM,2000DE_057,Clupea harengus,NS,NA,25,,,2,1,,NA,NA,,NA,NA,NA,NA,NA,NA,NA,NA,NA,NA,NA,NULL,NA,NA,NA,NA,NA,NA,NA,NA,NA,NA,NA,NA,NA,,NA,NA,NA,NA,NA,NA,NA,NA,NA,NA,NA,,NA
EM,2000DE_057,Clupea harengus,NS,NA,26,,,3,1,,NA,NA,,NA,NA,NA,NA,NA,NA,NA,NA,NA,NA,NA,NULL,NA,NA,NA,NA,NA,NA,NA,NA,NA,NA,NA,NA,NA,,NA,NA,NA,NA,NA,NA,NA,NA,NA,NA,NA,,NA
EM,2000DE_057,Clupea harengus,NS,NA,27,,,2,1,,NA,NA,,NA,NA,NA,NA,NA,NA,NA,NA,NA,NA,NA,NULL,NA,NA,NA,NA,NA,NA,NA,NA,NA,NA,NA,NA,NA,,NA,NA,NA,NA,NA,NA,NA,NA,NA,NA,NA,,NA
EM,2000DE_058,Clupea harengus,NS,NA,19,,,1,1,,NA,NA,,NA,NA,NA,NA,NA,NA,NA,NA,NA,NA,NA,NULL,NA,NA,NA,NA,NA,NA,NA,NA,NA,NA,NA,NA,NA,,NA,NA,NA,NA,NA,NA,NA,NA,NA,NA,NA,,NA
EM,2000DE_058,Clupea harengus,NS,NA,20,,,2,1,,NA,NA,,NA,NA,NA,NA,NA,NA,NA,NA,NA,NA,NA,NULL,NA,NA,NA,NA,NA,NA,NA,NA,NA,NA,NA,NA,NA,,NA,NA,NA,NA,NA,NA,NA,NA,NA,NA,NA,,NA
EM,2000DE_058,Clupea harengus,NS,NA,21,,,1,1,,NA,NA,,NA,NA,NA,NA,NA,NA,NA,NA,NA,NA,NA,NULL,NA,NA,NA,NA,NA,NA,NA,NA,NA,NA,NA,NA,NA,,NA,NA,NA,NA,NA,NA,NA,NA,NA,NA,NA,,NA
EM,2000DE_058,Clupea harengus,NS,NA,23,,,1,1,,NA,NA,,NA,NA,NA,NA,NA,NA,NA,NA,NA,NA,NA,NULL,NA,NA,NA,NA,NA,NA,NA,NA,NA,NA,NA,NA,NA,,NA,NA,NA,NA,NA,NA,NA,NA,NA,NA,NA,,NA
EM,2000DE_058,Clupea harengus,NS,NA,24,,,1,1,,NA,NA,,NA,NA,NA,NA,NA,NA,NA,NA,NA,NA,NA,NULL,NA,NA,NA,NA,NA,NA,NA,NA,NA,NA,NA,NA,NA,,NA,NA,NA,NA,NA,NA,NA,NA,NA,NA,NA,,NA
EM,2000DE_059,Clupea harengus,NS,NA,20,,,1,1,,NA,NA,,NA,NA,NA,NA,NA,NA,NA,NA,NA,NA,NA,NULL,NA,NA,NA,NA,NA,NA,NA,NA,NA,NA,NA,NA,NA,,NA,NA,NA,NA,NA,NA,NA,NA,NA,NA,NA,,NA
EM,2000DE_059,Clupea harengus,NS,NA,21,,,1,1,,NA,NA,,NA,NA,NA,NA,NA,NA,NA,NA,NA,NA,NA,NULL,NA,NA,NA,NA,NA,NA,NA,NA,NA,NA,NA,NA,NA,,NA,NA,NA,NA,NA,NA,NA,NA,NA,NA,NA,,NA
EM,2000DE_059,Clupea harengus,NS,NA,22,,,1,1,,NA,NA,,NA,NA,NA,NA,NA,NA,NA,NA,NA,NA,NA,NULL,NA,NA,NA,NA,NA,NA,NA,NA,NA,NA,NA,NA,NA,,NA,NA,NA,NA,NA,NA,NA,NA,NA,NA,NA,,NA
EM,2000DE_059,Clupea harengus,NS,NA,27,,,1,1,,NA,NA,,NA,NA,NA,NA,NA,NA,NA,NA,NA,NA,NA,NULL,NA,NA,NA,NA,NA,NA,NA,NA,NA,NA,NA,NA,NA,,NA,NA,NA,NA,NA,NA,NA,NA,NA,NA,NA,,NA
EM,2000DE_059,Clupea harengus,NS,NA,31,,,1,1,,NA,NA,,NA,NA,NA,NA,NA,NA,NA,NA,NA,NA,NA,NULL,NA,NA,NA,NA,NA,NA,NA,NA,NA,NA,NA,NA,NA,,NA,NA,NA,NA,NA,NA,NA,NA,NA,NA,NA,,NA
EM,2000DE_060,Clupea harengus,NS,NA,26,,,1,1,,NA,NA,,NA,NA,NA,NA,NA,NA,NA,NA,NA,NA,NA,NULL,NA,NA,NA,NA,NA,NA,NA,NA,NA,NA,NA,NA,NA,,NA,NA,NA,NA,NA,NA,NA,NA,NA,NA,NA,,NA
EM,2000DE_060,Clupea harengus,NS,NA,28,,,1,1,,NA,NA,,NA,NA,NA,NA,NA,NA,NA,NA,NA,NA,NA,NULL,NA,NA,NA,NA,NA,NA,NA,NA,NA,NA,NA,NA,NA,,NA,NA,NA,NA,NA,NA,NA,NA,NA,NA,NA,,NA
EM,2000DE_061,Clupea harengus,NS,NA,21,,,1,1.035714286,,NA,NA,,NA,NA,NA,NA,NA,NA,NA,NA,NA,NA,NA,NULL,NA,NA,NA,NA,NA,NA,NA,NA,NA,NA,NA,NA,NA,,NA,NA,NA,NA,NA,NA,NA,NA,NA,NA,NA,,NA
EM,2000DE_061,Clupea harengus,NS,NA,22,,,3,1.035714286,,NA,NA,,NA,NA,NA,NA,NA,NA,NA,NA,NA,NA,NA,NULL,NA,NA,NA,NA,NA,NA,NA,NA,NA,NA,NA,NA,NA,,NA,NA,NA,NA,NA,NA,NA,NA,NA,NA,NA,,NA
EM,2000DE_061,Clupea harengus,NS,NA,23,,,2,1.035714286,,NA,NA,,NA,NA,NA,NA,NA,NA,NA,NA,NA,NA,NA,NULL,NA,NA,NA,NA,NA,NA,NA,NA,NA,NA,NA,NA,NA,,NA,NA,NA,NA,NA,NA,NA,NA,NA,NA,NA,,NA
EM,2000DE_061,Clupea harengus,NS,NA,24,,,3,1.035714286,,NA,NA,,NA,NA,NA,NA,NA,NA,NA,NA,NA,NA,NA,NULL,NA,NA,NA,NA,NA,NA,NA,NA,NA,NA,NA,NA,NA,,NA,NA,NA,NA,NA,NA,NA,NA,NA,NA,NA,,NA
EM,2000DE_061,Clupea harengus,NS,NA,25,,,3,1.035714286,,NA,NA,,NA,NA,NA,NA,NA,NA,NA,NA,NA,NA,NA,NULL,NA,NA,NA,NA,NA,NA,NA,NA,NA,NA,NA,NA,NA,,NA,NA,NA,NA,NA,NA,NA,NA,NA,NA,NA,,NA
EM,2000DE_061,Clupea harengus,NS,NA,26,,,3,1.035714286,,NA,NA,,NA,NA,NA,NA,NA,NA,NA,NA,NA,NA,NA,NULL,NA,NA,NA,NA,NA,NA,NA,NA,NA,NA,NA,NA,NA,,NA,NA,NA,NA,NA,NA,NA,NA,NA,NA,NA,,NA
EM,2000DE_061,Clupea harengus,NS,NA,27,,,5,1.035714286,,NA,NA,,NA,NA,NA,NA,NA,NA,NA,NA,NA,NA,NA,NULL,NA,NA,NA,NA,NA,NA,NA,NA,NA,NA,NA,NA,NA,,NA,NA,NA,NA,NA,NA,NA,NA,NA,NA,NA,,NA
EM,2000DE_061,Clupea harengus,NS,NA,28,,,6,1.035714286,,NA,NA,,NA,NA,NA,NA,NA,NA,NA,NA,NA,NA,NA,NULL,NA,NA,NA,NA,NA,NA,NA,NA,NA,NA,NA,NA,NA,,NA,NA,NA,NA,NA,NA,NA,NA,NA,NA,NA,,NA
EM,2000DE_061,Clupea harengus,NS,NA,30,,,1,1.035714286,,NA,NA,,NA,NA,NA,NA,NA,NA,NA,NA,NA,NA,NA,NULL,NA,NA,NA,NA,NA,NA,NA,NA,NA,NA,NA,NA,NA,,NA,NA,NA,NA,NA,NA,NA,NA,NA,NA,NA,,NA
EM,2000DE_061,Clupea harengus,NS,NA,31,,,1,1.035714286,,NA,NA,,NA,NA,NA,NA,NA,NA,NA,NA,NA,NA,NA,NULL,NA,NA,NA,NA,NA,NA,NA,NA,NA,NA,NA,NA,NA,,NA,NA,NA,NA,NA,NA,NA,NA,NA,NA,NA,,NA
EM,2000DE_062,Clupea harengus,NS,NA,25,,,7,1,,NA,NA,,NA,NA,NA,NA,NA,NA,NA,NA,NA,NA,NA,NULL,NA,NA,NA,NA,NA,NA,NA,NA,NA,NA,NA,NA,NA,,NA,NA,NA,NA,NA,NA,NA,NA,NA,NA,NA,,NA
EM,2000DE_062,Clupea harengus,NS,NA,26,,,3,1,,NA,NA,,NA,NA,NA,NA,NA,NA,NA,NA,NA,NA,NA,NULL,NA,NA,NA,NA,NA,NA,NA,NA,NA,NA,NA,NA,NA,,NA,NA,NA,NA,NA,NA,NA,NA,NA,NA,NA,,NA
EM,2000DE_062,Clupea harengus,NS,NA,27,,,3,1,,NA,NA,,NA,NA,NA,NA,NA,NA,NA,NA,NA,NA,NA,NULL,NA,NA,NA,NA,NA,NA,NA,NA,NA,NA,NA,NA,NA,,NA,NA,NA,NA,NA,NA,NA,NA,NA,NA,NA,,NA
EM,2000DE_062,Clupea harengus,NS,NA,28,,,1,1,,NA,NA,,NA,NA,NA,NA,NA,NA,NA,NA,NA,NA,NA,NULL,NA,NA,NA,NA,NA,NA,NA,NA,NA,NA,NA,NA,NA,,NA,NA,NA,NA,NA,NA,NA,NA,NA,NA,NA,,NA
EM,2000DE_062,Clupea harengus,NS,NA,29,,,1,1,,NA,NA,,NA,NA,NA,NA,NA,NA,NA,NA,NA,NA,NA,NULL,NA,NA,NA,NA,NA,NA,NA,NA,NA,NA,NA,NA,NA,,NA,NA,NA,NA,NA,NA,NA,NA,NA,NA,NA,,NA
EM,2000DE_062,Clupea harengus,NS,NA,30,,,1,1,,NA,NA,,NA,NA,NA,NA,NA,NA,NA,NA,NA,NA,NA,NULL,NA,NA,NA,NA,NA,NA,NA,NA,NA,NA,NA,NA,NA,,NA,NA,NA,NA,NA,NA,NA,NA,NA,NA,NA,,NA
EM,2000DE_063,Clupea harengus,NS,NA,18,,,1,1,,NA,NA,,NA,NA,NA,NA,NA,NA,NA,NA,NA,NA,NA,NULL,NA,NA,NA,NA,NA,NA,NA,NA,NA,NA,NA,NA,NA,,NA,NA,NA,NA,NA,NA,NA,NA,NA,NA,NA,,NA
EM,2000DE_063,Clupea harengus,NS,NA,20,,,2,1,,NA,NA,,NA,NA,NA,NA,NA,NA,NA,NA,NA,NA,NA,NULL,NA,NA,NA,NA,NA,NA,NA,NA,NA,NA,NA,NA,NA,,NA,NA,NA,NA,NA,NA,NA,NA,NA,NA,NA,,NA
EM,2000DE_063,Clupea harengus,NS,NA,21,,,2,1,,NA,NA,,NA,NA,NA,NA,NA,NA,NA,NA,NA,NA,NA,NULL,NA,NA,NA,NA,NA,NA,NA,NA,NA,NA,NA,NA,NA,,NA,NA,NA,NA,NA,NA,NA,NA,NA,NA,NA,,NA
EM,2000DE_063,Clupea harengus,NS,NA,22,,,1,1,,NA,NA,,NA,NA,NA,NA,NA,NA,NA,NA,NA,NA,NA,NULL,NA,NA,NA,NA,NA,NA,NA,NA,NA,NA,NA,NA,NA,,NA,NA,NA,NA,NA,NA,NA,NA,NA,NA,NA,,NA
EM,2000DE_063,Clupea harengus,NS,NA,23,,,5,1,,NA,NA,,NA,NA,NA,NA,NA,NA,NA,NA,NA,NA,NA,NULL,NA,NA,NA,NA,NA,NA,NA,NA,NA,NA,NA,NA,NA,,NA,NA,NA,NA,NA,NA,NA,NA,NA,NA,NA,,NA
EM,2000DE_063,Clupea harengus,NS,NA,24,,,2,1,,NA,NA,,NA,NA,NA,NA,NA,NA,NA,NA,NA,NA,NA,NULL,NA,NA,NA,NA,NA,NA,NA,NA,NA,NA,NA,NA,NA,,NA,NA,NA,NA,NA,NA,NA,NA,NA,NA,NA,,NA
EM,2000DE_063,Clupea harengus,NS,NA,25,,,1,1,,NA,NA,,NA,NA,NA,NA,NA,NA,NA,NA,NA,NA,NA,NULL,NA,NA,NA,NA,NA,NA,NA,NA,NA,NA,NA,NA,NA,,NA,NA,NA,NA,NA,NA,NA,NA,NA,NA,NA,,NA
EM,2000DE_063,Clupea harengus,NS,NA,26,,,2,1,,NA,NA,,NA,NA,NA,NA,NA,NA,NA,NA,NA,NA,NA,NULL,NA,NA,NA,NA,NA,NA,NA,NA,NA,NA,NA,NA,NA,,NA,NA,NA,NA,NA,NA,NA,NA,NA,NA,NA,,NA
EM,2000DE_063,Clupea harengus,NS,NA,27,,,1,1,,NA,NA,,NA,NA,NA,NA,NA,NA,NA,NA,NA,NA,NA,NULL,NA,NA,NA,NA,NA,NA,NA,NA,NA,NA,NA,NA,NA,,NA,NA,NA,NA,NA,NA,NA,NA,NA,NA,NA,,NA
EM,2000DE_063,Clupea harengus,NS,NA,28,,,1,1,,NA,NA,,NA,NA,NA,NA,NA,NA,NA,NA,NA,NA,NA,NULL,NA,NA,NA,NA,NA,NA,NA,NA,NA,NA,NA,NA,NA,,NA,NA,NA,NA,NA,NA,NA,NA,NA,NA,NA,,NA
EM,2000DE_063,Clupea harengus,NS,NA,29,,,1,1,,NA,NA,,NA,NA,NA,NA,NA,NA,NA,NA,NA,NA,NA,NULL,NA,NA,NA,NA,NA,NA,NA,NA,NA,NA,NA,NA,NA,,NA,NA,NA,NA,NA,NA,NA,NA,NA,NA,NA,,NA
EM,2000DE_064,Clupea harengus,NS,NA,21,,,3,1.04,,NA,NA,,NA,NA,NA,NA,NA,NA,NA,NA,NA,NA,NA,NULL,NA,NA,NA,NA,NA,NA,NA,NA,NA,NA,NA,NA,NA,,NA,NA,NA,NA,NA,NA,NA,NA,NA,NA,NA,,NA
EM,2000DE_064,Clupea harengus,NS,NA,22,,,1,1.04,,NA,NA,,NA,NA,NA,NA,NA,NA,NA,NA,NA,NA,NA,NULL,NA,NA,NA,NA,NA,NA,NA,NA,NA,NA,NA,NA,NA,,NA,NA,NA,NA,NA,NA,NA,NA,NA,NA,NA,,NA
EM,2000DE_064,Clupea harengus,NS,NA,23,,,4,1.04,,NA,NA,,NA,NA,NA,NA,NA,NA,NA,NA,NA,NA,NA,NULL,NA,NA,NA,NA,NA,NA,NA,NA,NA,NA,NA,NA,NA,,NA,NA,NA,NA,NA,NA,NA,NA,NA,NA,NA,,NA
EM,2000DE_064,Clupea harengus,NS,NA,24,,,1,1.04,,NA,NA,,NA,NA,NA,NA,NA,NA,NA,NA,NA,NA,NA,NULL,NA,NA,NA,NA,NA,NA,NA,NA,NA,NA,NA,NA,NA,,NA,NA,NA,NA,NA,NA,NA,NA,NA,NA,NA,,NA
EM,2000DE_064,Clupea harengus,NS,NA,25,,,3,1.04,,NA,NA,,NA,NA,NA,NA,NA,NA,NA,NA,NA,NA,NA,NULL,NA,NA,NA,NA,NA,NA,NA,NA,NA,NA,NA,NA,NA,,NA,NA,NA,NA,NA,NA,NA,NA,NA,NA,NA,,NA
EM,2000DE_064,Clupea harengus,NS,NA,26,,,4,1.04,,NA,NA,,NA,NA,NA,NA,NA,NA,NA,NA,NA,NA,NA,NULL,NA,NA,NA,NA,NA,NA,NA,NA,NA,NA,NA,NA,NA,,NA,NA,NA,NA,NA,NA,NA,NA,NA,NA,NA,,NA
EM,2000DE_064,Clupea harengus,NS,NA,27,,,5,1.04,,NA,NA,,NA,NA,NA,NA,NA,NA,NA,NA,NA,NA,NA,NULL,NA,NA,NA,NA,NA,NA,NA,NA,NA,NA,NA,NA,NA,,NA,NA,NA,NA,NA,NA,NA,NA,NA,NA,NA,,NA
EM,2000DE_064,Clupea harengus,NS,NA,28,,,1,1.04,,NA,NA,,NA,NA,NA,NA,NA,NA,NA,NA,NA,NA,NA,NULL,NA,NA,NA,NA,NA,NA,NA,NA,NA,NA,NA,NA,NA,,NA,NA,NA,NA,NA,NA,NA,NA,NA,NA,NA,,NA
EM,2000DE_064,Clupea harengus,NS,NA,29,,,2,1.04,,NA,NA,,NA,NA,NA,NA,NA,NA,NA,NA,NA,NA,NA,NULL,NA,NA,NA,NA,NA,NA,NA,NA,NA,NA,NA,NA,NA,,NA,NA,NA,NA,NA,NA,NA,NA,NA,NA,NA,,NA
EM,2000DE_064,Clupea harengus,NS,NA,30,,,1,1.04,,NA,NA,,NA,NA,NA,NA,NA,NA,NA,NA,NA,NA,NA,NULL,NA,NA,NA,NA,NA,NA,NA,NA,NA,NA,NA,NA,NA,,NA,NA,NA,NA,NA,NA,NA,NA,NA,NA,NA,,NA
EM,2000DE_065,Clupea harengus,NS,NA,21,,,1,1,,NA,NA,,NA,NA,NA,NA,NA,NA,NA,NA,NA,NA,NA,NULL,NA,NA,NA,NA,NA,NA,NA,NA,NA,NA,NA,NA,NA,,NA,NA,NA,NA,NA,NA,NA,NA,NA,NA,NA,,NA
EM,2000DE_065,Clupea harengus,NS,NA,23,,,1,1,,NA,NA,,NA,NA,NA,NA,NA,NA,NA,NA,NA,NA,NA,NULL,NA,NA,NA,NA,NA,NA,NA,NA,NA,NA,NA,NA,NA,,NA,NA,NA,NA,NA,NA,NA,NA,NA,NA,NA,,NA
EM,2000DE_065,Clupea harengus,NS,NA,24,,,3,1,,NA,NA,,NA,NA,NA,NA,NA,NA,NA,NA,NA,NA,NA,NULL,NA,NA,NA,NA,NA,NA,NA,NA,NA,NA,NA,NA,NA,,NA,NA,NA,NA,NA,NA,NA,NA,NA,NA,NA,,NA
EM,2000DE_065,Clupea harengus,NS,NA,25,,,3,1,,NA,NA,,NA,NA,NA,NA,NA,NA,NA,NA,NA,NA,NA,NULL,NA,NA,NA,NA,NA,NA,NA,NA,NA,NA,NA,NA,NA,,NA,NA,NA,NA,NA,NA,NA,NA,NA,NA,NA,,NA
EM,2000DE_065,Clupea harengus,NS,NA,26,,,6,1,,NA,NA,,NA,NA,NA,NA,NA,NA,NA,NA,NA,NA,NA,NULL,NA,NA,NA,NA,NA,NA,NA,NA,NA,NA,NA,NA,NA,,NA,NA,NA,NA,NA,NA,NA,NA,NA,NA,NA,,NA
EM,2000DE_065,Clupea harengus,NS,NA,27,,,5,1,,NA,NA,,NA,NA,NA,NA,NA,NA,NA,NA,NA,NA,NA,NULL,NA,NA,NA,NA,NA,NA,NA,NA,NA,NA,NA,NA,NA,,NA,NA,NA,NA,NA,NA,NA,NA,NA,NA,NA,,NA
EM,2000DE_065,Clupea harengus,NS,NA,28,,,2,1,,NA,NA,,NA,NA,NA,NA,NA,NA,NA,NA,NA,NA,NA,NULL,NA,NA,NA,NA,NA,NA,NA,NA,NA,NA,NA,NA,NA,,NA,NA,NA,NA,NA,NA,NA,NA,NA,NA,NA,,NA
EM,2000DE_065,Clupea harengus,NS,NA,29,,,1,1,,NA,NA,,NA,NA,NA,NA,NA,NA,NA,NA,NA,NA,NA,NULL,NA,NA,NA,NA,NA,NA,NA,NA,NA,NA,NA,NA,NA,,NA,NA,NA,NA,NA,NA,NA,NA,NA,NA,NA,,NA
EM,2000DE_065,Clupea harengus,NS,NA,31,,,1,1,,NA,NA,,NA,NA,NA,NA,NA,NA,NA,NA,NA,NA,NA,NULL,NA,NA,NA,NA,NA,NA,NA,NA,NA,NA,NA,NA,NA,,NA,NA,NA,NA,NA,NA,NA,NA,NA,NA,NA,,NA
EM,2000DE_066,Clupea harengus,NS,NA,19,,,3,1.019230769,,NA,NA,,NA,NA,NA,NA,NA,NA,NA,NA,NA,NA,NA,NULL,NA,NA,NA,NA,NA,NA,NA,NA,NA,NA,NA,NA,NA,,NA,NA,NA,NA,NA,NA,NA,NA,NA,NA,NA,,NA
EM,2000DE_066,Clupea harengus,NS,NA,20,,,5,1.019230769,,NA,NA,,NA,NA,NA,NA,NA,NA,NA,NA,NA,NA,NA,NULL,NA,NA,NA,NA,NA,NA,NA,NA,NA,NA,NA,NA,NA,,NA,NA,NA,NA,NA,NA,NA,NA,NA,NA,NA,,NA
EM,2000DE_066,Clupea harengus,NS,NA,21,,,4,1.019230769,,NA,NA,,NA,NA,NA,NA,NA,NA,NA,NA,NA,NA,NA,NULL,NA,NA,NA,NA,NA,NA,NA,NA,NA,NA,NA,NA,NA,,NA,NA,NA,NA,NA,NA,NA,NA,NA,NA,NA,,NA
EM,2000DE_066,Clupea harengus,NS,NA,22,,,7,1.019230769,,NA,NA,,NA,NA,NA,NA,NA,NA,NA,NA,NA,NA,NA,NULL,NA,NA,NA,NA,NA,NA,NA,NA,NA,NA,NA,NA,NA,,NA,NA,NA,NA,NA,NA,NA,NA,NA,NA,NA,,NA
EM,2000DE_066,Clupea harengus,NS,NA,23,,,7,1.019230769,,NA,NA,,NA,NA,NA,NA,NA,NA,NA,NA,NA,NA,NA,NULL,NA,NA,NA,NA,NA,NA,NA,NA,NA,NA,NA,NA,NA,,NA,NA,NA,NA,NA,NA,NA,NA,NA,NA,NA,,NA
EM,2000DE_066,Clupea harengus,NS,NA,24,,,16,1.019230769,,NA,NA,,NA,NA,NA,NA,NA,NA,NA,NA,NA,NA,NA,NULL,NA,NA,NA,NA,NA,NA,NA,NA,NA,NA,NA,NA,NA,,NA,NA,NA,NA,NA,NA,NA,NA,NA,NA,NA,,NA
EM,2000DE_066,Clupea harengus,NS,NA,25,,,23,1.019230769,,NA,NA,,NA,NA,NA,NA,NA,NA,NA,NA,NA,NA,NA,NULL,NA,NA,NA,NA,NA,NA,NA,NA,NA,NA,NA,NA,NA,,NA,NA,NA,NA,NA,NA,NA,NA,NA,NA,NA,,NA
EM,2000DE_066,Clupea harengus,NS,NA,26,,,23,1.019230769,,NA,NA,,NA,NA,NA,NA,NA,NA,NA,NA,NA,NA,NA,NULL,NA,NA,NA,NA,NA,NA,NA,NA,NA,NA,NA,NA,NA,,NA,NA,NA,NA,NA,NA,NA,NA,NA,NA,NA,,NA
EM,2000DE_066,Clupea harengus,NS,NA,27,,,10,1.019230769,,NA,NA,,NA,NA,NA,NA,NA,NA,NA,NA,NA,NA,NA,NULL,NA,NA,NA,NA,NA,NA,NA,NA,NA,NA,NA,NA,NA,,NA,NA,NA,NA,NA,NA,NA,NA,NA,NA,NA,,NA
EM,2000DE_066,Clupea harengus,NS,NA,28,,,4,1.019230769,,NA,NA,,NA,NA,NA,NA,NA,NA,NA,NA,NA,NA,NA,NULL,NA,NA,NA,NA,NA,NA,NA,NA,NA,NA,NA,NA,NA,,NA,NA,NA,NA,NA,NA,NA,NA,NA,NA,NA,,NA
EM,2000DE_066,Clupea harengus,NS,NA,29,,,2,1.019230769,,NA,NA,,NA,NA,NA,NA,NA,NA,NA,NA,NA,NA,NA,NULL,NA,NA,NA,NA,NA,NA,NA,NA,NA,NA,NA,NA,NA,,NA,NA,NA,NA,NA,NA,NA,NA,NA,NA,NA,,NA
EM,2000DE_067,Clupea harengus,NS,NA,20,,,3,1,,NA,NA,,NA,NA,NA,NA,NA,NA,NA,NA,NA,NA,NA,NULL,NA,NA,NA,NA,NA,NA,NA,NA,NA,NA,NA,NA,NA,,NA,NA,NA,NA,NA,NA,NA,NA,NA,NA,NA,,NA
EM,2000DE_067,Clupea harengus,NS,NA,21,,,3,1,,NA,NA,,NA,NA,NA,NA,NA,NA,NA,NA,NA,NA,NA,NULL,NA,NA,NA,NA,NA,NA,NA,NA,NA,NA,NA,NA,NA,,NA,NA,NA,NA,NA,NA,NA,NA,NA,NA,NA,,NA
EM,2000DE_067,Clupea harengus,NS,NA,22,,,1,1,,NA,NA,,NA,NA,NA,NA,NA,NA,NA,NA,NA,NA,NA,NULL,NA,NA,NA,NA,NA,NA,NA,NA,NA,NA,NA,NA,NA,,NA,NA,NA,NA,NA,NA,NA,NA,NA,NA,NA,,NA
EM,2000DE_067,Clupea harengus,NS,NA,23,,,3,1,,NA,NA,,NA,NA,NA,NA,NA,NA,NA,NA,NA,NA,NA,NULL,NA,NA,NA,NA,NA,NA,NA,NA,NA,NA,NA,NA,NA,,NA,NA,NA,NA,NA,NA,NA,NA,NA,NA,NA,,NA
EM,2000DE_067,Clupea harengus,NS,NA,24,,,3,1,,NA,NA,,NA,NA,NA,NA,NA,NA,NA,NA,NA,NA,NA,NULL,NA,NA,NA,NA,NA,NA,NA,NA,NA,NA,NA,NA,NA,,NA,NA,NA,NA,NA,NA,NA,NA,NA,NA,NA,,NA
EM,2000DE_067,Clupea harengus,NS,NA,25,,,3,1,,NA,NA,,NA,NA,NA,NA,NA,NA,NA,NA,NA,NA,NA,NULL,NA,NA,NA,NA,NA,NA,NA,NA,NA,NA,NA,NA,NA,,NA,NA,NA,NA,NA,NA,NA,NA,NA,NA,NA,,NA
EM,2000DE_067,Clupea harengus,NS,NA,26,,,4,1,,NA,NA,,NA,NA,NA,NA,NA,NA,NA,NA,NA,NA,NA,NULL,NA,NA,NA,NA,NA,NA,NA,NA,NA,NA,NA,NA,NA,,NA,NA,NA,NA,NA,NA,NA,NA,NA,NA,NA,,NA
EM,2000DE_067,Clupea harengus,NS,NA,30,,,1,1,,NA,NA,,NA,NA,NA,NA,NA,NA,NA,NA,NA,NA,NA,NULL,NA,NA,NA,NA,NA,NA,NA,NA,NA,NA,NA,NA,NA,,NA,NA,NA,NA,NA,NA,NA,NA,NA,NA,NA,,NA
EM,2000DE_068,Clupea harengus,NS,NA,19,,,2,1,,NA,NA,,NA,NA,NA,NA,NA,NA,NA,NA,NA,NA,NA,NULL,NA,NA,NA,NA,NA,NA,NA,NA,NA,NA,NA,NA,NA,,NA,NA,NA,NA,NA,NA,NA,NA,NA,NA,NA,,NA
EM,2000DE_068,Clupea harengus,NS,NA,20,,,4,1,,NA,NA,,NA,NA,NA,NA,NA,NA,NA,NA,NA,NA,NA,NULL,NA,NA,NA,NA,NA,NA,NA,NA,NA,NA,NA,NA,NA,,NA,NA,NA,NA,NA,NA,NA,NA,NA,NA,NA,,NA
EM,2000DE_068,Clupea harengus,NS,NA,21,,,2,1,,NA,NA,,NA,NA,NA,NA,NA,NA,NA,NA,NA,NA,NA,NULL,NA,NA,NA,NA,NA,NA,NA,NA,NA,NA,NA,NA,NA,,NA,NA,NA,NA,NA,NA,NA,NA,NA,NA,NA,,NA
EM,2000DE_068,Clupea harengus,NS,NA,22,,,5,1,,NA,NA,,NA,NA,NA,NA,NA,NA,NA,NA,NA,NA,NA,NULL,NA,NA,NA,NA,NA,NA,NA,NA,NA,NA,NA,NA,NA,,NA,NA,NA,NA,NA,NA,NA,NA,NA,NA,NA,,NA
EM,2000DE_068,Clupea harengus,NS,NA,23,,,5,1,,NA,NA,,NA,NA,NA,NA,NA,NA,NA,NA,NA,NA,NA,NULL,NA,NA,NA,NA,NA,NA,NA,NA,NA,NA,NA,NA,NA,,NA,NA,NA,NA,NA,NA,NA,NA,NA,NA,NA,,NA
EM,2000DE_068,Clupea harengus,NS,NA,24,,,15,1,,NA,NA,,NA,NA,NA,NA,NA,NA,NA,NA,NA,NA,NA,NULL,NA,NA,NA,NA,NA,NA,NA,NA,NA,NA,NA,NA,NA,,NA,NA,NA,NA,NA,NA,NA,NA,NA,NA,NA,,NA
EM,2000DE_068,Clupea harengus,NS,NA,25,,,11,1,,NA,NA,,NA,NA,NA,NA,NA,NA,NA,NA,NA,NA,NA,NULL,NA,NA,NA,NA,NA,NA,NA,NA,NA,NA,NA,NA,NA,,NA,NA,NA,NA,NA,NA,NA,NA,NA,NA,NA,,NA
EM,2000DE_068,Clupea harengus,NS,NA,26,,,11,1,,NA,NA,,NA,NA,NA,NA,NA,NA,NA,NA,NA,NA,NA,NULL,NA,NA,NA,NA,NA,NA,NA,NA,NA,NA,NA,NA,NA,,NA,NA,NA,NA,NA,NA,NA,NA,NA,NA,NA,,NA
EM,2000DE_068,Clupea harengus,NS,NA,27,,,9,1,,NA,NA,,NA,NA,NA,NA,NA,NA,NA,NA,NA,NA,NA,NULL,NA,NA,NA,NA,NA,NA,NA,NA,NA,NA,NA,NA,NA,,NA,NA,NA,NA,NA,NA,NA,NA,NA,NA,NA,,NA
EM,2000DE_068,Clupea harengus,NS,NA,28,,,3,1,,NA,NA,,NA,NA,NA,NA,NA,NA,NA,NA,NA,NA,NA,NULL,NA,NA,NA,NA,NA,NA,NA,NA,NA,NA,NA,NA,NA,,NA,NA,NA,NA,NA,NA,NA,NA,NA,NA,NA,,NA
EM,2000DE_069,Clupea harengus,NS,NA,21,,,2,1,,NA,NA,,NA,NA,NA,NA,NA,NA,NA,NA,NA,NA,NA,NULL,NA,NA,NA,NA,NA,NA,NA,NA,NA,NA,NA,NA,NA,,NA,NA,NA,NA,NA,NA,NA,NA,NA,NA,NA,,NA
EM,2000DE_069,Clupea harengus,NS,NA,22,,,2,1,,NA,NA,,NA,NA,NA,NA,NA,NA,NA,NA,NA,NA,NA,NULL,NA,NA,NA,NA,NA,NA,NA,NA,NA,NA,NA,NA,NA,,NA,NA,NA,NA,NA,NA,NA,NA,NA,NA,NA,,NA
EM,2000DE_069,Clupea harengus,NS,NA,24,,,2,1,,NA,NA,,NA,NA,NA,NA,NA,NA,NA,NA,NA,NA,NA,NULL,NA,NA,NA,NA,NA,NA,NA,NA,NA,NA,NA,NA,NA,,NA,NA,NA,NA,NA,NA,NA,NA,NA,NA,NA,,NA
EM,2000DE_069,Clupea harengus,NS,NA,25,,,3,1,,NA,NA,,NA,NA,NA,NA,NA,NA,NA,NA,NA,NA,NA,NULL,NA,NA,NA,NA,NA,NA,NA,NA,NA,NA,NA,NA,NA,,NA,NA,NA,NA,NA,NA,NA,NA,NA,NA,NA,,NA
EM,2000DE_069,Clupea harengus,NS,NA,26,,,6,1,,NA,NA,,NA,NA,NA,NA,NA,NA,NA,NA,NA,NA,NA,NULL,NA,NA,NA,NA,NA,NA,NA,NA,NA,NA,NA,NA,NA,,NA,NA,NA,NA,NA,NA,NA,NA,NA,NA,NA,,NA
EM,2000DE_069,Clupea harengus,NS,NA,27,,,9,1,,NA,NA,,NA,NA,NA,NA,NA,NA,NA,NA,NA,NA,NA,NULL,NA,NA,NA,NA,NA,NA,NA,NA,NA,NA,NA,NA,NA,,NA,NA,NA,NA,NA,NA,NA,NA,NA,NA,NA,,NA
EM,2000DE_069,Clupea harengus,NS,NA,28,,,5,1,,NA,NA,,NA,NA,NA,NA,NA,NA,NA,NA,NA,NA,NA,NULL,NA,NA,NA,NA,NA,NA,NA,NA,NA,NA,NA,NA,NA,,NA,NA,NA,NA,NA,NA,NA,NA,NA,NA,NA,,NA
EM,2000DE_069,Clupea harengus,NS,NA,29,,,6,1,,NA,NA,,NA,NA,NA,NA,NA,NA,NA,NA,NA,NA,NA,NULL,NA,NA,NA,NA,NA,NA,NA,NA,NA,NA,NA,NA,NA,,NA,NA,NA,NA,NA,NA,NA,NA,NA,NA,NA,,NA
EM,2000DE_069,Clupea harengus,NS,NA,30,,,1,1,,NA,NA,,NA,NA,NA,NA,NA,NA,NA,NA,NA,NA,NA,NULL,NA,NA,NA,NA,NA,NA,NA,NA,NA,NA,NA,NA,NA,,NA,NA,NA,NA,NA,NA,NA,NA,NA,NA,NA,,NA
EM,2000DE_070,Clupea harengus,NS,NA,23,,,3,1,,NA,NA,,NA,NA,NA,NA,NA,NA,NA,NA,NA,NA,NA,NULL,NA,NA,NA,NA,NA,NA,NA,NA,NA,NA,NA,NA,NA,,NA,NA,NA,NA,NA,NA,NA,NA,NA,NA,NA,,NA
EM,2000DE_070,Clupea harengus,NS,NA,24,,,2,1,,NA,NA,,NA,NA,NA,NA,NA,NA,NA,NA,NA,NA,NA,NULL,NA,NA,NA,NA,NA,NA,NA,NA,NA,NA,NA,NA,NA,,NA,NA,NA,NA,NA,NA,NA,NA,NA,NA,NA,,NA
EM,2000DE_070,Clupea harengus,NS,NA,25,,,5,1,,NA,NA,,NA,NA,NA,NA,NA,NA,NA,NA,NA,NA,NA,NULL,NA,NA,NA,NA,NA,NA,NA,NA,NA,NA,NA,NA,NA,,NA,NA,NA,NA,NA,NA,NA,NA,NA,NA,NA,,NA
EM,2000DE_070,Clupea harengus,NS,NA,26,,,3,1,,NA,NA,,NA,NA,NA,NA,NA,NA,NA,NA,NA,NA,NA,NULL,NA,NA,NA,NA,NA,NA,NA,NA,NA,NA,NA,NA,NA,,NA,NA,NA,NA,NA,NA,NA,NA,NA,NA,NA,,NA
EM,2000DE_070,Clupea harengus,NS,NA,27,,,8,1,,NA,NA,,NA,NA,NA,NA,NA,NA,NA,NA,NA,NA,NA,NULL,NA,NA,NA,NA,NA,NA,NA,NA,NA,NA,NA,NA,NA,,NA,NA,NA,NA,NA,NA,NA,NA,NA,NA,NA,,NA
EM,2000DE_070,Clupea harengus,NS,NA,28,,,3,1,,NA,NA,,NA,NA,NA,NA,NA,NA,NA,NA,NA,NA,NA,NULL,NA,NA,NA,NA,NA,NA,NA,NA,NA,NA,NA,NA,NA,,NA,NA,NA,NA,NA,NA,NA,NA,NA,NA,NA,,NA
EM,2000DE_070,Clupea harengus,NS,NA,29,,,5,1,,NA,NA,,NA,NA,NA,NA,NA,NA,NA,NA,NA,NA,NA,NULL,NA,NA,NA,NA,NA,NA,NA,NA,NA,NA,NA,NA,NA,,NA,NA,NA,NA,NA,NA,NA,NA,NA,NA,NA,,NA
EM,2000DE_070,Clupea harengus,NS,NA,30,,,1,1,,NA,NA,,NA,NA,NA,NA,NA,NA,NA,NA,NA,NA,NA,NULL,NA,NA,NA,NA,NA,NA,NA,NA,NA,NA,NA,NA,NA,,NA,NA,NA,NA,NA,NA,NA,NA,NA,NA,NA,,NA
EM,2000DE_071,Clupea harengus,NS,NA,22,,,1,1,,NA,NA,,NA,NA,NA,NA,NA,NA,NA,NA,NA,NA,NA,NULL,NA,NA,NA,NA,NA,NA,NA,NA,NA,NA,NA,NA,NA,,NA,NA,NA,NA,NA,NA,NA,NA,NA,NA,NA,,NA
EM,2000DE_071,Clupea harengus,NS,NA,24,,,1,1,,NA,NA,,NA,NA,NA,NA,NA,NA,NA,NA,NA,NA,NA,NULL,NA,NA,NA,NA,NA,NA,NA,NA,NA,NA,NA,NA,NA,,NA,NA,NA,NA,NA,NA,NA,NA,NA,NA,NA,,NA
EM,2000DE_071,Clupea harengus,NS,NA,25,,,2,1,,NA,NA,,NA,NA,NA,NA,NA,NA,NA,NA,NA,NA,NA,NULL,NA,NA,NA,NA,NA,NA,NA,NA,NA,NA,NA,NA,NA,,NA,NA,NA,NA,NA,NA,NA,NA,NA,NA,NA,,NA
EM,2000DE_071,Clupea harengus,NS,NA,26,,,3,1,,NA,NA,,NA,NA,NA,NA,NA,NA,NA,NA,NA,NA,NA,NULL,NA,NA,NA,NA,NA,NA,NA,NA,NA,NA,NA,NA,NA,,NA,NA,NA,NA,NA,NA,NA,NA,NA,NA,NA,,NA
EM,2000DE_071,Clupea harengus,NS,NA,27,,,1,1,,NA,NA,,NA,NA,NA,NA,NA,NA,NA,NA,NA,NA,NA,NULL,NA,NA,NA,NA,NA,NA,NA,NA,NA,NA,NA,NA,NA,,NA,NA,NA,NA,NA,NA,NA,NA,NA,NA,NA,,NA
EM,2000DE_071,Clupea harengus,NS,NA,29,,,2,1,,NA,NA,,NA,NA,NA,NA,NA,NA,NA,NA,NA,NA,NA,NULL,NA,NA,NA,NA,NA,NA,NA,NA,NA,NA,NA,NA,NA,,NA,NA,NA,NA,NA,NA,NA,NA,NA,NA,NA,,NA
EM,2000DE_073,Clupea harengus,NS,NA,27,,,1,1,,NA,NA,,NA,NA,NA,NA,NA,NA,NA,NA,NA,NA,NA,NULL,NA,NA,NA,NA,NA,NA,NA,NA,NA,NA,NA,NA,NA,,NA,NA,NA,NA,NA,NA,NA,NA,NA,NA,NA,,NA
EM,2000DE_073,Clupea harengus,NS,NA,30,,,1,1,,NA,NA,,NA,NA,NA,NA,NA,NA,NA,NA,NA,NA,NA,NULL,NA,NA,NA,NA,NA,NA,NA,NA,NA,NA,NA,NA,NA,,NA,NA,NA,NA,NA,NA,NA,NA,NA,NA,NA,,NA
EM,2000DE_073,Clupea harengus,NS,NA,31,,,1,1,,NA,NA,,NA,NA,NA,NA,NA,NA,NA,NA,NA,NA,NA,NULL,NA,NA,NA,NA,NA,NA,NA,NA,NA,NA,NA,NA,NA,,NA,NA,NA,NA,NA,NA,NA,NA,NA,NA,NA,,NA
EM,2000DE_074,Clupea harengus,NS,NA,26,,,1,1,,NA,NA,,NA,NA,NA,NA,NA,NA,NA,NA,NA,NA,NA,NULL,NA,NA,NA,NA,NA,NA,NA,NA,NA,NA,NA,NA,NA,,NA,NA,NA,NA,NA,NA,NA,NA,NA,NA,NA,,NA
EM,2000DE_074,Clupea harengus,NS,NA,27,,,1,1,,NA,NA,,NA,NA,NA,NA,NA,NA,NA,NA,NA,NA,NA,NULL,NA,NA,NA,NA,NA,NA,NA,NA,NA,NA,NA,NA,NA,,NA,NA,NA,NA,NA,NA,NA,NA,NA,NA,NA,,NA
EM,2000DE_074,Clupea harengus,NS,NA,28,,,1,1,,NA,NA,,NA,NA,NA,NA,NA,NA,NA,NA,NA,NA,NA,NULL,NA,NA,NA,NA,NA,NA,NA,NA,NA,NA,NA,NA,NA,,NA,NA,NA,NA,NA,NA,NA,NA,NA,NA,NA,,NA
EM,2000DE_074,Clupea harengus,NS,NA,29,,,3,1,,NA,NA,,NA,NA,NA,NA,NA,NA,NA,NA,NA,NA,NA,NULL,NA,NA,NA,NA,NA,NA,NA,NA,NA,NA,NA,NA,NA,,NA,NA,NA,NA,NA,NA,NA,NA,NA,NA,NA,,NA
EM,2000DE_074,Clupea harengus,NS,NA,30,,,5,1,,NA,NA,,NA,NA,NA,NA,NA,NA,NA,NA,NA,NA,NA,NULL,NA,NA,NA,NA,NA,NA,NA,NA,NA,NA,NA,NA,NA,,NA,NA,NA,NA,NA,NA,NA,NA,NA,NA,NA,,NA
EM,2000DE_074,Clupea harengus,NS,NA,31,,,5,1,,NA,NA,,NA,NA,NA,NA,NA,NA,NA,NA,NA,NA,NA,NULL,NA,NA,NA,NA,NA,NA,NA,NA,NA,NA,NA,NA,NA,,NA,NA,NA,NA,NA,NA,NA,NA,NA,NA,NA,,NA
EM,2000DE_075,Clupea harengus,NS,NA,24,,,2,1,,NA,NA,,NA,NA,NA,NA,NA,NA,NA,NA,NA,NA,NA,NULL,NA,NA,NA,NA,NA,NA,NA,NA,NA,NA,NA,NA,NA,,NA,NA,NA,NA,NA,NA,NA,NA,NA,NA,NA,,NA
EM,2000DE_075,Clupea harengus,NS,NA,27,,,1,1,,NA,NA,,NA,NA,NA,NA,NA,NA,NA,NA,NA,NA,NA,NULL,NA,NA,NA,NA,NA,NA,NA,NA,NA,NA,NA,NA,NA,,NA,NA,NA,NA,NA,NA,NA,NA,NA,NA,NA,,NA
EM,2000DE_075,Clupea harengus,NS,NA,28,,,1,1,,NA,NA,,NA,NA,NA,NA,NA,NA,NA,NA,NA,NA,NA,NULL,NA,NA,NA,NA,NA,NA,NA,NA,NA,NA,NA,NA,NA,,NA,NA,NA,NA,NA,NA,NA,NA,NA,NA,NA,,NA
EM,2000DE_075,Clupea harengus,NS,NA,29,,,1,1,,NA,NA,,NA,NA,NA,NA,NA,NA,NA,NA,NA,NA,NA,NULL,NA,NA,NA,NA,NA,NA,NA,NA,NA,NA,NA,NA,NA,,NA,NA,NA,NA,NA,NA,NA,NA,NA,NA,NA,,NA
EM,2000DE_076,Clupea harengus,NS,NA,22,,,1,1,,NA,NA,,NA,NA,NA,NA,NA,NA,NA,NA,NA,NA,NA,NULL,NA,NA,NA,NA,NA,NA,NA,NA,NA,NA,NA,NA,NA,,NA,NA,NA,NA,NA,NA,NA,NA,NA,NA,NA,,NA
EM,2000DE_076,Clupea harengus,NS,NA,24,,,2,1,,NA,NA,,NA,NA,NA,NA,NA,NA,NA,NA,NA,NA,NA,NULL,NA,NA,NA,NA,NA,NA,NA,NA,NA,NA,NA,NA,NA,,NA,NA,NA,NA,NA,NA,NA,NA,NA,NA,NA,,NA
EM,2000DE_076,Clupea harengus,NS,NA,25,,,4,1,,NA,NA,,NA,NA,NA,NA,NA,NA,NA,NA,NA,NA,NA,NULL,NA,NA,NA,NA,NA,NA,NA,NA,NA,NA,NA,NA,NA,,NA,NA,NA,NA,NA,NA,NA,NA,NA,NA,NA,,NA
EM,2000DE_076,Clupea harengus,NS,NA,26,,,1,1,,NA,NA,,NA,NA,NA,NA,NA,NA,NA,NA,NA,NA,NA,NULL,NA,NA,NA,NA,NA,NA,NA,NA,NA,NA,NA,NA,NA,,NA,NA,NA,NA,NA,NA,NA,NA,NA,NA,NA,,NA
EM,2000DE_076,Clupea harengus,NS,NA,27,,,8,1,,NA,NA,,NA,NA,NA,NA,NA,NA,NA,NA,NA,NA,NA,NULL,NA,NA,NA,NA,NA,NA,NA,NA,NA,NA,NA,NA,NA,,NA,NA,NA,NA,NA,NA,NA,NA,NA,NA,NA,,NA
EM,2000DE_076,Clupea harengus,NS,NA,28,,,6,1,,NA,NA,,NA,NA,NA,NA,NA,NA,NA,NA,NA,NA,NA,NULL,NA,NA,NA,NA,NA,NA,NA,NA,NA,NA,NA,NA,NA,,NA,NA,NA,NA,NA,NA,NA,NA,NA,NA,NA,,NA
EM,2000DE_076,Clupea harengus,NS,NA,29,,,9,1,,NA,NA,,NA,NA,NA,NA,NA,NA,NA,NA,NA,NA,NA,NULL,NA,NA,NA,NA,NA,NA,NA,NA,NA,NA,NA,NA,NA,,NA,NA,NA,NA,NA,NA,NA,NA,NA,NA,NA,,NA
EM,2000DE_076,Clupea harengus,NS,NA,30,,,3,1,,NA,NA,,NA,NA,NA,NA,NA,NA,NA,NA,NA,NA,NA,NULL,NA,NA,NA,NA,NA,NA,NA,NA,NA,NA,NA,NA,NA,,NA,NA,NA,NA,NA,NA,NA,NA,NA,NA,NA,,NA
EM,2000DE_076,Clupea harengus,NS,NA,31,,,2,1,,NA,NA,,NA,NA,NA,NA,NA,NA,NA,NA,NA,NA,NA,NULL,NA,NA,NA,NA,NA,NA,NA,NA,NA,NA,NA,NA,NA,,NA,NA,NA,NA,NA,NA,NA,NA,NA,NA,NA,,NA
EM,2000DE_077,Clupea harengus,NS,NA,24,,,1,1,,NA,NA,,NA,NA,NA,NA,NA,NA,NA,NA,NA,NA,NA,NULL,NA,NA,NA,NA,NA,NA,NA,NA,NA,NA,NA,NA,NA,,NA,NA,NA,NA,NA,NA,NA,NA,NA,NA,NA,,NA
EM,2000DE_077,Clupea harengus,NS,NA,25,,,1,1,,NA,NA,,NA,NA,NA,NA,NA,NA,NA,NA,NA,NA,NA,NULL,NA,NA,NA,NA,NA,NA,NA,NA,NA,NA,NA,NA,NA,,NA,NA,NA,NA,NA,NA,NA,NA,NA,NA,NA,,NA
EM,2000DE_077,Clupea harengus,NS,NA,26,,,2,1,,NA,NA,,NA,NA,NA,NA,NA,NA,NA,NA,NA,NA,NA,NULL,NA,NA,NA,NA,NA,NA,NA,NA,NA,NA,NA,NA,NA,,NA,NA,NA,NA,NA,NA,NA,NA,NA,NA,NA,,NA
EM,2000DE_077,Clupea harengus,NS,NA,27,,,4,1,,NA,NA,,NA,NA,NA,NA,NA,NA,NA,NA,NA,NA,NA,NULL,NA,NA,NA,NA,NA,NA,NA,NA,NA,NA,NA,NA,NA,,NA,NA,NA,NA,NA,NA,NA,NA,NA,NA,NA,,NA
EM,2000DE_077,Clupea harengus,NS,NA,28,,,5,1,,NA,NA,,NA,NA,NA,NA,NA,NA,NA,NA,NA,NA,NA,NULL,NA,NA,NA,NA,NA,NA,NA,NA,NA,NA,NA,NA,NA,,NA,NA,NA,NA,NA,NA,NA,NA,NA,NA,NA,,NA
EM,2000DE_079,Clupea harengus,NS,NA,29,,,2,1,,NA,NA,,NA,NA,NA,NA,NA,NA,NA,NA,NA,NA,NA,NULL,NA,NA,NA,NA,NA,NA,NA,NA,NA,NA,NA,NA,NA,,NA,NA,NA,NA,NA,NA,NA,NA,NA,NA,NA,,NA
EM,2000DE_079,Clupea harengus,NS,NA,30,,,1,1,,NA,NA,,NA,NA,NA,NA,NA,NA,NA,NA,NA,NA,NA,NULL,NA,NA,NA,NA,NA,NA,NA,NA,NA,NA,NA,NA,NA,,NA,NA,NA,NA,NA,NA,NA,NA,NA,NA,NA,,NA
EM,2000DE_079,Clupea harengus,NS,NA,31,,,9,1,,NA,NA,,NA,NA,NA,NA,NA,NA,NA,NA,NA,NA,NA,NULL,NA,NA,NA,NA,NA,NA,NA,NA,NA,NA,NA,NA,NA,,NA,NA,NA,NA,NA,NA,NA,NA,NA,NA,NA,,NA
EM,2000DE_079,Clupea harengus,NS,NA,32,,,4,1,,NA,NA,,NA,NA,NA,NA,NA,NA,NA,NA,NA,NA,NA,NULL,NA,NA,NA,NA,NA,NA,NA,NA,NA,NA,NA,NA,NA,,NA,NA,NA,NA,NA,NA,NA,NA,NA,NA,NA,,NA
EM,2000DE_079,Clupea harengus,NS,NA,33,,,2,1,,NA,NA,,NA,NA,NA,NA,NA,NA,NA,NA,NA,NA,NA,NULL,NA,NA,NA,NA,NA,NA,NA,NA,NA,NA,NA,NA,NA,,NA,NA,NA,NA,NA,NA,NA,NA,NA,NA,NA,,NA
EM,2000DE_079,Clupea harengus,NS,NA,34,,,4,1,,NA,NA,,NA,NA,NA,NA,NA,NA,NA,NA,NA,NA,NA,NULL,NA,NA,NA,NA,NA,NA,NA,NA,NA,NA,NA,NA,NA,,NA,NA,NA,NA,NA,NA,NA,NA,NA,NA,NA,,NA
EM,2000DE_080,Clupea harengus,NS,NA,31,,,1,1,,NA,NA,,NA,NA,NA,NA,NA,NA,NA,NA,NA,NA,NA,NULL,NA,NA,NA,NA,NA,NA,NA,NA,NA,NA,NA,NA,NA,,NA,NA,NA,NA,NA,NA,NA,NA,NA,NA,NA,,NA
EM,2000DE_080,Clupea harengus,NS,NA,32,,,1,1,,NA,NA,,NA,NA,NA,NA,NA,NA,NA,NA,NA,NA,NA,NULL,NA,NA,NA,NA,NA,NA,NA,NA,NA,NA,NA,NA,NA,,NA,NA,NA,NA,NA,NA,NA,NA,NA,NA,NA,,NA
EM,2000DE_080,Clupea harengus,NS,NA,33,,,2,1,,NA,NA,,NA,NA,NA,NA,NA,NA,NA,NA,NA,NA,NA,NULL,NA,NA,NA,NA,NA,NA,NA,NA,NA,NA,NA,NA,NA,,NA,NA,NA,NA,NA,NA,NA,NA,NA,NA,NA,,NA
EM,2000DE_080,Clupea harengus,NS,NA,34,,,4,1,,NA,NA,,NA,NA,NA,NA,NA,NA,NA,NA,NA,NA,NA,NULL,NA,NA,NA,NA,NA,NA,NA,NA,NA,NA,NA,NA,NA,,NA,NA,NA,NA,NA,NA,NA,NA,NA,NA,NA,,NA
EM,2000DE_081,Clupea harengus,NS,NA,26,,,1,1,,NA,NA,,NA,NA,NA,NA,NA,NA,NA,NA,NA,NA,NA,NULL,NA,NA,NA,NA,NA,NA,NA,NA,NA,NA,NA,NA,NA,,NA,NA,NA,NA,NA,NA,NA,NA,NA,NA,NA,,NA
EM,2000DE_081,Clupea harengus,NS,NA,28,,,1,1,,NA,NA,,NA,NA,NA,NA,NA,NA,NA,NA,NA,NA,NA,NULL,NA,NA,NA,NA,NA,NA,NA,NA,NA,NA,NA,NA,NA,,NA,NA,NA,NA,NA,NA,NA,NA,NA,NA,NA,,NA
EM,2000DE_081,Clupea harengus,NS,NA,30,,,1,1,,NA,NA,,NA,NA,NA,NA,NA,NA,NA,NA,NA,NA,NA,NULL,NA,NA,NA,NA,NA,NA,NA,NA,NA,NA,NA,NA,NA,,NA,NA,NA,NA,NA,NA,NA,NA,NA,NA,NA,,NA
EM,2000DE_081,Clupea harengus,NS,NA,31,,,3,1,,NA,NA,,NA,NA,NA,NA,NA,NA,NA,NA,NA,NA,NA,NULL,NA,NA,NA,NA,NA,NA,NA,NA,NA,NA,NA,NA,NA,,NA,NA,NA,NA,NA,NA,NA,NA,NA,NA,NA,,NA
EM,2000DE_082,Clupea harengus,NS,NA,30,,,1,1,,NA,NA,,NA,NA,NA,NA,NA,NA,NA,NA,NA,NA,NA,NULL,NA,NA,NA,NA,NA,NA,NA,NA,NA,NA,NA,NA,NA,,NA,NA,NA,NA,NA,NA,NA,NA,NA,NA,NA,,NA
EM,2000DE_083,Clupea harengus,NS,NA,27,,,1,1,,NA,NA,,NA,NA,NA,NA,NA,NA,NA,NA,NA,NA,NA,NULL,NA,NA,NA,NA,NA,NA,NA,NA,NA,NA,NA,NA,NA,,NA,NA,NA,NA,NA,NA,NA,NA,NA,NA,NA,,NA
EM,2000DE_083,Clupea harengus,NS,NA,28,,,2,1,,NA,NA,,NA,NA,NA,NA,NA,NA,NA,NA,NA,NA,NA,NULL,NA,NA,NA,NA,NA,NA,NA,NA,NA,NA,NA,NA,NA,,NA,NA,NA,NA,NA,NA,NA,NA,NA,NA,NA,,NA
EM,2000DE_083,Clupea harengus,NS,NA,29,,,5,1,,NA,NA,,NA,NA,NA,NA,NA,NA,NA,NA,NA,NA,NA,NULL,NA,NA,NA,NA,NA,NA,NA,NA,NA,NA,NA,NA,NA,,NA,NA,NA,NA,NA,NA,NA,NA,NA,NA,NA,,NA
EM,2000DE_083,Clupea harengus,NS,NA,30,,,1,1,,NA,NA,,NA,NA,NA,NA,NA,NA,NA,NA,NA,NA,NA,NULL,NA,NA,NA,NA,NA,NA,NA,NA,NA,NA,NA,NA,NA,,NA,NA,NA,NA,NA,NA,NA,NA,NA,NA,NA,,NA
EM,2000DE_083,Clupea harengus,NS,NA,31,,,5,1,,NA,NA,,NA,NA,NA,NA,NA,NA,NA,NA,NA,NA,NA,NULL,NA,NA,NA,NA,NA,NA,NA,NA,NA,NA,NA,NA,NA,,NA,NA,NA,NA,NA,NA,NA,NA,NA,NA,NA,,NA
EM,2000DE_083,Clupea harengus,NS,NA,32,,,5,1,,NA,NA,,NA,NA,NA,NA,NA,NA,NA,NA,NA,NA,NA,NULL,NA,NA,NA,NA,NA,NA,NA,NA,NA,NA,NA,NA,NA,,NA,NA,NA,NA,NA,NA,NA,NA,NA,NA,NA,,NA
EM,2000DE_083,Clupea harengus,NS,NA,33,,,3,1,,NA,NA,,NA,NA,NA,NA,NA,NA,NA,NA,NA,NA,NA,NULL,NA,NA,NA,NA,NA,NA,NA,NA,NA,NA,NA,NA,NA,,NA,NA,NA,NA,NA,NA,NA,NA,NA,NA,NA,,NA
EM,2000DE_083,Clupea harengus,NS,NA,34,,,1,1,,NA,NA,,NA,NA,NA,NA,NA,NA,NA,NA,NA,NA,NA,NULL,NA,NA,NA,NA,NA,NA,NA,NA,NA,NA,NA,NA,NA,,NA,NA,NA,NA,NA,NA,NA,NA,NA,NA,NA,,NA
EM,2000DE_084,Clupea harengus,NS,NA,30,,,1,1,,NA,NA,,NA,NA,NA,NA,NA,NA,NA,NA,NA,NA,NA,NULL,NA,NA,NA,NA,NA,NA,NA,NA,NA,NA,NA,NA,NA,,NA,NA,NA,NA,NA,NA,NA,NA,NA,NA,NA,,NA
EM,2000DE_084,Clupea harengus,NS,NA,32,,,2,1,,NA,NA,,NA,NA,NA,NA,NA,NA,NA,NA,NA,NA,NA,NULL,NA,NA,NA,NA,NA,NA,NA,NA,NA,NA,NA,NA,NA,,NA,NA,NA,NA,NA,NA,NA,NA,NA,NA,NA,,NA
EM,2000DE_084,Clupea harengus,NS,NA,34,,,2,1,,NA,NA,,NA,NA,NA,NA,NA,NA,NA,NA,NA,NA,NA,NULL,NA,NA,NA,NA,NA,NA,NA,NA,NA,NA,NA,NA,NA,,NA,NA,NA,NA,NA,NA,NA,NA,NA,NA,NA,,NA
EM,2000DE_084,Clupea harengus,NS,NA,35,,,1,1,,NA,NA,,NA,NA,NA,NA,NA,NA,NA,NA,NA,NA,NA,NULL,NA,NA,NA,NA,NA,NA,NA,NA,NA,NA,NA,NA,NA,,NA,NA,NA,NA,NA,NA,NA,NA,NA,NA,NA,,NA
EM,2000DE_084,Clupea harengus,NS,NA,36,,,2,1,,NA,NA,,NA,NA,NA,NA,NA,NA,NA,NA,NA,NA,NA,NULL,NA,NA,NA,NA,NA,NA,NA,NA,NA,NA,NA,NA,NA,,NA,NA,NA,NA,NA,NA,NA,NA,NA,NA,NA,,NA
EM,2000DE_085,Clupea harengus,NS,NA,32,,,1,1,,NA,NA,,NA,NA,NA,NA,NA,NA,NA,NA,NA,NA,NA,NULL,NA,NA,NA,NA,NA,NA,NA,NA,NA,NA,NA,NA,NA,,NA,NA,NA,NA,NA,NA,NA,NA,NA,NA,NA,,NA
EM,2000DE_085,Clupea harengus,NS,NA,33,,,2,1,,NA,NA,,NA,NA,NA,NA,NA,NA,NA,NA,NA,NA,NA,NULL,NA,NA,NA,NA,NA,NA,NA,NA,NA,NA,NA,NA,NA,,NA,NA,NA,NA,NA,NA,NA,NA,NA,NA,NA,,NA
EM,2000DE_085,Clupea harengus,NS,NA,34,,,2,1,,NA,NA,,NA,NA,NA,NA,NA,NA,NA,NA,NA,NA,NA,NULL,NA,NA,NA,NA,NA,NA,NA,NA,NA,NA,NA,NA,NA,,NA,NA,NA,NA,NA,NA,NA,NA,NA,NA,NA,,NA
EM,2000DE_086,Clupea harengus,NS,NA,25,,,3,1,,NA,NA,,NA,NA,NA,NA,NA,NA,NA,NA,NA,NA,NA,NULL,NA,NA,NA,NA,NA,NA,NA,NA,NA,NA,NA,NA,NA,,NA,NA,NA,NA,NA,NA,NA,NA,NA,NA,NA,,NA
EM,2000DE_086,Clupea harengus,NS,NA,27,,,3,1,,NA,NA,,NA,NA,NA,NA,NA,NA,NA,NA,NA,NA,NA,NULL,NA,NA,NA,NA,NA,NA,NA,NA,NA,NA,NA,NA,NA,,NA,NA,NA,NA,NA,NA,NA,NA,NA,NA,NA,,NA
EM,2000DE_086,Clupea harengus,NS,NA,28,,,1,1,,NA,NA,,NA,NA,NA,NA,NA,NA,NA,NA,NA,NA,NA,NULL,NA,NA,NA,NA,NA,NA,NA,NA,NA,NA,NA,NA,NA,,NA,NA,NA,NA,NA,NA,NA,NA,NA,NA,NA,,NA
EM,2000DE_086,Clupea harengus,NS,NA,29,,,2,1,,NA,NA,,NA,NA,NA,NA,NA,NA,NA,NA,NA,NA,NA,NULL,NA,NA,NA,NA,NA,NA,NA,NA,NA,NA,NA,NA,NA,,NA,NA,NA,NA,NA,NA,NA,NA,NA,NA,NA,,NA
EM,2000DE_086,Clupea harengus,NS,NA,30,,,4,1,,NA,NA,,NA,NA,NA,NA,NA,NA,NA,NA,NA,NA,NA,NULL,NA,NA,NA,NA,NA,NA,NA,NA,NA,NA,NA,NA,NA,,NA,NA,NA,NA,NA,NA,NA,NA,NA,NA,NA,,NA
EM,2000DE_086,Clupea harengus,NS,NA,31,,,3,1,,NA,NA,,NA,NA,NA,NA,NA,NA,NA,NA,NA,NA,NA,NULL,NA,NA,NA,NA,NA,NA,NA,NA,NA,NA,NA,NA,NA,,NA,NA,NA,NA,NA,NA,NA,NA,NA,NA,NA,,NA
EM,2000DE_087,Clupea harengus,NS,NA,29,,,2,1,,NA,NA,,NA,NA,NA,NA,NA,NA,NA,NA,NA,NA,NA,NULL,NA,NA,NA,NA,NA,NA,NA,NA,NA,NA,NA,NA,NA,,NA,NA,NA,NA,NA,NA,NA,NA,NA,NA,NA,,NA
EM,2000DE_087,Clupea harengus,NS,NA,31,,,1,1,,NA,NA,,NA,NA,NA,NA,NA,NA,NA,NA,NA,NA,NA,NULL,NA,NA,NA,NA,NA,NA,NA,NA,NA,NA,NA,NA,NA,,NA,NA,NA,NA,NA,NA,NA,NA,NA,NA,NA,,NA
EM,2000DE_087,Clupea harengus,NS,NA,32,,,2,1,,NA,NA,,NA,NA,NA,NA,NA,NA,NA,NA,NA,NA,NA,NULL,NA,NA,NA,NA,NA,NA,NA,NA,NA,NA,NA,NA,NA,,NA,NA,NA,NA,NA,NA,NA,NA,NA,NA,NA,,NA
EM,2000DE_087,Clupea harengus,NS,NA,33,,,1,1,,NA,NA,,NA,NA,NA,NA,NA,NA,NA,NA,NA,NA,NA,NULL,NA,NA,NA,NA,NA,NA,NA,NA,NA,NA,NA,NA,NA,,NA,NA,NA,NA,NA,NA,NA,NA,NA,NA,NA,,NA
EM,2000DE_088,Clupea harengus,NS,NA,26,,,2,1,,NA,NA,,NA,NA,NA,NA,NA,NA,NA,NA,NA,NA,NA,NULL,NA,NA,NA,NA,NA,NA,NA,NA,NA,NA,NA,NA,NA,,NA,NA,NA,NA,NA,NA,NA,NA,NA,NA,NA,,NA
EM,2000DE_088,Clupea harengus,NS,NA,29,,,1,1,,NA,NA,,NA,NA,NA,NA,NA,NA,NA,NA,NA,NA,NA,NULL,NA,NA,NA,NA,NA,NA,NA,NA,NA,NA,NA,NA,NA,,NA,NA,NA,NA,NA,NA,NA,NA,NA,NA,NA,,NA
EM,2000DE_088,Clupea harengus,NS,NA,30,,,1,1,,NA,NA,,NA,NA,NA,NA,NA,NA,NA,NA,NA,NA,NA,NULL,NA,NA,NA,NA,NA,NA,NA,NA,NA,NA,NA,NA,NA,,NA,NA,NA,NA,NA,NA,NA,NA,NA,NA,NA,,NA
EM,2000DE_088,Clupea harengus,NS,NA,32,,,3,1,,NA,NA,,NA,NA,NA,NA,NA,NA,NA,NA,NA,NA,NA,NULL,NA,NA,NA,NA,NA,NA,NA,NA,NA,NA,NA,NA,NA,,NA,NA,NA,NA,NA,NA,NA,NA,NA,NA,NA,,NA
EM,2000DE_088,Clupea harengus,NS,NA,33,,,2,1,,NA,NA,,NA,NA,NA,NA,NA,NA,NA,NA,NA,NA,NA,NULL,NA,NA,NA,NA,NA,NA,NA,NA,NA,NA,NA,NA,NA,,NA,NA,NA,NA,NA,NA,NA,NA,NA,NA,NA,,NA
EM,2000DE_088,Clupea harengus,NS,NA,34,,,1,1,,NA,NA,,NA,NA,NA,NA,NA,NA,NA,NA,NA,NA,NA,NULL,NA,NA,NA,NA,NA,NA,NA,NA,NA,NA,NA,NA,NA,,NA,NA,NA,NA,NA,NA,NA,NA,NA,NA,NA,,NA
EM,2000DE_088,Clupea harengus,NS,NA,35,,,2,1,,NA,NA,,NA,NA,NA,NA,NA,NA,NA,NA,NA,NA,NA,NULL,NA,NA,NA,NA,NA,NA,NA,NA,NA,NA,NA,NA,NA,,NA,NA,NA,NA,NA,NA,NA,NA,NA,NA,NA,,NA
EM,2000DE_089,Clupea harengus,NS,NA,28,,,1,1,,NA,NA,,NA,NA,NA,NA,NA,NA,NA,NA,NA,NA,NA,NULL,NA,NA,NA,NA,NA,NA,NA,NA,NA,NA,NA,NA,NA,,NA,NA,NA,NA,NA,NA,NA,NA,NA,NA,NA,,NA
EM,2000DE_089,Clupea harengus,NS,NA,34,,,2,1,,NA,NA,,NA,NA,NA,NA,NA,NA,NA,NA,NA,NA,NA,NULL,NA,NA,NA,NA,NA,NA,NA,NA,NA,NA,NA,NA,NA,,NA,NA,NA,NA,NA,NA,NA,NA,NA,NA,NA,,NA
EM,2000DE_089,Clupea harengus,NS,NA,35,,,1,1,,NA,NA,,NA,NA,NA,NA,NA,NA,NA,NA,NA,NA,NA,NULL,NA,NA,NA,NA,NA,NA,NA,NA,NA,NA,NA,NA,NA,,NA,NA,NA,NA,NA,NA,NA,NA,NA,NA,NA,,NA
EM,2000DE_090,Clupea harengus,NS,NA,26,,,2,1,,NA,NA,,NA,NA,NA,NA,NA,NA,NA,NA,NA,NA,NA,NULL,NA,NA,NA,NA,NA,NA,NA,NA,NA,NA,NA,NA,NA,,NA,NA,NA,NA,NA,NA,NA,NA,NA,NA,NA,,NA
EM,2000DE_090,Clupea harengus,NS,NA,31,,,1,1,,NA,NA,,NA,NA,NA,NA,NA,NA,NA,NA,NA,NA,NA,NULL,NA,NA,NA,NA,NA,NA,NA,NA,NA,NA,NA,NA,NA,,NA,NA,NA,NA,NA,NA,NA,NA,NA,NA,NA,,NA
EM,2000DE_090,Clupea harengus,NS,NA,33,,,1,1,,NA,NA,,NA,NA,NA,NA,NA,NA,NA,NA,NA,NA,NA,NULL,NA,NA,NA,NA,NA,NA,NA,NA,NA,NA,NA,NA,NA,,NA,NA,NA,NA,NA,NA,NA,NA,NA,NA,NA,,NA
EM,2000DE_090,Clupea harengus,NS,NA,34,,,3,1,,NA,NA,,NA,NA,NA,NA,NA,NA,NA,NA,NA,NA,NA,NULL,NA,NA,NA,NA,NA,NA,NA,NA,NA,NA,NA,NA,NA,,NA,NA,NA,NA,NA,NA,NA,NA,NA,NA,NA,,NA
EM,2000DE_090,Clupea harengus,NS,NA,36,,,5,1,,NA,NA,,NA,NA,NA,NA,NA,NA,NA,NA,NA,NA,NA,NULL,NA,NA,NA,NA,NA,NA,NA,NA,NA,NA,NA,NA,NA,,NA,NA,NA,NA,NA,NA,NA,NA,NA,NA,NA,,NA
EM,2000DE_090,Clupea harengus,NS,NA,37,,,1,1,,NA,NA,,NA,NA,NA,NA,NA,NA,NA,NA,NA,NA,NA,NULL,NA,NA,NA,NA,NA,NA,NA,NA,NA,NA,NA,NA,NA,,NA,NA,NA,NA,NA,NA,NA,NA,NA,NA,NA,,NA
EM,2000DE_090,Clupea harengus,NS,NA,38,,,1,1,,NA,NA,,NA,NA,NA,NA,NA,NA,NA,NA,NA,NA,NA,NULL,NA,NA,NA,NA,NA,NA,NA,NA,NA,NA,NA,NA,NA,,NA,NA,NA,NA,NA,NA,NA,NA,NA,NA,NA,,NA
EM,2000DE_090,Clupea harengus,NS,NA,39,,,1,1,,NA,NA,,NA,NA,NA,NA,NA,NA,NA,NA,NA,NA,NA,NULL,NA,NA,NA,NA,NA,NA,NA,NA,NA,NA,NA,NA,NA,,NA,NA,NA,NA,NA,NA,NA,NA,NA,NA,NA,,NA
EM,2000DE_091,Clupea harengus,NS,NA,32,,,1,1,,NA,NA,,NA,NA,NA,NA,NA,NA,NA,NA,NA,NA,NA,NULL,NA,NA,NA,NA,NA,NA,NA,NA,NA,NA,NA,NA,NA,,NA,NA,NA,NA,NA,NA,NA,NA,NA,NA,NA,,NA
EM,2000DE_091,Clupea harengus,NS,NA,33,,,1,1,,NA,NA,,NA,NA,NA,NA,NA,NA,NA,NA,NA,NA,NA,NULL,NA,NA,NA,NA,NA,NA,NA,NA,NA,NA,NA,NA,NA,,NA,NA,NA,NA,NA,NA,NA,NA,NA,NA,NA,,NA
EM,2000DE_091,Clupea harengus,NS,NA,35,,,3,1,,NA,NA,,NA,NA,NA,NA,NA,NA,NA,NA,NA,NA,NA,NULL,NA,NA,NA,NA,NA,NA,NA,NA,NA,NA,NA,NA,NA,,NA,NA,NA,NA,NA,NA,NA,NA,NA,NA,NA,,NA
EM,2000DE_091,Clupea harengus,NS,NA,36,,,2,1,,NA,NA,,NA,NA,NA,NA,NA,NA,NA,NA,NA,NA,NA,NULL,NA,NA,NA,NA,NA,NA,NA,NA,NA,NA,NA,NA,NA,,NA,NA,NA,NA,NA,NA,NA,NA,NA,NA,NA,,NA
EM,2000DE_091,Clupea harengus,NS,NA,37,,,1,1,,NA,NA,,NA,NA,NA,NA,NA,NA,NA,NA,NA,NA,NA,NULL,NA,NA,NA,NA,NA,NA,NA,NA,NA,NA,NA,NA,NA,,NA,NA,NA,NA,NA,NA,NA,NA,NA,NA,NA,,NA
EM,2000DE_092,Clupea harengus,NS,NA,30,,,1,1,,NA,NA,,NA,NA,NA,NA,NA,NA,NA,NA,NA,NA,NA,NULL,NA,NA,NA,NA,NA,NA,NA,NA,NA,NA,NA,NA,NA,,NA,NA,NA,NA,NA,NA,NA,NA,NA,NA,NA,,NA
EM,2000DE_092,Clupea harengus,NS,NA,34,,,3,1,,NA,NA,,NA,NA,NA,NA,NA,NA,NA,NA,NA,NA,NA,NULL,NA,NA,NA,NA,NA,NA,NA,NA,NA,NA,NA,NA,NA,,NA,NA,NA,NA,NA,NA,NA,NA,NA,NA,NA,,NA
EM,2000DE_092,Clupea harengus,NS,NA,35,,,5,1,,NA,NA,,NA,NA,NA,NA,NA,NA,NA,NA,NA,NA,NA,NULL,NA,NA,NA,NA,NA,NA,NA,NA,NA,NA,NA,NA,NA,,NA,NA,NA,NA,NA,NA,NA,NA,NA,NA,NA,,NA
EM,2000DE_092,Clupea harengus,NS,NA,36,,,3,1,,NA,NA,,NA,NA,NA,NA,NA,NA,NA,NA,NA,NA,NA,NULL,NA,NA,NA,NA,NA,NA,NA,NA,NA,NA,NA,NA,NA,,NA,NA,NA,NA,NA,NA,NA,NA,NA,NA,NA,,NA
EM,2000DE_092,Clupea harengus,NS,NA,37,,,6,1,,NA,NA,,NA,NA,NA,NA,NA,NA,NA,NA,NA,NA,NA,NULL,NA,NA,NA,NA,NA,NA,NA,NA,NA,NA,NA,NA,NA,,NA,NA,NA,NA,NA,NA,NA,NA,NA,NA,NA,,NA
EM,2000DE_092,Clupea harengus,NS,NA,38,,,3,1,,NA,NA,,NA,NA,NA,NA,NA,NA,NA,NA,NA,NA,NA,NULL,NA,NA,NA,NA,NA,NA,NA,NA,NA,NA,NA,NA,NA,,NA,NA,NA,NA,NA,NA,NA,NA,NA,NA,NA,,NA
EM,2000DE_092,Clupea harengus,NS,NA,39,,,2,1,,NA,NA,,NA,NA,NA,NA,NA,NA,NA,NA,NA,NA,NA,NULL,NA,NA,NA,NA,NA,NA,NA,NA,NA,NA,NA,NA,NA,,NA,NA,NA,NA,NA,NA,NA,NA,NA,NA,NA,,NA
EM,2000DE_092,Clupea harengus,NS,NA,40,,,2,1,,NA,NA,,NA,NA,NA,NA,NA,NA,NA,NA,NA,NA,NA,NULL,NA,NA,NA,NA,NA,NA,NA,NA,NA,NA,NA,NA,NA,,NA,NA,NA,NA,NA,NA,NA,NA,NA,NA,NA,,NA
EM,2000DE_093,Clupea harengus,NS,NA,31,,,1,1,,NA,NA,,NA,NA,NA,NA,NA,NA,NA,NA,NA,NA,NA,NULL,NA,NA,NA,NA,NA,NA,NA,NA,NA,NA,NA,NA,NA,,NA,NA,NA,NA,NA,NA,NA,NA,NA,NA,NA,,NA
EM,2000DE_093,Clupea harengus,NS,NA,36,,,1,1,,NA,NA,,NA,NA,NA,NA,NA,NA,NA,NA,NA,NA,NA,NULL,NA,NA,NA,NA,NA,NA,NA,NA,NA,NA,NA,NA,NA,,NA,NA,NA,NA,NA,NA,NA,NA,NA,NA,NA,,NA
EM,2000DE_093,Clupea harengus,NS,NA,39,,,1,1,,NA,NA,,NA,NA,NA,NA,NA,NA,NA,NA,NA,NA,NA,NULL,NA,NA,NA,NA,NA,NA,NA,NA,NA,NA,NA,NA,NA,,NA,NA,NA,NA,NA,NA,NA,NA,NA,NA,NA,,NA
EM,2000DE_094,Clupea harengus,NS,NA,29,,,1,1,,NA,NA,,NA,NA,NA,NA,NA,NA,NA,NA,NA,NA,NA,NULL,NA,NA,NA,NA,NA,NA,NA,NA,NA,NA,NA,NA,NA,,NA,NA,NA,NA,NA,NA,NA,NA,NA,NA,NA,,NA
EM,2000DE_094,Clupea harengus,NS,NA,31,,,1,1,,NA,NA,,NA,NA,NA,NA,NA,NA,NA,NA,NA,NA,NA,NULL,NA,NA,NA,NA,NA,NA,NA,NA,NA,NA,NA,NA,NA,,NA,NA,NA,NA,NA,NA,NA,NA,NA,NA,NA,,NA
EM,2000DE_094,Clupea harengus,NS,NA,32,,,1,1,,NA,NA,,NA,NA,NA,NA,NA,NA,NA,NA,NA,NA,NA,NULL,NA,NA,NA,NA,NA,NA,NA,NA,NA,NA,NA,NA,NA,,NA,NA,NA,NA,NA,NA,NA,NA,NA,NA,NA,,NA
EM,2000DE_094,Clupea harengus,NS,NA,35,,,1,1,,NA,NA,,NA,NA,NA,NA,NA,NA,NA,NA,NA,NA,NA,NULL,NA,NA,NA,NA,NA,NA,NA,NA,NA,NA,NA,NA,NA,,NA,NA,NA,NA,NA,NA,NA,NA,NA,NA,NA,,NA
EM,2000DE_094,Clupea harengus,NS,NA,37,,,1,1,,NA,NA,,NA,NA,NA,NA,NA,NA,NA,NA,NA,NA,NA,NULL,NA,NA,NA,NA,NA,NA,NA,NA,NA,NA,NA,NA,NA,,NA,NA,NA,NA,NA,NA,NA,NA,NA,NA,NA,,NA
EM,2000DE_094,Clupea harengus,NS,NA,38,,,1,1,,NA,NA,,NA,NA,NA,NA,NA,NA,NA,NA,NA,NA,NA,NULL,NA,NA,NA,NA,NA,NA,NA,NA,NA,NA,NA,NA,NA,,NA,NA,NA,NA,NA,NA,NA,NA,NA,NA,NA,,NA
EM,2000DE_094,Clupea harengus,NS,NA,39,,,1,1,,NA,NA,,NA,NA,NA,NA,NA,NA,NA,NA,NA,NA,NA,NULL,NA,NA,NA,NA,NA,NA,NA,NA,NA,NA,NA,NA,NA,,NA,NA,NA,NA,NA,NA,NA,NA,NA,NA,NA,,NA
EM,2000DE_094,Clupea harengus,NS,NA,41,,,3,1,,NA,NA,,NA,NA,NA,NA,NA,NA,NA,NA,NA,NA,NA,NULL,NA,NA,NA,NA,NA,NA,NA,NA,NA,NA,NA,NA,NA,,NA,NA,NA,NA,NA,NA,NA,NA,NA,NA,NA,,NA
EM,2000DE_094,Clupea harengus,NS,NA,42,,,2,1,,NA,NA,,NA,NA,NA,NA,NA,NA,NA,NA,NA,NA,NA,NULL,NA,NA,NA,NA,NA,NA,NA,NA,NA,NA,NA,NA,NA,,NA,NA,NA,NA,NA,NA,NA,NA,NA,NA,NA,,NA
EM,2000DE_095,Clupea harengus,NS,NA,36,,,1,1,,NA,NA,,NA,NA,NA,NA,NA,NA,NA,NA,NA,NA,NA,NULL,NA,NA,NA,NA,NA,NA,NA,NA,NA,NA,NA,NA,NA,,NA,NA,NA,NA,NA,NA,NA,NA,NA,NA,NA,,NA
EM,2000DE_095,Clupea harengus,NS,NA,37,,,8,1,,NA,NA,,NA,NA,NA,NA,NA,NA,NA,NA,NA,NA,NA,NULL,NA,NA,NA,NA,NA,NA,NA,NA,NA,NA,NA,NA,NA,,NA,NA,NA,NA,NA,NA,NA,NA,NA,NA,NA,,NA
EM,2000DE_095,Clupea harengus,NS,NA,38,,,3,1,,NA,NA,,NA,NA,NA,NA,NA,NA,NA,NA,NA,NA,NA,NULL,NA,NA,NA,NA,NA,NA,NA,NA,NA,NA,NA,NA,NA,,NA,NA,NA,NA,NA,NA,NA,NA,NA,NA,NA,,NA
EM,2000DE_095,Clupea harengus,NS,NA,39,,,3,1,,NA,NA,,NA,NA,NA,NA,NA,NA,NA,NA,NA,NA,NA,NULL,NA,NA,NA,NA,NA,NA,NA,NA,NA,NA,NA,NA,NA,,NA,NA,NA,NA,NA,NA,NA,NA,NA,NA,NA,,NA
EM,2000DE_095,Clupea harengus,NS,NA,40,,,2,1,,NA,NA,,NA,NA,NA,NA,NA,NA,NA,NA,NA,NA,NA,NULL,NA,NA,NA,NA,NA,NA,NA,NA,NA,NA,NA,NA,NA,,NA,NA,NA,NA,NA,NA,NA,NA,NA,NA,NA,,NA
EM,2000DE_095,Clupea harengus,NS,NA,42,,,1,1,,NA,NA,,NA,NA,NA,NA,NA,NA,NA,NA,NA,NA,NA,NULL,NA,NA,NA,NA,NA,NA,NA,NA,NA,NA,NA,NA,NA,,NA,NA,NA,NA,NA,NA,NA,NA,NA,NA,NA,,NA
EM,2000DE_096,Clupea harengus,NS,NA,36,,,1,1,,NA,NA,,NA,NA,NA,NA,NA,NA,NA,NA,NA,NA,NA,NULL,NA,NA,NA,NA,NA,NA,NA,NA,NA,NA,NA,NA,NA,,NA,NA,NA,NA,NA,NA,NA,NA,NA,NA,NA,,NA
EM,2000DE_096,Clupea harengus,NS,NA,37,,,1,1,,NA,NA,,NA,NA,NA,NA,NA,NA,NA,NA,NA,NA,NA,NULL,NA,NA,NA,NA,NA,NA,NA,NA,NA,NA,NA,NA,NA,,NA,NA,NA,NA,NA,NA,NA,NA,NA,NA,NA,,NA
EM,2000DE_096,Clupea harengus,NS,NA,38,,,1,1,,NA,NA,,NA,NA,NA,NA,NA,NA,NA,NA,NA,NA,NA,NULL,NA,NA,NA,NA,NA,NA,NA,NA,NA,NA,NA,NA,NA,,NA,NA,NA,NA,NA,NA,NA,NA,NA,NA,NA,,NA
EM,2000DE_096,Clupea harengus,NS,NA,39,,,2,1,,NA,NA,,NA,NA,NA,NA,NA,NA,NA,NA,NA,NA,NA,NULL,NA,NA,NA,NA,NA,NA,NA,NA,NA,NA,NA,NA,NA,,NA,NA,NA,NA,NA,NA,NA,NA,NA,NA,NA,,NA
EM,2000DE_097,Clupea harengus,NS,NA,37,,,1,1,,NA,NA,,NA,NA,NA,NA,NA,NA,NA,NA,NA,NA,NA,NULL,NA,NA,NA,NA,NA,NA,NA,NA,NA,NA,NA,NA,NA,,NA,NA,NA,NA,NA,NA,NA,NA,NA,NA,NA,,NA
EM,2000DE_097,Clupea harengus,NS,NA,40,,,1,1,,NA,NA,,NA,NA,NA,NA,NA,NA,NA,NA,NA,NA,NA,NULL,NA,NA,NA,NA,NA,NA,NA,NA,NA,NA,NA,NA,NA,,NA,NA,NA,NA,NA,NA,NA,NA,NA,NA,NA,,NA
